{"type":"FeatureCollection","features":[{"type":"Feature","geometry":{"coordinates":[[[2.344593389828429,48.85404991486193],[2.344592677485043,48.85404923014916],[2.342857446632173,48.85486264772687],[2.3428045766448196,48.85489664611004],[2.3426824823497108,48.85498253193957],[2.3419379402739855,48.85562562856513],[2.3408553901109244,48.85656290768687],[2.340477776676899,48.856772080383216],[2.340381758454646,48.85682499153914],[2.3403656190720796,48.85683388440181],[2.337546764433001,48.85838861196751],[2.3366092431713965,48.85858285572128],[2.3366091994444127,48.85858286447237],[2.332910100566785,48.85934960705813],[2.3299089834359816,48.86013158189447],[2.329904495269685,48.86013325563593],[2.3298561002874694,48.86015037177906],[2.3298153435187388,48.860164851513936],[2.3295236576232226,48.86026806570814],[2.328327173978185,48.8607311794851],[2.3283115325839407,48.860737137125916],[2.3270676399402075,48.86114585105721],[2.3261023245244266,48.861478051202035],[2.3261022547341614,48.86147807239343],[2.3252797303604376,48.86171745026941],[2.3252372011972473,48.86172976720176],[2.3252307880440677,48.86173175997469],[2.3247355940055896,48.861885649731995],[2.320941362031228,48.86304552367218],[2.320902878301042,48.86305738356187],[2.3212898450220165,48.86355350643959],[2.321328201854366,48.86360267999328],[2.321403562857104,48.863699298932744],[2.3214098106670877,48.86370730888046],[2.3215733832826855,48.86391701634045],[2.3224587847820994,48.865052101998124],[2.3225401941569466,48.86516161857279],[2.323326562112993,48.86617657661764],[2.3234451561940515,48.866329640360945],[2.3235709178707706,48.866493051874286],[2.323573439663691,48.86649663023443],[2.3246002986652132,48.866166571304205],[2.3272570919347797,48.865303670185774],[2.33135364996306,48.86399062339921],[2.332086566165275,48.86375315488748],[2.3352779659806173,48.862724194323164],[2.3381155598637733,48.86180368875141],[2.338116038949573,48.86180353041776],[2.3391234602297626,48.861477953391145],[2.3408264324052506,48.860907757804426],[2.343968625741817,48.85989096554373],[2.343970315917439,48.85989042170948],[2.3447858389891056,48.85962571168731],[2.3481654278116526,48.85853400009811],[2.3482198412662614,48.85851642100082],[2.3482077766081897,48.85849492107984],[2.3475648692490743,48.85734922893277],[2.3475186520907547,48.85731218268785],[2.3475183308503924,48.85731204063749],[2.347299087094271,48.85721517201088],[2.347184459413017,48.85716401847529],[2.34718362521412,48.857163480609096],[2.3470526601413435,48.85707904635738],[2.346986271946795,48.85700927305436],[2.346802642113754,48.856707846963815],[2.3461043871560583,48.85558678353783],[2.3459757173664486,48.85541755603879],[2.3459751882346023,48.85541682197291],[2.3459014238213918,48.85531423521184],[2.3458695299048484,48.85527727373598],[2.344593389828429,48.85404991486193]]],"type":"Polygon"},"properties":{"id":"P1","nom":"Saint-Germain-l'Auxerrois","commune":"75056","arr":1,"zone":"Z2","secteur":"1"}},{"type":"Feature","geometry":{"coordinates":[[[2.349365804803004,48.86057567227664],[2.3482198412662614,48.85851642100082],[2.3481654278116526,48.85853400009811],[2.3447858389891056,48.85962571168731],[2.343970315917439,48.85989042170948],[2.343968625741817,48.85989096554373],[2.3408264324052506,48.860907757804426],[2.3391234602297626,48.861477953391145],[2.3394658686027556,48.86213531210706],[2.3391842805811938,48.86221832595803],[2.339577421453743,48.8631569290467],[2.33976893099596,48.86353906865703],[2.339877621563805,48.86375562562657],[2.340266489707454,48.864473042419846],[2.341113042706811,48.86565825415462],[2.3411359368619578,48.86569039506826],[2.3411364859870667,48.86569116793039],[2.341160342311498,48.86572677841122],[2.3411779635096606,48.86574923941881],[2.341178272047326,48.86574963413087],[2.341204510696185,48.865743681005995],[2.3412684908942687,48.86572828743748],[2.341271025918996,48.86572767814414],[2.3451016537970815,48.86480919885167],[2.3466754530397353,48.864431065732944],[2.346676032763327,48.864430925901665],[2.3509491052077194,48.86340592951678],[2.3509476384808465,48.863403305365416],[2.3502146445075898,48.86209499952912],[2.3501560417567346,48.86199119077518],[2.3494539658705613,48.860732758650634],[2.349365804803004,48.86057567227664]]],"type":"Polygon"},"properties":{"id":"P2","nom":"Halles","commune":"75056","arr":1,"zone":"Z5","secteur":"1"}},{"type":"Feature","geometry":{"coordinates":[[[2.3394658686027556,48.86213531210706],[2.3391234602297626,48.861477953391145],[2.338116038949573,48.86180353041776],[2.3381155598637733,48.86180368875141],[2.3352779659806173,48.862724194323164],[2.332086566165275,48.86375315488748],[2.33135364996306,48.86399062339921],[2.3319449693932337,48.86491285292422],[2.3324399883917377,48.865682060196484],[2.3324411874223223,48.86568391234161],[2.3330388392579473,48.866574614842584],[2.3332397479081335,48.866823545113135],[2.3336716570137876,48.86751068606155],[2.3336753213001957,48.867516125009374],[2.3358690540574156,48.866996626507536],[2.3358696912382433,48.86699647535599],[2.3373719690556594,48.86664907529388],[2.341083555178273,48.865772017219456],[2.341178272047326,48.86574963413087],[2.3411779635096606,48.86574923941881],[2.341160342311498,48.86572677841122],[2.3411364859870667,48.86569116793039],[2.3411359368619578,48.86569039506826],[2.341113042706811,48.86565825415462],[2.340266489707454,48.864473042419846],[2.339877621563805,48.86375562562657],[2.33976893099596,48.86353906865703],[2.339577421453743,48.8631569290467],[2.3391842805811938,48.86221832595803],[2.3394658686027556,48.86213531210706]]],"type":"Polygon"},"properties":{"id":"P3","nom":"Palais-Royal","commune":"75056","arr":1,"zone":"Z2","secteur":"1"}},{"type":"Feature","geometry":{"coordinates":[[[2.3319449693932337,48.86491285292422],[2.33135364996306,48.86399062339921],[2.3272570919347797,48.865303670185774],[2.3246002986652132,48.866166571304205],[2.323573439663691,48.86649663023443],[2.3235340500814465,48.866509863622525],[2.3245853842896813,48.86793289758462],[2.3245865880577212,48.86793457715855],[2.324673957331719,48.86805646908108],[2.3250311656055564,48.86858505189085],[2.3253195856388347,48.86901183832589],[2.3251591761416863,48.86944886573461],[2.3252149389933834,48.86945815736427],[2.325255477065703,48.86946490613591],[2.325466593331571,48.869500067870874],[2.325506885188756,48.86950678009485],[2.3256870635565208,48.8695367892277],[2.325836254471965,48.86956219698903],[2.325841283421675,48.86956305270996],[2.32799095019138,48.86992896784402],[2.3280068997460486,48.869917727471524],[2.328007327675641,48.86991742139949],[2.329965588675004,48.86851417007354],[2.3303067953093146,48.868356192573934],[2.330656733960091,48.86819218066117],[2.3317256293483606,48.86795490259038],[2.3317260121447965,48.8679548174913],[2.3336753213001957,48.867516125009374],[2.3336716570137876,48.86751068606155],[2.3332397479081335,48.866823545113135],[2.3330388392579473,48.866574614842584],[2.3324411874223223,48.86568391234161],[2.3324399883917377,48.865682060196484],[2.3319449693932337,48.86491285292422]]],"type":"Polygon"},"properties":{"id":"P4","nom":"Place-Vendôme","commune":"75056","arr":1,"zone":"Z2","secteur":"1"}},{"type":"Feature","geometry":{"coordinates":[[[2.3363202123059486,48.8679713890312],[2.3358690540574156,48.866996626507536],[2.3336753213001957,48.867516125009374],[2.3317260121447965,48.8679548174913],[2.3317256293483606,48.86795490259038],[2.330656733960091,48.86819218066117],[2.3303067953093146,48.868356192573934],[2.329965588675004,48.86851417007354],[2.328007327675641,48.86991742139949],[2.3298403402466246,48.870231962997195],[2.332082346211126,48.870616598401035],[2.3341504456549687,48.870970071994925],[2.337008698050244,48.871458582754045],[2.3367793094097586,48.869536432184596],[2.336689028688577,48.868839652910125],[2.336343695711649,48.86802197061224],[2.3363202123059486,48.8679713890312]]],"type":"Polygon"},"properties":{"id":"P5","nom":"Gaillon","commune":"75056","arr":2,"zone":"Z2","secteur":"1"}},{"type":"Feature","geometry":{"coordinates":[[[2.341232901135718,48.865802349546314],[2.341178272047326,48.86574963413087],[2.341083555178273,48.865772017219456],[2.3373719690556594,48.86664907529388],[2.3358696912382433,48.86699647535599],[2.3358690540574156,48.866996626507536],[2.3363202123059486,48.8679713890312],[2.336343695711649,48.86802197061224],[2.336689028688577,48.868839652910125],[2.3367793094097586,48.869536432184596],[2.337008698050244,48.871458582754045],[2.337096349517334,48.8714745917308],[2.3397355588836675,48.87192782312047],[2.3398980936088116,48.87195573303286],[2.34004423190851,48.871980826423716],[2.3430689342081,48.87148887471402],[2.3425902359767874,48.87012074092336],[2.3419120665080784,48.8686261079171],[2.3418856220512705,48.86846297288634],[2.3415218584298056,48.86758889376493],[2.3410213591224776,48.866381190252646],[2.341288750316056,48.86628327385396],[2.3414895478495192,48.86605377611661],[2.341232901135718,48.865802349546314]]],"type":"Polygon"},"properties":{"id":"P6","nom":"Vivienne","commune":"75056","arr":2,"zone":"Z4","secteur":"1"}},{"type":"Feature","geometry":{"coordinates":[[[2.34683856182455,48.86490988330436],[2.3466754530397353,48.864431065732944],[2.3451016537970815,48.86480919885167],[2.341271025918996,48.86572767814414],[2.3412684908942687,48.86572828743748],[2.341204510696185,48.865743681005995],[2.341178272047326,48.86574963413087],[2.341232901135718,48.865802349546314],[2.3414895478495192,48.86605377611661],[2.341288750316056,48.86628327385396],[2.3410213591224776,48.866381190252646],[2.3415218584298056,48.86758889376493],[2.3418856220512705,48.86846297288634],[2.3419120665080784,48.8686261079171],[2.3425902359767874,48.87012074092336],[2.3430689342081,48.87148887471402],[2.347880282483183,48.870704148509446],[2.3478870044339017,48.87026980107006],[2.347875071659924,48.86994561550211],[2.347745736726978,48.868801837302286],[2.3477106439321638,48.8685480676492],[2.3473664279821786,48.86783510384115],[2.347358130750191,48.8675513834524],[2.3473201743072996,48.86727636068336],[2.347160152949944,48.86634911662777],[2.347001813316019,48.865563189321826],[2.34683856182455,48.86490988330436]]],"type":"Polygon"},"properties":{"id":"P7","nom":"Mail","commune":"75056","arr":2,"zone":"Z4","secteur":"1"}},{"type":"Feature","geometry":{"coordinates":[[[2.3515184836708216,48.86442580507409],[2.3509491052077194,48.86340592951678],[2.346676032763327,48.864430925901665],[2.3466754530397353,48.864431065732944],[2.34683856182455,48.86490988330436],[2.347001813316019,48.865563189321826],[2.347160152949944,48.86634911662777],[2.3473201743072996,48.86727636068336],[2.347358130750191,48.8675513834524],[2.3473664279821786,48.86783510384115],[2.3477106439321638,48.8685480676492],[2.347745736726978,48.868801837302286],[2.347875071659924,48.86994561550211],[2.3478870044339017,48.87026980107006],[2.347880282483183,48.870704148509446],[2.350960685459888,48.870049489907146],[2.352631014364641,48.86969449879282],[2.3542605804166112,48.86933005072561],[2.352975454399392,48.8670320600914],[2.352530424429956,48.86623249019907],[2.3519744023156557,48.86523967487864],[2.3515184836708216,48.86442580507409]]],"type":"Polygon"},"properties":{"id":"P8","nom":"Bonne-Nouvelle","commune":"75056","arr":2,"zone":"Z4","secteur":"1"}},{"type":"Feature","geometry":{"coordinates":[[[2.3602099795474456,48.86519024025306],[2.359761463915734,48.86475463241964],[2.3596588080971803,48.86469520766889],[2.359536635370187,48.864625003171234],[2.3593352151122766,48.86442913978287],[2.3588510511819467,48.864001734507674],[2.3584034898810122,48.86354959975191],[2.358265473420908,48.86336590690384],[2.358240134399945,48.8633754407877],[2.3574376829676376,48.86361731637588],[2.3567261423968464,48.8638400155706],[2.355691280788852,48.86412106004765],[2.355141112854686,48.86427931433547],[2.3532697157937505,48.864823033599286],[2.3515184836708216,48.86442580507409],[2.3519744023156557,48.86523967487864],[2.352530424429956,48.86623249019907],[2.352975454399392,48.8670320600914],[2.3542605804166112,48.86933005072561],[2.355851251413281,48.868964952965634],[2.3561222360553074,48.86890277457216],[2.3563763046267763,48.86885263850907],[2.3572766098704165,48.868711833543365],[2.3590120670016783,48.868455386706195],[2.3596612902414513,48.86836164123579],[2.362346352537287,48.86797347882326],[2.362609137864379,48.86793726360685],[2.362835821366177,48.867904657146255],[2.362950441094721,48.8678881815884],[2.3630971130566474,48.86786700925167],[2.3631910203476054,48.86785349899083],[2.363264895211807,48.867842872396096],[2.363341067763255,48.86779437773356],[2.363420512806497,48.867747147812366],[2.3635867639910213,48.86764810073832],[2.3636957795069695,48.86758323709328],[2.3637489733795176,48.86755155729216],[2.3637501529723948,48.86755085398254],[2.3637609199647,48.86754446653909],[2.363766907584724,48.867540864130106],[2.363828096062926,48.86750443060333],[2.363756384474726,48.86747594230473],[2.3637333341396713,48.86746676969912],[2.3637207856541913,48.86746175571381],[2.36372052653855,48.867461652710745],[2.363675390910079,48.86744376587956],[2.363140412538468,48.86723126148254],[2.362593699815885,48.8670140902065],[2.3618852610501615,48.86673267129663],[2.3618322834583485,48.86670705706369],[2.3617858668085447,48.86668134468954],[2.36173493401329,48.86664895128243],[2.3616910168820864,48.86661673016978],[2.3616582308155083,48.866589469822436],[2.360423521765137,48.86539765229355],[2.3602099795474456,48.86519024025306]]],"type":"Polygon"},"properties":{"id":"P9","nom":"Arts-et-Métiers","commune":"75056","arr":3,"zone":"Z4","secteur":"2"}},{"type":"Feature","geometry":{"coordinates":[[[2.3671013412545516,48.86162755885409],[2.367265176116383,48.860949194138136],[2.3635609686069685,48.861470273050976],[2.3612252790649033,48.861795422670966],[2.359812353799637,48.862601603581574],[2.358758689067378,48.86315994208899],[2.3583767908692175,48.86333154441161],[2.358265473420908,48.86336590690384],[2.3584034898810122,48.86354959975191],[2.3588510511819467,48.864001734507674],[2.3593352151122766,48.86442913978287],[2.359536635370187,48.864625003171234],[2.3596588080971803,48.86469520766889],[2.359761463915734,48.86475463241964],[2.3602099795474456,48.86519024025306],[2.360423521765137,48.86539765229355],[2.3616582308155083,48.866589469822436],[2.3616910168820864,48.86661673016978],[2.36173493401329,48.86664895128243],[2.3617858668085447,48.86668134468954],[2.3618322834583485,48.86670705706369],[2.3618852610501615,48.86673267129663],[2.362593699815885,48.8670140902065],[2.363140412538468,48.86723126148254],[2.363675390910079,48.86744376587956],[2.36372052653855,48.867461652710745],[2.3637207856541913,48.86746175571381],[2.3637333341396713,48.86746676969912],[2.363756384474726,48.86747594230473],[2.363828096062926,48.86750443060333],[2.3638892830924907,48.86746799703685],[2.363895270694849,48.86746439462117],[2.3639060376405094,48.86745800806346],[2.3639062642252426,48.86745787256779],[2.3639604108556003,48.86742562395425],[2.3640508870402908,48.86737182228134],[2.3641362022010264,48.867320901589565],[2.3641961506834086,48.86728527608571],[2.3642310460574048,48.86726450499854],[2.3642488892099323,48.8672538841255],[2.364262374754116,48.86723148751011],[2.364317526957069,48.86713992171009],[2.364378811267048,48.867038027129794],[2.3643788544343414,48.867037952713716],[2.3644377092727,48.8669401929566],[2.3644377815917994,48.866940075526855],[2.3644537130704393,48.8669137257761],[2.364489529566737,48.86685418438254],[2.3644992152061333,48.86683808363361],[2.364499503250019,48.86683760311589],[2.364517177005649,48.86680822193109],[2.3645445478528977,48.86676280300425],[2.3646745221394467,48.86654659783673],[2.364735520430764,48.86644512689709],[2.3647512252848504,48.86641900342722],[2.3654058915530864,48.865329956101675],[2.365799838850082,48.864672217833366],[2.3658354929486687,48.86461277399999],[2.3658359312425987,48.864612042458205],[2.3667030510352505,48.86316992059441],[2.366717752493785,48.8631391616644],[2.3667351798170353,48.86310013059486],[2.366751514006774,48.8630601943929],[2.3667653866676543,48.86301900406743],[2.366901092931891,48.862457012767365],[2.3671013412545516,48.86162755885409]]],"type":"Polygon"},"properties":{"id":"P10","nom":"Enfants-Rouges","commune":"75056","arr":3,"zone":"Z4","secteur":"2"}},{"type":"Feature","geometry":{"coordinates":[[[2.3684797205288945,48.855830810456254],[2.3685123713934337,48.855734128136696],[2.364450233540218,48.856409029376046],[2.3643044356735534,48.85645519650375],[2.362831467145264,48.85690401549028],[2.36175131716939,48.857251377177676],[2.3606951933496645,48.85769153091777],[2.3593718739388545,48.85832345591014],[2.3593175211347863,48.85835638148136],[2.358807950235696,48.858695871575335],[2.358354799390411,48.85902184886708],[2.356903330605401,48.86006582105499],[2.3582176804342043,48.86122492296987],[2.359812353799637,48.862601603581574],[2.3612252790649033,48.861795422670966],[2.3635609686069685,48.861470273050976],[2.367265176116383,48.860949194138136],[2.367465689617645,48.86009986078619],[2.3676197000517645,48.85945764510326],[2.36806857045761,48.857586670498634],[2.368227316702227,48.85692403905225],[2.368227736005118,48.85692228033982],[2.3684797205288945,48.855830810456254]]],"type":"Polygon"},"properties":{"id":"P11","nom":"Archives","commune":"75056","arr":3,"zone":"Z4","secteur":"2"}},{"type":"Feature","geometry":{"coordinates":[[[2.3582176804342043,48.86122492296987],[2.356903330605401,48.86006582105499],[2.3568623149031427,48.86008003786548],[2.3534728461757988,48.861217631956],[2.3533407894147262,48.86127277601415],[2.3516524802065986,48.861650533248856],[2.3501560417567346,48.86199119077518],[2.3502146445075898,48.86209499952912],[2.3509476384808465,48.863403305365416],[2.3509491052077194,48.86340592951678],[2.3515184836708216,48.86442580507409],[2.3532697157937505,48.864823033599286],[2.355141112854686,48.86427931433547],[2.355691280788852,48.86412106004765],[2.3567261423968464,48.8638400155706],[2.3574376829676376,48.86361731637588],[2.358240134399945,48.8633754407877],[2.358265473420908,48.86336590690384],[2.3583767908692175,48.86333154441161],[2.358758689067378,48.86315994208899],[2.359812353799637,48.862601603581574],[2.3582176804342043,48.86122492296987]]],"type":"Polygon"},"properties":{"id":"P12","nom":"Sainte-Avoie","commune":"75056","arr":3,"zone":"Z4","secteur":"2"}},{"type":"Feature","geometry":{"coordinates":[[[2.3526234859621056,48.854907840851844],[2.3524918001293256,48.8546671891465],[2.349907042285721,48.855764998706405],[2.3486754378324486,48.85614813617894],[2.346802642113754,48.856707846963815],[2.346986271946795,48.85700927305436],[2.3470526601413435,48.85707904635738],[2.34718362521412,48.857163480609096],[2.347184459413017,48.85716401847529],[2.347299087094271,48.85721517201088],[2.3475183308503924,48.85731204063749],[2.3475186520907547,48.85731218268785],[2.3475648692490743,48.85734922893277],[2.3482077766081897,48.85849492107984],[2.3482198412662614,48.85851642100082],[2.349365804803004,48.86057567227664],[2.3494539658705613,48.860732758650634],[2.3501560417567346,48.86199119077518],[2.3516524802065986,48.861650533248856],[2.3533407894147262,48.86127277601415],[2.3534728461757988,48.861217631956],[2.3568623149031427,48.86008003786548],[2.355267534586419,48.85850387551149],[2.354180412373934,48.857450196189],[2.3539490198418056,48.85702315056237],[2.353700524355315,48.856873042591765],[2.3531917282767467,48.85594621909674],[2.3528294260648015,48.855284234798745],[2.352808623393481,48.855246222685565],[2.3527680548989465,48.85517209628943],[2.3527396905238245,48.85512029755774],[2.352727691107179,48.855098176933005],[2.3526964672103943,48.855041352426866],[2.352687584550514,48.855025062969965],[2.3526735636534646,48.854999351080096],[2.3526252930076668,48.85491114315785],[2.3526234859621056,48.854907840851844]]],"type":"Polygon"},"properties":{"id":"P13","nom":"Saint-Merri","commune":"75056","arr":4,"zone":"Z2","secteur":"2"}},{"type":"Feature","geometry":{"coordinates":[[[2.363764600226478,48.85567631653907],[2.362943227288887,48.854564075063166],[2.3627305359637285,48.85464370609155],[2.362357622059244,48.854249376251914],[2.36205353718769,48.853867700816515],[2.3618735433540605,48.853651010638785],[2.361726689695895,48.85348908494308],[2.3615417092238484,48.85335325088634],[2.360977187253213,48.85281929608572],[2.3604382409614555,48.85237924254592],[2.3602766465431775,48.85243514409714],[2.3602270277838073,48.85237718704965],[2.360193766250167,48.8523377191249],[2.360176445023356,48.85231739193982],[2.3601731682646316,48.85231344064373],[2.3601273649701056,48.852259310016045],[2.3601138637666415,48.85224331115434],[2.3601065937443773,48.85223382905802],[2.3603490792708657,48.852147703017515],[2.3603115234710534,48.852102803444744],[2.3603003510967375,48.85208904115508],[2.3602689808620014,48.852050383777076],[2.360044153510673,48.85177399168968],[2.359698927391312,48.85192653958486],[2.358732600688643,48.852303199672505],[2.357343071273238,48.852772506413245],[2.355292811984984,48.853471894334106],[2.3524918001293256,48.8546671891465],[2.3526234859621056,48.854907840851844],[2.3526252930076668,48.85491114315785],[2.3526735636534646,48.854999351080096],[2.352687584550514,48.855025062969965],[2.3526964672103943,48.855041352426866],[2.352727691107179,48.855098176933005],[2.3527396905238245,48.85512029755774],[2.3527680548989465,48.85517209628943],[2.352808623393481,48.855246222685565],[2.3528294260648015,48.855284234798745],[2.3531917282767467,48.85594621909674],[2.353700524355315,48.856873042591765],[2.3539490198418056,48.85702315056237],[2.354180412373934,48.857450196189],[2.355267534586419,48.85850387551149],[2.3568623149031427,48.86008003786548],[2.356903330605401,48.86006582105499],[2.358354799390411,48.85902184886708],[2.358807950235696,48.858695871575335],[2.3593175211347863,48.85835638148136],[2.3593718739388545,48.85832345591014],[2.3606951933496645,48.85769153091777],[2.36175131716939,48.857251377177676],[2.362831467145264,48.85690401549028],[2.3643044356735534,48.85645519650375],[2.363764600226478,48.85567631653907]]],"type":"Polygon"},"properties":{"id":"P14","nom":"Saint-Gervais","commune":"75056","arr":4,"zone":"Z4","secteur":"2"}},{"type":"Feature","geometry":{"coordinates":[[[2.3685123713934337,48.855734128136696],[2.3690033196171316,48.85374128812617],[2.369103414954773,48.853311379724474],[2.369105862149444,48.853300725410406],[2.369106875143626,48.85329630234093],[2.3691141164928147,48.85326541359503],[2.3691301040709627,48.85319674240402],[2.3691348780361317,48.85317614812271],[2.36913799648954,48.85316284245765],[2.3691300986839585,48.85314585791724],[2.3691023541680973,48.85308618889083],[2.3690792413310717,48.853036479424006],[2.3690779568619846,48.85303372153183],[2.368872311877347,48.852591065625326],[2.3688098121946015,48.852454753779334],[2.368801897823546,48.85243757935446],[2.368738580824188,48.852300817059785],[2.3686708609648837,48.85215820097479],[2.3686368125286275,48.85208497224599],[2.368613149346414,48.85203407978409],[2.368612358860347,48.8520325098386],[2.3686007452647124,48.852007406959125],[2.3685987147091114,48.85200301819161],[2.3685744257848977,48.85194978769439],[2.3684187554096345,48.85161592826189],[2.368417692817263,48.851613647288055],[2.368385844883155,48.851545345931456],[2.368030923056307,48.85076419677351],[2.3679913854420116,48.85067717774311],[2.367311699670687,48.84918117848834],[2.3673093713550264,48.849175966100894],[2.366519794267493,48.847409720182156],[2.366502596086439,48.84737124454913],[2.3661454444560164,48.84715876924115],[2.3661374908168895,48.84715403605332],[2.3661168551423035,48.84714176021279],[2.365968023757517,48.847053216752684],[2.3659419788289853,48.84703776356267],[2.365694997291027,48.84689087892887],[2.3656856312956727,48.84688530811413],[2.3656822923691783,48.8468833235159],[2.365650419829159,48.84686436873956],[2.365605988329807,48.846837849413795],[2.365561424682993,48.84681133116862],[2.3655482151248313,48.84680347987392],[2.3654854982062776,48.846766201643185],[2.365483449334877,48.84676503420253],[2.3653787776737527,48.84670265355631],[2.365366647494866,48.846695466296076],[2.3644331283557967,48.846140036887],[2.362493498379018,48.847622410312276],[2.361891700773131,48.847992232162945],[2.3615147917944066,48.84823179135271],[2.3613137013391388,48.8485803043779],[2.3610652389937434,48.84902145943201],[2.3608720542527646,48.84935944088687],[2.360832329129081,48.84943553634782],[2.3607532859090905,48.84960384225389],[2.3606852903908155,48.849774227071286],[2.360611143850181,48.850014953542185],[2.36054064735351,48.85031721264492],[2.3605112141647564,48.850489906047365],[2.360505163538156,48.85066379912415],[2.360520537617305,48.85099700780639],[2.3605142365792204,48.85107858968686],[2.3605047552700023,48.85113925445696],[2.360492103649627,48.85119573556763],[2.3604762839409674,48.85125640152609],[2.3604572893652986,48.85130870090048],[2.3604382947516047,48.85136100026934],[2.3604161316008927,48.8514132997834],[2.3603876268594326,48.85146141756767],[2.360359117117704,48.85150116772211],[2.360333776988098,48.851538825827475],[2.360302093704688,48.85157020939268],[2.3602640771430416,48.85161205275447],[2.360213381180391,48.85165599215167],[2.3601538151295296,48.8517054421025],[2.360044153510673,48.85177399168968],[2.3602689808620014,48.852050383777076],[2.3603003510967375,48.85208904115508],[2.3603115234710534,48.852102803444744],[2.3603490792708657,48.852147703017515],[2.3601065937443773,48.85223382905802],[2.3601138637666415,48.85224331115434],[2.3601273649701056,48.852259310016045],[2.3601731682646316,48.85231344064373],[2.360176445023356,48.85231739193982],[2.360193766250167,48.8523377191249],[2.3602270277838073,48.85237718704965],[2.3602766465431775,48.85243514409714],[2.3604382409614555,48.85237924254592],[2.360977187253213,48.85281929608572],[2.3615417092238484,48.85335325088634],[2.361726689695895,48.85348908494308],[2.3618735433540605,48.853651010638785],[2.36205353718769,48.853867700816515],[2.362357622059244,48.854249376251914],[2.3627305359637285,48.85464370609155],[2.362943227288887,48.854564075063166],[2.363764600226478,48.85567631653907],[2.3643044356735534,48.85645519650375],[2.364450233540218,48.856409029376046],[2.3685123713934337,48.855734128136696]]],"type":"Polygon"},"properties":{"id":"P15","nom":"Arsenal","commune":"75056","arr":4,"zone":"Z2","secteur":"2"}},{"type":"Feature","geometry":{"coordinates":[[[2.3613137013391388,48.8485803043779],[2.3615147917944066,48.84823179135271],[2.360799077350111,48.84863203550154],[2.36079803536863,48.848632661283155],[2.359816483687969,48.84918160671118],[2.359692982730296,48.84924384681655],[2.3595689538520626,48.84930521968519],[2.3593508322869043,48.84940355131948],[2.359174817000251,48.84947930400553],[2.358872959772747,48.849594267711716],[2.358545112187656,48.84970856788696],[2.358329849653086,48.84977794201359],[2.358250003838454,48.84980368053229],[2.35814823460726,48.849839214091816],[2.3580565343281443,48.84986603286678],[2.3579975384069685,48.84988502279394],[2.355648509848184,48.850642175534496],[2.3555993182000368,48.85065800907336],[2.3555115668355797,48.850686179106724],[2.3553476681623344,48.85073467436745],[2.353705957159685,48.851220903051335],[2.353185438178182,48.85129993882603],[2.352515571675153,48.851390050115754],[2.3516010004575807,48.85159448711399],[2.3502231577111954,48.85194735533077],[2.3500428561823012,48.852000270800694],[2.349979516538841,48.852020503060494],[2.3499066249642824,48.85204488067913],[2.3498736248704497,48.852056644811974],[2.3496411344649166,48.85213952140415],[2.3493817817464677,48.85224131600497],[2.3492603620399786,48.852292345235746],[2.3484702016576766,48.85261229684643],[2.346946547063861,48.85329364714174],[2.346872279974306,48.853319104512124],[2.34681886580179,48.85333520637086],[2.344786048917527,48.853986810973836],[2.3447023829088733,48.854012802803574],[2.344592677485043,48.85404923014916],[2.344593389828429,48.85404991486193],[2.3458695299048484,48.85527727373598],[2.3459014238213918,48.85531423521184],[2.3459751882346023,48.85541682197291],[2.3459757173664486,48.85541755603879],[2.3461043871560583,48.85558678353783],[2.346802642113754,48.856707846963815],[2.3486754378324486,48.85614813617894],[2.349907042285721,48.855764998706405],[2.3524918001293256,48.8546671891465],[2.355292811984984,48.853471894334106],[2.357343071273238,48.852772506413245],[2.358732600688643,48.852303199672505],[2.359698927391312,48.85192653958486],[2.360044153510673,48.85177399168968],[2.3601538151295296,48.8517054421025],[2.360213381180391,48.85165599215167],[2.3602640771430416,48.85161205275447],[2.360302093704688,48.85157020939268],[2.360333776988098,48.851538825827475],[2.360359117117704,48.85150116772211],[2.3603876268594326,48.85146141756767],[2.3604161316008927,48.8514132997834],[2.3604382947516047,48.85136100026934],[2.3604572893652986,48.85130870090048],[2.3604762839409674,48.85125640152609],[2.360492103649627,48.85119573556763],[2.3605047552700023,48.85113925445696],[2.3605142365792204,48.85107858968686],[2.360520537617305,48.85099700780639],[2.360505163538156,48.85066379912415],[2.3605112141647564,48.850489906047365],[2.36054064735351,48.85031721264492],[2.360611143850181,48.850014953542185],[2.3606852903908155,48.849774227071286],[2.3607532859090905,48.84960384225389],[2.360832329129081,48.84943553634782],[2.3608720542527646,48.84935944088687],[2.3610652389937434,48.84902145943201],[2.3613137013391388,48.8485803043779]]],"type":"Polygon"},"properties":{"id":"P16","nom":"Notre-Dame","commune":"75056","arr":4,"zone":"Z2","secteur":"2"}},{"type":"Feature","geometry":{"coordinates":[[[2.3549219923337636,48.843779781538366],[2.3549168218267025,48.84364477301267],[2.352756514576737,48.84369428987304],[2.3496429954469327,48.84439281929226],[2.3494884676485883,48.844439602112075],[2.349336686846598,48.8444873475991],[2.3492445421068546,48.84451631667142],[2.349116936007326,48.845314076882694],[2.3491536887962154,48.84570165654849],[2.3490920720916417,48.84615697491523],[2.34906146496458,48.84636254593969],[2.348868963494554,48.84701490195476],[2.3486979792347324,48.847132370994025],[2.348652346239483,48.8471705935508],[2.3486192520775235,48.84721681760463],[2.348480202983192,48.84751017603553],[2.34853667755064,48.84780881974489],[2.3484946972536695,48.84854006265996],[2.348788381847692,48.849266177817924],[2.349002186983147,48.849728088342864],[2.3487235373597035,48.85013661745202],[2.348720601515524,48.85015300933509],[2.3487263767590414,48.85018518737749],[2.348778322184583,48.85034213894341],[2.348778749404333,48.850343175528735],[2.348796176841113,48.85037946048957],[2.3492639198204723,48.85128731701107],[2.349287777849204,48.85133263759177],[2.3497181340771816,48.85186449891176],[2.349776501311278,48.851936617036166],[2.3498736248704497,48.852056644811974],[2.3499066249642824,48.85204488067913],[2.349979516538841,48.852020503060494],[2.3500428561823012,48.852000270800694],[2.3502231577111954,48.85194735533077],[2.3516010004575807,48.85159448711399],[2.352515571675153,48.851390050115754],[2.353185438178182,48.85129993882603],[2.353705957159685,48.851220903051335],[2.3553476681623344,48.85073467436745],[2.3555115668355797,48.850686179106724],[2.3555993182000368,48.85065800907336],[2.355648509848184,48.850642175534496],[2.3579975384069685,48.84988502279394],[2.3580565343281443,48.84986603286678],[2.35814823460726,48.849839214091816],[2.358250003838454,48.84980368053229],[2.358329849653086,48.84977794201359],[2.358545112187656,48.84970856788696],[2.358872959772747,48.849594267711716],[2.359174817000251,48.84947930400553],[2.3593508322869043,48.84940355131948],[2.3595689538520626,48.84930521968519],[2.359692982730296,48.84924384681655],[2.359816483687969,48.84918160671118],[2.36079803536863,48.848632661283155],[2.360799077350111,48.84863203550154],[2.3615147917944066,48.84823179135271],[2.361891700773131,48.847992232162945],[2.362493498379018,48.847622410312276],[2.3617599631450763,48.84724983020015],[2.3612164494939036,48.84697377467327],[2.361184967708817,48.84695786421481],[2.3611348138985946,48.84693233523472],[2.3610946086345463,48.846911840906294],[2.358330200972802,48.84550774070838],[2.3549219923337636,48.843779781538366]]],"type":"Polygon"},"properties":{"id":"P17","nom":"Saint-Victor","commune":"75056","arr":5,"zone":"Z4","secteur":"3"}},{"type":"Feature","geometry":{"coordinates":[[[2.3645614608915766,48.84365746114398],[2.3645014505628463,48.84357659474675],[2.3621094009455006,48.84035356753243],[2.3618160282135983,48.83996128055735],[2.3616094568294943,48.839895604900335],[2.3614076321065474,48.83983143817012],[2.359150042830026,48.83911364264899],[2.3577962353645616,48.838683242601974],[2.3569529840151633,48.83841514442681],[2.355860810901035,48.83806669073218],[2.3553509806977626,48.83790366461518],[2.3527209048408593,48.83706260185904],[2.3518692624711504,48.836796258275825],[2.351844303854664,48.83678874372697],[2.3518184269230042,48.836782767510634],[2.351791817719378,48.83677837830095],[2.351764704619607,48.836775616907225],[2.351761630802457,48.836775414979336],[2.3516626011261312,48.836780012743276],[2.348985650738531,48.83708689887193],[2.34979979288931,48.83880361293609],[2.349954362702518,48.839126701111006],[2.349894193131535,48.839301802539],[2.3498332159878705,48.83947367349911],[2.34977687814956,48.83977438387676],[2.349793258170206,48.83998494498306],[2.3497532595605004,48.840346963771516],[2.34963797421407,48.84103713333533],[2.349618802385437,48.84132187742438],[2.3497712581683405,48.842290552470025],[2.3495567677908693,48.84318346708567],[2.3492445421068546,48.84451631667142],[2.349336686846598,48.8444873475991],[2.3494884676485883,48.844439602112075],[2.3496429954469327,48.84439281929226],[2.352756514576737,48.84369428987304],[2.3549168218267025,48.84364477301267],[2.3549219923337636,48.843779781538366],[2.358330200972802,48.84550774070838],[2.3610946086345463,48.846911840906294],[2.3611348138985946,48.84693233523472],[2.361184967708817,48.84695786421481],[2.3612164494939036,48.84697377467327],[2.3617599631450763,48.84724983020015],[2.362493498379018,48.847622410312276],[2.3644331283557967,48.846140036887],[2.3648364137098064,48.8458437130159],[2.366029183881674,48.84493028682855],[2.3651507681272608,48.844432405454796],[2.3650958874434265,48.8443955075665],[2.3650447310773903,48.844356354038],[2.365032724108193,48.8443463721691],[2.3649544584998363,48.84427190254179],[2.364945618729382,48.84426221807595],[2.3649189492582803,48.844227597737685],[2.3648960833603927,48.844191817624385],[2.364884254829099,48.84416988239244],[2.3648614243170574,48.844123264270046],[2.364850763166392,48.84409588331012],[2.3648454729354245,48.84408229287267],[2.3648329904386944,48.844047049926694],[2.364788766543806,48.84396370524398],[2.36476890312338,48.843936941836446],[2.3646979313793355,48.84384132450736],[2.364633102413066,48.843753982389444],[2.3645614608915766,48.84365746114398]]],"type":"Polygon"},"properties":{"id":"P18","nom":"Jardin-des-Plantes","commune":"75056","arr":5,"zone":"Z10","secteur":"3"}},{"type":"Feature","geometry":{"coordinates":[[[2.3454842533589706,48.84507336932589],[2.346613785116703,48.84479701923842],[2.348091642692841,48.84442882656309],[2.3488845674505114,48.84449223012391],[2.3492445421068546,48.84451631667142],[2.3495567677908693,48.84318346708567],[2.3497712581683405,48.842290552470025],[2.349618802385437,48.84132187742438],[2.34963797421407,48.84103713333533],[2.3497532595605004,48.840346963771516],[2.349793258170206,48.83998494498306],[2.34977687814956,48.83977438387676],[2.3498332159878705,48.83947367349911],[2.349894193131535,48.839301802539],[2.349954362702518,48.839126701111006],[2.34979979288931,48.83880361293609],[2.348985650738531,48.83708689887193],[2.3471967452128952,48.83729247304477],[2.347075777971603,48.837310206661044],[2.3470027576645336,48.83732127049056],[2.3444676010188603,48.83785942557417],[2.342071225373787,48.83836414500625],[2.3397399117776883,48.83885353291426],[2.339690994252026,48.838865318904915],[2.3396908589099428,48.83886535503187],[2.336729140854461,48.83965344295356],[2.3367565788977323,48.840130644060565],[2.336769331206226,48.84035244981474],[2.3367808346119503,48.840552486649806],[2.336789472815804,48.840702725886324],[2.3368427301856713,48.84069978432505],[2.336901617794824,48.84070077989398],[2.336935621320133,48.840704914793484],[2.336958995945484,48.840707756841226],[2.337014863317433,48.840720713362785],[2.337067712024483,48.840738653600766],[2.337116030519941,48.84075958338401],[2.3371567999882377,48.84078549697131],[2.3371930395366274,48.84081041323088],[2.3372353177864267,48.840845296425535],[2.3372700472938965,48.84088117744949],[2.337303511022604,48.840925956065],[2.3377647858861996,48.84174634979288],[2.3377652468837824,48.841747171665986],[2.3381761712051414,48.84250022061914],[2.3389739330197057,48.84395648699698],[2.3402552075549643,48.846279513929694],[2.340255623158495,48.84628026808707],[2.3404991406191735,48.846712271274654],[2.340837671027316,48.84734435534471],[2.341969783531069,48.84710056904083],[2.341621197917513,48.8466645967348],[2.3426177233593095,48.846402953089466],[2.3426663797553964,48.846326706456345],[2.342699652220019,48.846288652957234],[2.342700025126963,48.84628825748871],[2.3427783380631704,48.84623158283443],[2.34302850018478,48.84607609307574],[2.34309354945803,48.84606159912902],[2.3434109549951243,48.84599039260404],[2.3435609228163687,48.84595852200977],[2.3436733498349493,48.8459320231181],[2.3440298141929317,48.8457796217953],[2.34415130046344,48.84571503833241],[2.3442717207296493,48.84565187168996],[2.3445580025475734,48.845499475301175],[2.3452029605590967,48.84515770374415],[2.3454842533589706,48.84507336932589]]],"type":"Polygon"},"properties":{"id":"P19","nom":"Val-de-Grace","commune":"75056","arr":5,"zone":"Z4","secteur":"3"}},{"type":"Feature","geometry":{"coordinates":[[[2.3492445421068546,48.84451631667142],[2.3488845674505114,48.84449223012391],[2.348091642692841,48.84442882656309],[2.346613785116703,48.84479701923842],[2.3454842533589706,48.84507336932589],[2.3452029605590967,48.84515770374415],[2.3445580025475734,48.845499475301175],[2.3442717207296493,48.84565187168996],[2.34415130046344,48.84571503833241],[2.3440298141929317,48.8457796217953],[2.3436733498349493,48.8459320231181],[2.3435609228163687,48.84595852200977],[2.3434109549951243,48.84599039260404],[2.34309354945803,48.84606159912902],[2.34302850018478,48.84607609307574],[2.3427783380631704,48.84623158283443],[2.342700025126963,48.84628825748871],[2.342699652220019,48.846288652957234],[2.3426663797553964,48.846326706456345],[2.3426177233593095,48.846402953089466],[2.341621197917513,48.8466645967348],[2.341969783531069,48.84710056904083],[2.340837671027316,48.84734435534471],[2.340838057046031,48.84734507965736],[2.340924732700007,48.8474838319201],[2.3414722901017107,48.84836932168875],[2.34265156822057,48.85030683981752],[2.3426778705512987,48.850357652304076],[2.3431685504395383,48.851388550003655],[2.3438275902086882,48.85276907952378],[2.3442835652776237,48.85374961836413],[2.344592677485043,48.85404923014916],[2.3447023829088733,48.854012802803574],[2.344786048917527,48.853986810973836],[2.34681886580179,48.85333520637086],[2.346872279974306,48.853319104512124],[2.346946547063861,48.85329364714174],[2.3484702016576766,48.85261229684643],[2.3492603620399786,48.852292345235746],[2.3493817817464677,48.85224131600497],[2.3496411344649166,48.85213952140415],[2.3498736248704497,48.852056644811974],[2.349776501311278,48.851936617036166],[2.3497181340771816,48.85186449891176],[2.349287777849204,48.85133263759177],[2.3492639198204723,48.85128731701107],[2.348796176841113,48.85037946048957],[2.348778749404333,48.850343175528735],[2.348778322184583,48.85034213894341],[2.3487263767590414,48.85018518737749],[2.348720601515524,48.85015300933509],[2.3487235373597035,48.85013661745202],[2.349002186983147,48.849728088342864],[2.348788381847692,48.849266177817924],[2.3484946972536695,48.84854006265996],[2.34853667755064,48.84780881974489],[2.348480202983192,48.84751017603553],[2.3486192520775235,48.84721681760463],[2.348652346239483,48.8471705935508],[2.3486979792347324,48.847132370994025],[2.348868963494554,48.84701490195476],[2.34906146496458,48.84636254593969],[2.3490920720916417,48.84615697491523],[2.3491536887962154,48.84570165654849],[2.349116936007326,48.845314076882694],[2.3492445421068546,48.84451631667142]]],"type":"Polygon"},"properties":{"id":"P20","nom":"Sorbonne","commune":"75056","arr":5,"zone":"Z4","secteur":"3"}},{"type":"Feature","geometry":{"coordinates":[[[2.3431685504395383,48.851388550003655],[2.3426778705512987,48.850357652304076],[2.3413058556934794,48.85088325822361],[2.3411843762577074,48.85087740369366],[2.3408444283369185,48.851069948916134],[2.340506889630401,48.85128158538313],[2.3402349782103005,48.85147069864493],[2.3397291740306443,48.85195038527005],[2.339461015584086,48.85211117150203],[2.339161019159428,48.85229104458459],[2.338941424289084,48.85242270958092],[2.3369886672065507,48.852901959413856],[2.3369599338587084,48.85381088825161],[2.3369724447306317,48.85392946825931],[2.3367730702284306,48.8552981661671],[2.336715828494618,48.85567181447122],[2.3365081181371403,48.8571670429911],[2.336497252304075,48.8572288302924],[2.3364920423452777,48.85725489790523],[2.3364668328970493,48.857335296900004],[2.3364486659853902,48.85737201383727],[2.3364265735356957,48.857407783569236],[2.3364061829553417,48.857435561199246],[2.3363818938100014,48.857461344026824],[2.3363543305922168,48.85748693061963],[2.3363184095939307,48.85751316695031],[2.3362907535488158,48.85752923786948],[2.3362625600551996,48.857543844354225],[2.3362304640113263,48.857557411118734],[2.3361921010616817,48.85757097818522],[2.3361537383703985,48.857582063029604],[2.3361101100665187,48.85759265098547],[2.336079519851617,48.857599599638874],[2.3362893756825454,48.857994015202024],[2.336331896236631,48.858072341722014],[2.3366091994444127,48.85858286447237],[2.3366092431713965,48.85858285572128],[2.337546764433001,48.85838861196751],[2.3403656190720796,48.85683388440181],[2.340381758454646,48.85682499153914],[2.340477776676899,48.856772080383216],[2.3408553901109244,48.85656290768687],[2.3419379402739855,48.85562562856513],[2.3426824823497108,48.85498253193957],[2.3428045766448196,48.85489664611004],[2.342857446632173,48.85486264772687],[2.344592677485043,48.85404923014916],[2.3442835652776237,48.85374961836413],[2.3438275902086882,48.85276907952378],[2.3431685504395383,48.851388550003655]]],"type":"Polygon"},"properties":{"id":"P21","nom":"Monnaie","commune":"75056","arr":6,"zone":"Z2","secteur":"4"}},{"type":"Feature","geometry":{"coordinates":[[[2.3369886672065507,48.852901959413856],[2.338941424289084,48.85242270958092],[2.339161019159428,48.85229104458459],[2.339461015584086,48.85211117150203],[2.3397291740306443,48.85195038527005],[2.3402349782103005,48.85147069864493],[2.340506889630401,48.85128158538313],[2.3408444283369185,48.851069948916134],[2.3411843762577074,48.85087740369366],[2.3413058556934794,48.85088325822361],[2.3426778705512987,48.850357652304076],[2.34265156822057,48.85030683981752],[2.3414722901017107,48.84836932168875],[2.340924732700007,48.8474838319201],[2.340838057046031,48.84734507965736],[2.340837671027316,48.84734435534471],[2.3404991406191735,48.846712271274654],[2.340255623158495,48.84628026808707],[2.3402552075549643,48.846279513929694],[2.3389739330197057,48.84395648699698],[2.3381761712051414,48.84250022061914],[2.3377652468837824,48.841747171665986],[2.3377647858861996,48.84174634979288],[2.337303511022604,48.840925956065],[2.3372700472938965,48.84088117744949],[2.3372353177864267,48.840845296425535],[2.3371930395366274,48.84081041323088],[2.3371567999882377,48.84078549697131],[2.337116030519941,48.84075958338401],[2.337067712024483,48.840738653600766],[2.337014863317433,48.840720713362785],[2.336958995945484,48.840707756841226],[2.336935621320133,48.840704914793484],[2.336901617794824,48.84070077989398],[2.3368427301856713,48.84069978432505],[2.336789472815804,48.840702725886324],[2.3367476025550706,48.840704767339865],[2.336691733751903,48.84071473371216],[2.3366373764669275,48.84072669423925],[2.3365754659543794,48.840743638506375],[2.3365256378170205,48.840761577900246],[2.3364818478030562,48.840777525394174],[2.3364381551108435,48.84079706367865],[2.3364350403796603,48.84079845570656],[2.3363882320685048,48.840821378989254],[2.3363814795536375,48.840825220492555],[2.336344443567211,48.84084629581205],[2.3363036730035884,48.84087121317403],[2.3362629051258823,48.840896130536684],[2.336229684671605,48.8409200500982],[2.336194955929292,48.84094696066387],[2.336158716188632,48.84097686041844],[2.3361227242459854,48.84101147780824],[2.3314966468340534,48.84579111301499],[2.331575072521068,48.84705477079181],[2.3316540990019328,48.84841861460104],[2.331800377061047,48.850261693867616],[2.3320220737231203,48.85138188842924],[2.3319059945265623,48.851398165330345],[2.332017279834932,48.852476536355184],[2.332381359624875,48.852541787714266],[2.3330492427946012,48.852648417659125],[2.3336761822586793,48.85265327315192],[2.334421713967391,48.852799605360836],[2.334428796854046,48.852759042436396],[2.335155396096145,48.85289988118251],[2.336060922343894,48.85312875437691],[2.3369886672065507,48.852901959413856]]],"type":"Polygon"},"properties":{"id":"P22","nom":"Odéon","commune":"75056","arr":6,"zone":"Z2","secteur":"4"}},{"type":"Feature","geometry":{"coordinates":[[[2.3367565788977323,48.840130644060565],[2.336729140854461,48.83965344295356],[2.336728820703797,48.8396535473036],[2.333806545408362,48.84060920565376],[2.3338064564487486,48.84060923663615],[2.33107730632411,48.84151188846805],[2.330450711603929,48.84171909443278],[2.329824110310061,48.841926208930346],[2.3271123038371013,48.842822773079],[2.3271122230910652,48.84282280050511],[2.3263806182945403,48.843060658091105],[2.32471189002934,48.8436152657751],[2.323890983461756,48.843889395159856],[2.3238908000696417,48.843889457078895],[2.3231293800534236,48.84414053483314],[2.3213253967132457,48.84473527243308],[2.3202033902496484,48.845113445685264],[2.319153027255283,48.84550645090761],[2.3165715259220043,48.84682460831803],[2.3180431009312783,48.84733810085931],[2.3180432216018363,48.84733814741461],[2.3190790578233544,48.847734391857315],[2.3193552186035755,48.84784504323268],[2.3200836737076695,48.848180130387135],[2.320177584570482,48.84823126389146],[2.3201776806475274,48.84823131570098],[2.3205411557369846,48.848419942098204],[2.322133508640104,48.84924973446431],[2.322898103749189,48.84963489967506],[2.323286534962516,48.84982576940971],[2.3241397146470053,48.850230265361965],[2.3252735961986017,48.85069666187359],[2.3266387342444164,48.85126152914954],[2.326865727976553,48.85140840165529],[2.3271931400602246,48.85162533447337],[2.3284185640192763,48.85182479562522],[2.329538677000946,48.8520149752803],[2.3303246857821103,48.852185274262766],[2.3315832809356976,48.85239377765255],[2.332017279834932,48.852476536355184],[2.3319059945265623,48.851398165330345],[2.3320220737231203,48.85138188842924],[2.331800377061047,48.850261693867616],[2.3316540990019328,48.84841861460104],[2.331575072521068,48.84705477079181],[2.3314966468340534,48.84579111301499],[2.3361227242459854,48.84101147780824],[2.336158716188632,48.84097686041844],[2.336194955929292,48.84094696066387],[2.336229684671605,48.8409200500982],[2.3362629051258823,48.840896130536684],[2.3363036730035884,48.84087121317403],[2.336344443567211,48.84084629581205],[2.3363814795536375,48.840825220492555],[2.3363882320685048,48.840821378989254],[2.3364350403796603,48.84079845570656],[2.3364381551108435,48.84079706367865],[2.3364818478030562,48.840777525394174],[2.3365256378170205,48.840761577900246],[2.3365754659543794,48.840743638506375],[2.3366373764669275,48.84072669423925],[2.336691733751903,48.84071473371216],[2.3367476025550706,48.840704767339865],[2.336789472815804,48.840702725886324],[2.3367808346119503,48.840552486649806],[2.336769331206226,48.84035244981474],[2.3367565788977323,48.840130644060565]]],"type":"Polygon"},"properties":{"id":"P23","nom":"Notre-Dame-des-Champs","commune":"75056","arr":6,"zone":"Z1","secteur":"4"}},{"type":"Feature","geometry":{"coordinates":[[[2.3369599338587084,48.85381088825161],[2.3369886672065507,48.852901959413856],[2.336060922343894,48.85312875437691],[2.335155396096145,48.85289988118251],[2.334428796854046,48.852759042436396],[2.334421713967391,48.852799605360836],[2.3336761822586793,48.85265327315192],[2.3330492427946012,48.852648417659125],[2.332381359624875,48.852541787714266],[2.332017279834932,48.852476536355184],[2.3315832809356976,48.85239377765255],[2.3303246857821103,48.852185274262766],[2.329538677000946,48.8520149752803],[2.3284185640192763,48.85182479562522],[2.3293099160295956,48.85261396890601],[2.329378444140046,48.852735462156524],[2.330432690483257,48.85441707908063],[2.3304578887513765,48.854460244324244],[2.330700541562084,48.854963762863854],[2.330841141170976,48.85519874920483],[2.331145682259125,48.855623311110534],[2.3316728667925273,48.856314247863594],[2.3327500558367578,48.85763064497636],[2.3332429741388667,48.85823628381197],[2.333248549636101,48.85824313466106],[2.3332659873234554,48.85826456174131],[2.3324457976110042,48.858508506954806],[2.332910100566785,48.85934960705813],[2.3366091994444127,48.85858286447237],[2.336331896236631,48.858072341722014],[2.3362893756825454,48.857994015202024],[2.336079519851617,48.857599599638874],[2.3361101100665187,48.85759265098547],[2.3361537383703985,48.857582063029604],[2.3361921010616817,48.85757097818522],[2.3362304640113263,48.857557411118734],[2.3362625600551996,48.857543844354225],[2.3362907535488158,48.85752923786948],[2.3363184095939307,48.85751316695031],[2.3363543305922168,48.85748693061963],[2.3363818938100014,48.857461344026824],[2.3364061829553417,48.857435561199246],[2.3364265735356957,48.857407783569236],[2.3364486659853902,48.85737201383727],[2.3364668328970493,48.857335296900004],[2.3364920423452777,48.85725489790523],[2.336497252304075,48.8572288302924],[2.3365081181371403,48.8571670429911],[2.336715828494618,48.85567181447122],[2.3367730702284306,48.8552981661671],[2.3369724447306317,48.85392946825931],[2.3369599338587084,48.85381088825161]]],"type":"Polygon"},"properties":{"id":"P24","nom":"Saint-Germain-des-Prés","commune":"75056","arr":6,"zone":"Z2","secteur":"4"}},{"type":"Feature","geometry":{"coordinates":[[[2.322133508640104,48.84924973446431],[2.3205411557369846,48.848419942098204],[2.3205411277459085,48.848419998598985],[2.3195713907832953,48.85052492664867],[2.3190342050434802,48.851695680298505],[2.319011342019058,48.851744422204625],[2.3191032776080527,48.85275468506915],[2.3192063453233525,48.85302115484876],[2.3199501397194493,48.85494913748723],[2.3211206821711277,48.85647455543092],[2.3227934733923346,48.85815767586026],[2.3231293267095374,48.858508433091885],[2.323800621102593,48.85921219216678],[2.3246253633818976,48.8600615887673],[2.325491371518282,48.86089340074424],[2.3255238121765744,48.860924450184456],[2.325578121942442,48.860976429328105],[2.3256662216996573,48.86106074971647],[2.3261022547341614,48.86147807239343],[2.3261023245244266,48.861478051202035],[2.3270676399402075,48.86114585105721],[2.3283115325839407,48.860737137125916],[2.328327173978185,48.8607311794851],[2.3295236576232226,48.86026806570814],[2.3298153435187388,48.860164851513936],[2.3298561002874694,48.86015037177906],[2.329904495269685,48.86013325563593],[2.3299089834359816,48.86013158189447],[2.332910100566785,48.85934960705813],[2.3324457976110042,48.858508506954806],[2.3332659873234554,48.85826456174131],[2.333248549636101,48.85824313466106],[2.3332429741388667,48.85823628381197],[2.3327500558367578,48.85763064497636],[2.3316728667925273,48.856314247863594],[2.331145682259125,48.855623311110534],[2.330841141170976,48.85519874920483],[2.330700541562084,48.854963762863854],[2.3304578887513765,48.854460244324244],[2.330432690483257,48.85441707908063],[2.329378444140046,48.852735462156524],[2.3293099160295956,48.85261396890601],[2.3284185640192763,48.85182479562522],[2.3271931400602246,48.85162533447337],[2.326865727976553,48.85140840165529],[2.3266387342444164,48.85126152914954],[2.3252735961986017,48.85069666187359],[2.3241397146470053,48.850230265361965],[2.323286534962516,48.84982576940971],[2.322898103749189,48.84963489967506],[2.322133508640104,48.84924973446431]]],"type":"Polygon"},"properties":{"id":"P25","nom":"Saint-Thomas-d'Aquin","commune":"75056","arr":7,"zone":"Z1","secteur":"4"}},{"type":"Feature","geometry":{"coordinates":[[[2.319011342019058,48.851744422204625],[2.3190342050434802,48.851695680298505],[2.314511620014519,48.851832945914495],[2.31473141890071,48.85369191139746],[2.312141578689178,48.85382301599128],[2.3095442501361547,48.85395570857492],[2.30992947891718,48.857242753319454],[2.310008387173721,48.85806919339238],[2.3101757948178285,48.8599385451921],[2.310279833253008,48.86112246729464],[2.310432683511644,48.86278336994522],[2.310386298005485,48.863626885281256],[2.315288893789485,48.86371144278047],[2.3152899131749027,48.86371146030414],[2.316406146479132,48.86373061298975],[2.318472737942572,48.86377736150741],[2.3185391195960983,48.86377557117899],[2.3186067276329085,48.863769644497346],[2.3186752939530657,48.86375787926597],[2.3187416676426764,48.86374314445597],[2.3194272055046072,48.8635252627804],[2.319516090876288,48.863497041214956],[2.319776050268165,48.86341460891452],[2.3198650547939654,48.863386210594776],[2.3203159868873042,48.863242927720776],[2.3203165809438002,48.86324273863393],[2.3209023376520963,48.86305755406835],[2.3209028180944213,48.86305740120723],[2.320902878301042,48.86305738356187],[2.320941362031228,48.86304552367218],[2.3247355940055896,48.861885649731995],[2.3252307880440677,48.86173175997469],[2.3252372011972473,48.86172976720176],[2.3252797303604376,48.86171745026941],[2.3261022547341614,48.86147807239343],[2.3256662216996573,48.86106074971647],[2.325578121942442,48.860976429328105],[2.3255238121765744,48.860924450184456],[2.325491371518282,48.86089340074424],[2.3246253633818976,48.8600615887673],[2.323800621102593,48.85921219216678],[2.3231293267095374,48.858508433091885],[2.3227934733923346,48.85815767586026],[2.3211206821711277,48.85647455543092],[2.3199501397194493,48.85494913748723],[2.3192063453233525,48.85302115484876],[2.3191032776080527,48.85275468506915],[2.319011342019058,48.851744422204625]]],"type":"Polygon"},"properties":{"id":"P26","nom":"Invalides","commune":"75056","arr":7,"zone":"Z1","secteur":"4"}},{"type":"Feature","geometry":{"coordinates":[[[2.3200836737076695,48.848180130387135],[2.3193552186035755,48.84784504323268],[2.3190790578233544,48.847734391857315],[2.3180432216018363,48.84733814741461],[2.3180431009312783,48.84733810085931],[2.3165715259220043,48.84682460831803],[2.3160975091794307,48.8466630424579],[2.31372987358633,48.84593328746267],[2.3136412809578535,48.845990046203234],[2.3120910272176105,48.846983212751105],[2.3117677091595317,48.84719033639172],[2.3116258476440867,48.84728121655536],[2.3114866311956974,48.84736885607593],[2.3112608358194935,48.84751099665855],[2.311155375922278,48.8475793903881],[2.310525950788717,48.84798758362421],[2.310378250146124,48.847952187852194],[2.3082198869155603,48.84743492679337],[2.3080419577978746,48.84739225463903],[2.3073397090050967,48.847139376795404],[2.3061493100040384,48.84789994583024],[2.3037460479134224,48.84943929154835],[2.300964659838862,48.851230126507396],[2.3009658119724863,48.851230896795705],[2.3038916453803875,48.85321898283638],[2.3055011052420173,48.85432741378318],[2.3064627267255897,48.85412875080293],[2.3095442501361547,48.85395570857492],[2.312141578689178,48.85382301599128],[2.31473141890071,48.85369191139746],[2.314511620014519,48.851832945914495],[2.3190342050434802,48.851695680298505],[2.3195713907832953,48.85052492664867],[2.3205411277459085,48.848419998598985],[2.3205411557369846,48.848419942098204],[2.3201776806475274,48.84823131570098],[2.320177584570482,48.84823126389146],[2.3200836737076695,48.848180130387135]]],"type":"Polygon"},"properties":{"id":"P27","nom":"Ecole-Militaire","commune":"75056","arr":7,"zone":"Z1","secteur":"4"}},{"type":"Feature","geometry":{"coordinates":[[[2.3095442501361547,48.85395570857492],[2.3064627267255897,48.85412875080293],[2.3055011052420173,48.85432741378318],[2.3038916453803875,48.85321898283638],[2.3009658119724863,48.851230896795705],[2.300964659838862,48.851230126507396],[2.3008839505624565,48.85117610791758],[2.300883876325741,48.851176156049284],[2.2993223089019104,48.85217442732528],[2.2979234187874367,48.85306865010468],[2.297388894455645,48.85341164261925],[2.2959295263446293,48.85434804668676],[2.295868049383763,48.85438749053855],[2.2957457082923605,48.85446598873216],[2.293079176013769,48.85617407768941],[2.292935320897734,48.85626502244368],[2.2907809966421144,48.85763978944344],[2.2907022721435597,48.85769001145783],[2.2906212484537627,48.85774171362003],[2.2906115209621154,48.8577479181719],[2.290601721974863,48.85775416816632],[2.290591922973015,48.85776041905917],[2.2905821253561895,48.85776666816072],[2.290572326349741,48.85777291905186],[2.2905625287037257,48.85777916995031],[2.2905527283540787,48.85778541903315],[2.290549110950855,48.85778772691942],[2.2905429320417556,48.857791671736514],[2.290533135751571,48.85779792264052],[2.2905233407973284,48.8578041753503],[2.290513543115066,48.85781042804312],[2.2905037481684674,48.85781667985196],[2.2904939532195194,48.85782293165997],[2.2904841582558735,48.85782918436639],[2.2904743619393386,48.85783543616464],[2.2904645642453194,48.85784168885327],[2.290454769274722,48.857847941557175],[2.2904449729510326,48.85785419335293],[2.2904351779757333,48.85786044605517],[2.290425381647443,48.85786669784923],[2.2904155853167008,48.857872949642456],[2.290411987116158,48.85787524774542],[2.290405790358843,48.85787920054364],[2.2903959953496456,48.85788545504114],[2.2903861990240983,48.85789170593257],[2.290376402671806,48.85789795862171],[2.2903666076922975,48.85790421041884],[2.290356811335303,48.857910463106336],[2.290347016350993,48.85791671490174],[2.2903407301769554,48.85792072742309],[2.290337220001545,48.85792296668828],[2.2903274209117215,48.8579292193571],[2.289839040367122,48.858240853809285],[2.291251449316663,48.85935283904187],[2.2915586977943962,48.85961018034318],[2.291559637128034,48.859610966543926],[2.291778091813365,48.85978145877319],[2.2919544513086514,48.8599094894163],[2.2926812562103684,48.86043711353504],[2.2936130423703767,48.86112065516906],[2.293916784762171,48.86132955520925],[2.2941957627633403,48.861521138827825],[2.2943208250788407,48.86158971183438],[2.2946606013806337,48.86176159543926],[2.2950897665665537,48.86196229012796],[2.2954253429459297,48.8621076473226],[2.2955572297891313,48.86216911650668],[2.295886812540739,48.862314374129646],[2.2960146140992443,48.86236846475493],[2.296152267384685,48.862422021407426],[2.2962245785769815,48.86245134464505],[2.296365882978675,48.8625052813577],[2.296383263102262,48.862511286888484],[2.2965212183592203,48.86256010080013],[2.296570586048065,48.86257611794765],[2.296624366059855,48.862594763731124],[2.296747985580189,48.86263391951964],[2.2967833914035407,48.8626451752058],[2.296843205727061,48.8626652548382],[2.297054412601713,48.86273483822628],[2.2972425960942844,48.86279268440505],[2.297430508756709,48.862850529591825],[2.29743557867405,48.862851904784804],[2.2975432022346087,48.86288275475163],[2.297921354423243,48.86298370095846],[2.298573842319958,48.8631331094409],[2.29867005365835,48.86315607163435],[2.298949421420139,48.86321677692943],[2.2992281079367154,48.86326889327173],[2.2992317998575404,48.86326965865298],[2.299236392802038,48.86327032228721],[2.299782117619566,48.863349151904636],[2.299786477938701,48.863349781779924],[2.299788774553807,48.863350002067726],[2.300074597676516,48.863381077397236],[2.300478427994613,48.863416280973475],[2.301070050573897,48.8634488117757],[2.3011179272878457,48.863451459360725],[2.3015900579003783,48.86347435828111],[2.3017277806060563,48.8634766953092],[2.3017560588738477,48.86347717597012],[2.3019203263910626,48.86347996263248],[2.3019463465248546,48.863480402196906],[2.3020303099055415,48.86348177237046],[2.3053791865600184,48.86353840133804],[2.305380434925102,48.863538420275184],[2.3056156675201622,48.86354196897127],[2.3102641735913028,48.86362469758385],[2.3102981163896623,48.863625336579055],[2.310386298005485,48.863626885281256],[2.310432683511644,48.86278336994522],[2.310279833253008,48.86112246729464],[2.3101757948178285,48.8599385451921],[2.310008387173721,48.85806919339238],[2.30992947891718,48.857242753319454],[2.3095442501361547,48.85395570857492]]],"type":"Polygon"},"properties":{"id":"P28","nom":"Gros-Caillou","commune":"75056","arr":7,"zone":"Z1","secteur":"4"}},{"type":"Feature","geometry":{"coordinates":[[[2.306463844245763,48.870148015241014],[2.3101147077777893,48.86897673626437],[2.311968475741771,48.86992864646888],[2.313402191550705,48.869468499883475],[2.3147654251508154,48.869035859938386],[2.3146278378640184,48.868845633290306],[2.3147257675672663,48.86871391387124],[2.314768456395847,48.86865878830243],[2.314821918008666,48.86859720143694],[2.3148774268374774,48.86854361514569],[2.3149271520675674,48.868502305059444],[2.3149381127611974,48.86849389506474],[2.3149910168460996,48.86845694968022],[2.315008993758044,48.86844608145305],[2.315048286268895,48.86842485423987],[2.3150937695887683,48.868404119306994],[2.315140714862928,48.86838593157332],[2.315169486476134,48.86837647050826],[2.315224883876327,48.868360663103786],[2.315281825563376,48.86834746631375],[2.3153377134364397,48.86833758834766],[2.315405607625655,48.86832852098889],[2.3155310231915607,48.86831981402989],[2.3156550657473116,48.868316516744535],[2.315767791212723,48.868316082003126],[2.315896344913241,48.86831754440956],[2.3160321096359824,48.86832278556392],[2.3161685535735193,48.8683342350266],[2.316284548502524,48.86834810457466],[2.316374242203229,48.868354407789944],[2.316389641823435,48.8683556226255],[2.3164102363300274,48.868356039731495],[2.316430776692846,48.86835507692945],[2.316440361466785,48.868354156779326],[2.3164474030901383,48.86835339387938],[2.3164700754644003,48.868349841441265],[2.316488500332037,48.868345637899246],[2.316507978959222,48.86833977388551],[2.318296903417414,48.867775690406226],[2.320721707792164,48.86700479509774],[2.320934659181904,48.86693709114111],[2.323326562112993,48.86617657661764],[2.3225401941569466,48.86516161857279],[2.3224587847820994,48.865052101998124],[2.3215733832826855,48.86391701634045],[2.3214098106670877,48.86370730888046],[2.321403562857104,48.863699298932744],[2.321328201854366,48.86360267999328],[2.3212898450220165,48.86355350643959],[2.320902878301042,48.86305738356187],[2.3209028180944213,48.86305740120723],[2.3209023376520963,48.86305755406835],[2.3203165809438002,48.86324273863393],[2.3203159868873042,48.863242927720776],[2.3198650547939654,48.863386210594776],[2.319776050268165,48.86341460891452],[2.319516090876288,48.863497041214956],[2.3194272055046072,48.8635252627804],[2.3187416676426764,48.86374314445597],[2.3186752939530657,48.86375787926597],[2.3186067276329085,48.863769644497346],[2.3185391195960983,48.86377557117899],[2.318472737942572,48.86377736150741],[2.316406146479132,48.86373061298975],[2.3152899131749027,48.86371146030414],[2.315288893789485,48.86371144278047],[2.310386298005485,48.863626885281256],[2.3102981163896623,48.863625336579055],[2.3102641735913028,48.86362469758385],[2.3056156675201622,48.86354196897127],[2.305380434925102,48.863538420275184],[2.3053791865600184,48.86353840133804],[2.3020303099055415,48.86348177237046],[2.3019463465248546,48.863480402196906],[2.3019203263910626,48.86347996263248],[2.3017560588738477,48.86347717597012],[2.3017277806060563,48.8634766953092],[2.3015900579003783,48.86347435828111],[2.301516933566475,48.864524775335155],[2.300198755556765,48.8650588970277],[2.2999627758937287,48.86526930744257],[2.299911179318319,48.86531531312651],[2.2998988172032,48.865326336083754],[2.29934172347743,48.86714052977735],[2.2992467526548634,48.867454454954554],[2.2989130280820635,48.86855755443632],[2.2982961937896444,48.869612031421035],[2.2982436486260824,48.86970160757965],[2.297525780585638,48.87092533305967],[2.297494929003781,48.8709650433331],[2.2974931745677,48.87096705386395],[2.2961681552299233,48.87248426739083],[2.295344309831307,48.873427420062704],[2.295311404048472,48.8734650527177],[2.2953101951021133,48.873466435984874],[2.2951328005495424,48.873669610724676],[2.2951176090637113,48.87368708633413],[2.295117064800781,48.87368771087049],[2.295116523276409,48.87368833452361],[2.2951159817521245,48.87368895817672],[2.295114512336829,48.8736906474832],[2.295113287629346,48.873692086414614],[2.2951127542360097,48.87369271371296],[2.2951122208425594,48.87369334101135],[2.295111686085896,48.873693968301666],[2.29511115132922,48.873694595592035],[2.2951106165846,48.87369522198308],[2.295110083179029,48.873695850180695],[2.295109549797685,48.8736964765798],[2.295109016392089,48.873697104777385],[2.295108481647417,48.87369773116845],[2.2951079482539662,48.87369835846677],[2.295107413484928,48.873698986656365],[2.2951068800914496,48.87369961395471],[2.295106345346829,48.87370024034571],[2.2951058105899227,48.87370086763604],[2.295105277184237,48.87370149583364],[2.2951047437906067,48.873702123131956],[2.2951042104092343,48.873702749531],[2.295103677027749,48.87370337593005],[2.2951031422465387,48.87370400501891],[2.2951026074896577,48.87370463230916],[2.2951020727326608,48.873705259599475],[2.2951015393390555,48.87370588689778],[2.2951010059453347,48.87370651419609],[2.2951004711884018,48.87370714148635],[2.2950999377946553,48.87370776878466],[2.295099404400998,48.873708396082954],[2.295098869656197,48.873709022473946],[2.2950983348869394,48.8737096506635],[2.295097800129942,48.873710277953734],[2.295097266736233,48.87371090525203],[2.29509673334241,48.8737115325503],[2.2950961999485733,48.87371215984861],[2.2950956665548268,48.873712787146886],[2.2950951317977646,48.873713414437155],[2.295094597052757,48.87371404082811],[2.295094062295671,48.873714668118346],[2.295093530252901,48.87371529632391],[2.2950929968590903,48.8737159236222],[2.2950924621018625,48.87371655091241],[2.2950919287080236,48.87371717821069],[2.295091393938702,48.873717806400194],[2.295090860556908,48.87371843279915],[2.2950903258119,48.8737190591901],[2.295089792405739,48.87371968738762],[2.295089259024009,48.873720313786585],[2.2950887242545206,48.87372094197609],[2.295088190860592,48.87372156927433],[2.2950876574665515,48.87372219657258],[2.295087122709296,48.87372282386278],[2.2950865879520275,48.87372345115297],[2.295086054570118,48.87372407755192],[2.295085519800654,48.87372470574141],[2.2950849864187184,48.87372533214036],[2.29508445301253,48.87372596033785],[2.295083919618399,48.8737265876361],[2.2950833848610537,48.87372721492627],[2.2950828514669976,48.873727842224454],[2.2950823167095256,48.87372846951465],[2.2950817819399707,48.87372909770413],[2.2950812485579446,48.87372972410304],[2.2950807138005356,48.873730351393206],[2.2950801804064156,48.87373097869142],[2.295079647012181,48.873731605989605],[2.2950791136180357,48.87373223328781],[2.295078578860473,48.87373286057797],[2.2950780454663007,48.87373348787617],[2.2950775107087122,48.873734115166314],[2.2950769773145145,48.87373474246451],[2.295076442557003,48.87373536975464],[2.2950759091626773,48.87373599705283],[2.2950753744051404,48.87373662434297],[2.2950748410107904,48.87373725164113],[2.295074306253226,48.8737378789313],[2.2950737728588493,48.873738506229444],[2.2950732394645623,48.873739133527636],[2.295072704694789,48.87373976171703],[2.295072171312545,48.87374038811593],[2.2950716379181184,48.873741015414055],[2.295071103160476,48.8737416427042],[2.295070568402823,48.87374226999431],[2.295070033632985,48.873742898183686],[2.2950695002506767,48.87374352458258],[2.2950689668562863,48.87374415188073],[2.2950684334617817,48.87374477917885],[2.2950679000672647,48.873745406477],[2.2950673653095333,48.8737460337671],[2.295066831915092,48.87374666106522],[2.2950662971572338,48.87374728835534],[2.2950657623994632,48.8737479156454],[2.2950652290049836,48.87374854294355],[2.2950646956103893,48.873749170241666],[2.2950641608525797,48.87374979753177],[2.295063627470131,48.8737504239306],[2.2950630940512573,48.87375105302726],[2.2950625593054794,48.87375167941806],[2.2950620259109216,48.873752306716185],[2.2950614911529477,48.873752934006255],[2.2950609577461942,48.873753562203625],[2.2950604243636676,48.87375418860245],[2.2950598896057564,48.873754815892504],[2.2950593562233053,48.87375544229133],[2.295058822816399,48.87375607048868],[2.2950582866951454,48.87375669777073],[2.295057753300384,48.87375732506881],[2.2950572199057113,48.873757952366894],[2.2950566865109234,48.873758579664965],[2.295056151740751,48.873759207854306],[2.2950556183582105,48.8737598342531],[2.295055083600081,48.87376046154316],[2.2950545488420415,48.87376108883318],[2.295039594599344,48.87377866025977],[2.295088823177923,48.87376249129729],[2.295157551101799,48.873741471862104],[2.2951685957240757,48.87373806003615],[2.2955295561862505,48.873622183023905],[2.3010427372924807,48.8718721536037],[2.3024451419272554,48.87142636824428],[2.305267986546919,48.870526470006205],[2.306463844245763,48.870148015241014]]],"type":"Polygon"},"properties":{"id":"P29","nom":"Champs-Elysées","commune":"75056","arr":8,"zone":"Z2","secteur":"5"}},{"type":"Feature","geometry":{"coordinates":[[[2.311968475741771,48.86992864646888],[2.3101147077777893,48.86897673626437],[2.306463844245763,48.870148015241014],[2.305267986546919,48.870526470006205],[2.3024451419272554,48.87142636824428],[2.3010427372924807,48.8718721536037],[2.2955295561862505,48.873622183023905],[2.2951685957240757,48.87373806003615],[2.295157551101799,48.873741471862104],[2.295088823177923,48.87376249129729],[2.295039594599344,48.87377866025977],[2.2950396186637176,48.87377869547584],[2.2951669111890802,48.873955233290125],[2.295273534793913,48.87410239634096],[2.2953030843091558,48.87414296247217],[2.2960133783144245,48.875122619465486],[2.297975678375272,48.877827960051796],[2.2980155046288484,48.87788370350763],[2.298155040338321,48.87807900911666],[2.298464496710036,48.87814549713407],[2.298591578349476,48.87817280015797],[2.298730332032996,48.87820261132606],[2.298732215034051,48.87820301626688],[2.2987382787353834,48.87820431805627],[2.300968824301391,48.878683517517004],[2.3030919178984344,48.87914081074582],[2.3035841482280084,48.878890324573504],[2.3052371732217605,48.87804214164818],[2.3066938225022313,48.87735312712761],[2.3078121625270187,48.876449554065495],[2.309037781209738,48.87518100307002],[2.3092225269690694,48.87491132110398],[2.309490811980448,48.874629327596985],[2.309681918095222,48.87447216115522],[2.3105887056845207,48.87389745964861],[2.311168170994689,48.87340323592792],[2.311522770455986,48.873079146834336],[2.3106894681604646,48.872840290161875],[2.3125511906897276,48.872209049889115],[2.3119712348670554,48.87144463188446],[2.312906062878936,48.870410813196074],[2.311968475741771,48.86992864646888]]],"type":"Polygon"},"properties":{"id":"P30","nom":"Faubourg-du-Roule","commune":"75056","arr":8,"zone":"Z2","secteur":"5"}},{"type":"Feature","geometry":{"coordinates":[[[2.3250311656055564,48.86858505189085],[2.324673957331719,48.86805646908108],[2.3245865880577212,48.86793457715855],[2.3245853842896813,48.86793289758462],[2.3235340500814465,48.866509863622525],[2.323573439663691,48.86649663023443],[2.3235709178707706,48.866493051874286],[2.3234451561940515,48.866329640360945],[2.323326562112993,48.86617657661764],[2.320934659181904,48.86693709114111],[2.320721707792164,48.86700479509774],[2.318296903417414,48.867775690406226],[2.316507978959222,48.86833977388551],[2.316488500332037,48.868345637899246],[2.3164700754644003,48.868349841441265],[2.3164474030901383,48.86835339387938],[2.316440361466785,48.868354156779326],[2.316430776692846,48.86835507692945],[2.3164102363300274,48.868356039731495],[2.316389641823435,48.8683556226255],[2.316374242203229,48.868354407789944],[2.316284548502524,48.86834810457466],[2.3161685535735193,48.8683342350266],[2.3160321096359824,48.86832278556392],[2.315896344913241,48.86831754440956],[2.315767791212723,48.868316082003126],[2.3156550657473116,48.868316516744535],[2.3155310231915607,48.86831981402989],[2.315405607625655,48.86832852098889],[2.3153377134364397,48.86833758834766],[2.315281825563376,48.86834746631375],[2.315224883876327,48.868360663103786],[2.315169486476134,48.86837647050826],[2.315140714862928,48.86838593157332],[2.3150937695887683,48.868404119306994],[2.315048286268895,48.86842485423987],[2.315008993758044,48.86844608145305],[2.3149910168460996,48.86845694968022],[2.3149381127611974,48.86849389506474],[2.3149271520675674,48.868502305059444],[2.3148774268374774,48.86854361514569],[2.314821918008666,48.86859720143694],[2.314768456395847,48.86865878830243],[2.3147257675672663,48.86871391387124],[2.3146278378640184,48.868845633290306],[2.3147654251508154,48.869035859938386],[2.313402191550705,48.869468499883475],[2.311968475741771,48.86992864646888],[2.312906062878936,48.870410813196074],[2.3119712348670554,48.87144463188446],[2.3125511906897276,48.872209049889115],[2.3106894681604646,48.872840290161875],[2.311522770455986,48.873079146834336],[2.3122934012325604,48.87330008691991],[2.314480747984782,48.873675792936474],[2.315894233876733,48.873919043516196],[2.319583779135868,48.874550396935916],[2.319930036777055,48.87474427827883],[2.319957304697056,48.87475954659084],[2.3199688420710918,48.87476600643765],[2.320220874342889,48.87490920710404],[2.321617279452325,48.87504887209883],[2.323780618219392,48.87518389728633],[2.3265757247873107,48.875582501605315],[2.3269381064159282,48.874181015475834],[2.3270135859319736,48.87388921030589],[2.327025590236668,48.873842806223],[2.3270531306385926,48.87373633175271],[2.327005715529925,48.87362928838176],[2.3269657310182734,48.87353902167512],[2.3268503671625878,48.873278579754256],[2.326753874550817,48.873140088204885],[2.3264955931184312,48.872135451401185],[2.326272004331596,48.871265732444755],[2.326092291856702,48.87056666408239],[2.325836254471965,48.86956219698903],[2.3256870635565208,48.8695367892277],[2.325506885188756,48.86950678009485],[2.325466593331571,48.869500067870874],[2.325255477065703,48.86946490613591],[2.3252149389933834,48.86945815736427],[2.3251591761416863,48.86944886573461],[2.3253195856388347,48.86901183832589],[2.3250311656055564,48.86858505189085]]],"type":"Polygon"},"properties":{"id":"P31","nom":"Madeleine","commune":"75056","arr":8,"zone":"Z2","secteur":"5"}},{"type":"Feature","geometry":{"coordinates":[[[2.3122934012325604,48.87330008691991],[2.311522770455986,48.873079146834336],[2.311168170994689,48.87340323592792],[2.3105887056845207,48.87389745964861],[2.309681918095222,48.87447216115522],[2.309490811980448,48.874629327596985],[2.3092225269690694,48.87491132110398],[2.309037781209738,48.87518100307002],[2.3078121625270187,48.876449554065495],[2.3066938225022313,48.87735312712761],[2.3052371732217605,48.87804214164818],[2.3035841482280084,48.878890324573504],[2.3030919178984344,48.87914081074582],[2.305514958938117,48.879663336370115],[2.3086112612243275,48.88032285190499],[2.3088389793358037,48.880362733914524],[2.309137784104956,48.880415066938376],[2.311633468179984,48.880716084423504],[2.3125676700809565,48.88083130159114],[2.316499356717847,48.881316137387465],[2.3165043176950064,48.88131663696141],[2.3166553961603475,48.88133189323201],[2.316655473784491,48.88133190086973],[2.316828878615097,48.88136729814143],[2.3168407552360146,48.88136970418254],[2.31788121353815,48.881582103233875],[2.318749929315782,48.88175941957173],[2.3187819224523234,48.8817659500148],[2.3188356709647735,48.88177691923344],[2.3189102609412346,48.88179214393072],[2.319629249290564,48.88193889154985],[2.3202393573646996,48.88206343265537],[2.320326031560339,48.882081124494725],[2.3203262151518294,48.882081162409655],[2.320452695027514,48.88210695289429],[2.320523133598558,48.882120518025154],[2.320542410145602,48.882124231054945],[2.3232647988158126,48.882675830828035],[2.323265202623694,48.88267592214447],[2.3232945184458447,48.88268257923038],[2.323347698763843,48.88269355398396],[2.3233503969847846,48.88269410793387],[2.3233823309505213,48.88270066198246],[2.3234222753805143,48.88270885221041],[2.3239927464599885,48.88282609473635],[2.3240321605458902,48.882834186435],[2.324072105203842,48.88284237464654],[2.3240725200159664,48.88284245882774],[2.3241747717119092,48.8828634356231],[2.3241852709274915,48.88286558943418],[2.3242158147803504,48.88287188899433],[2.3242271544860773,48.88287421482166],[2.324329394046609,48.88289519051582],[2.3243298591582016,48.88289528667127],[2.325334824279031,48.883101854929535],[2.325335184693894,48.88310192800774],[2.3254206001042665,48.883119474129494],[2.325421134573565,48.88311958506076],[2.3254561668640465,48.883126692909144],[2.3254957125257802,48.88313487299706],[2.3265438283671593,48.88335017098946],[2.326583909029832,48.88335844725428],[2.326706919926702,48.88338375289595],[2.32671684941354,48.88338579625843],[2.3269240263378284,48.8834283358019],[2.327064219419937,48.88345712185168],[2.327181266310053,48.88348115420053],[2.327120759499819,48.88212774093241],[2.327062207951853,48.88081794744057],[2.327021612678668,48.879643769563145],[2.3270208634307408,48.87962208418708],[2.3269514085269454,48.87797830016077],[2.326948270009402,48.87790463677145],[2.3269458180107154,48.87784600874385],[2.3268468795853043,48.87562578387359],[2.3265757247873107,48.875582501605315],[2.323780618219392,48.87518389728633],[2.321617279452325,48.87504887209883],[2.320220874342889,48.87490920710404],[2.3199688420710918,48.87476600643765],[2.319957304697056,48.87475954659084],[2.319930036777055,48.87474427827883],[2.319583779135868,48.874550396935916],[2.315894233876733,48.873919043516196],[2.314480747984782,48.873675792936474],[2.3122934012325604,48.87330008691991]]],"type":"Polygon"},"properties":{"id":"P32","nom":"Europe","commune":"75056","arr":8,"zone":"Z3","secteur":"5"}},{"type":"Feature","geometry":{"coordinates":[[[2.339228550276048,48.87679269118236],[2.338156525248434,48.876861410361606],[2.337099204567836,48.876714200619205],[2.3354500844894455,48.87683049121019],[2.334339473663467,48.87691374711931],[2.33280736003286,48.87684305482689],[2.3324390960619072,48.87672704503734],[2.331031109620982,48.87616001424043],[2.330180483012938,48.87599471872925],[2.3268522164898986,48.87557353176103],[2.3268468795853043,48.87562578387359],[2.3269458180107154,48.87784600874385],[2.326948270009402,48.87790463677145],[2.3269514085269454,48.87797830016077],[2.3270208634307408,48.87962208418708],[2.327021612678668,48.879643769563145],[2.327062207951853,48.88081794744057],[2.327120759499819,48.88212774093241],[2.327181266310053,48.88348115420053],[2.3272951479478596,48.88349983021663],[2.327429281833641,48.88352182601088],[2.327558869931376,48.88354938187104],[2.327734810636101,48.88358679283678],[2.327836696355674,48.88360845690433],[2.3281404819211087,48.88370820802972],[2.3283531459165934,48.88384621380236],[2.3285192839341833,48.883954026706775],[2.329130458636692,48.884350633156444],[2.329203792867229,48.88439822113728],[2.3292610679516432,48.88443538849391],[2.3294428390272395,48.88455334123225],[2.329708011227593,48.88449111389433],[2.330471163550379,48.884312023890466],[2.330554907629764,48.884292370539164],[2.332122369294016,48.88392450822928],[2.332441837991906,48.88384953111528],[2.332472586015401,48.883839704690594],[2.3325003367343027,48.88383083552288],[2.3326006088667954,48.883798134561424],[2.3326861956845684,48.883770229636994],[2.3328452928294756,48.88372270529644],[2.334887760509779,48.883112581053055],[2.3349742676938163,48.88308673907022],[2.3369538485832955,48.88249534906364],[2.3370497383413054,48.88246670036321],[2.3371494867912816,48.88243871147494],[2.3371990934248905,48.8824247928607],[2.337303034793614,48.88239562644897],[2.3373039092708328,48.88239538037586],[2.3378239523485767,48.88230779313137],[2.3378881360666433,48.88229866555385],[2.338049144434429,48.882275767656346],[2.339499348577562,48.882069514901524],[2.3395864310275827,48.88205712945716],[2.339594908692709,48.88203991175146],[2.3396107162616357,48.882007810067556],[2.340415197896781,48.88038170959968],[2.3398610988922255,48.87904808707814],[2.339228550276048,48.87679269118236]]],"type":"Polygon"},"properties":{"id":"P33","nom":"Saint-Georges","commune":"75056","arr":9,"zone":"Z5","secteur":"6"}},{"type":"Feature","geometry":{"coordinates":[[[2.3354500844894455,48.87683049121019],[2.337099204567836,48.876714200619205],[2.338156525248434,48.876861410361606],[2.339228550276048,48.87679269118236],[2.339311439919573,48.876666342305036],[2.3390512763532434,48.87594773664892],[2.338766332360119,48.87596482427672],[2.3384427898637306,48.87510531103239],[2.338089662636435,48.87416170096162],[2.337423680060611,48.87236226310624],[2.337096349517334,48.8714745917308],[2.337008698050244,48.871458582754045],[2.3341504456549687,48.870970071994925],[2.332082346211126,48.870616598401035],[2.3298403402466246,48.870231962997195],[2.328007327675641,48.86991742139949],[2.3280068997460486,48.869917727471524],[2.32799095019138,48.86992896784402],[2.325841283421675,48.86956305270996],[2.325836254471965,48.86956219698903],[2.326092291856702,48.87056666408239],[2.326272004331596,48.871265732444755],[2.3264955931184312,48.872135451401185],[2.326753874550817,48.873140088204885],[2.3268503671625878,48.873278579754256],[2.3269657310182734,48.87353902167512],[2.327005715529925,48.87362928838176],[2.3270531306385926,48.87373633175271],[2.327025590236668,48.873842806223],[2.3270135859319736,48.87388921030589],[2.3269381064159282,48.874181015475834],[2.3265757247873107,48.875582501605315],[2.3268468795853043,48.87562578387359],[2.3268522164898986,48.87557353176103],[2.330180483012938,48.87599471872925],[2.331031109620982,48.87616001424043],[2.3324390960619072,48.87672704503734],[2.33280736003286,48.87684305482689],[2.334339473663467,48.87691374711931],[2.3354500844894455,48.87683049121019]]],"type":"Polygon"},"properties":{"id":"P34","nom":"Chaussée-d'Antin","commune":"75056","arr":9,"zone":"Z2","secteur":"6"}},{"type":"Feature","geometry":{"coordinates":[[[2.340255299125085,48.87660144727085],[2.3422839737437036,48.876512447874305],[2.3431325410538424,48.87655557350835],[2.3443745113982253,48.87654153086637],[2.3443844066719954,48.87655458225971],[2.3486612992964715,48.87663406745335],[2.348321129071744,48.876019723671796],[2.3482465068115874,48.875793736103766],[2.3479119512804676,48.8740239108311],[2.347900471891945,48.87200665691326],[2.347880282483183,48.870704148509446],[2.3430689342081,48.87148887471402],[2.34004423190851,48.871980826423716],[2.3398980936088116,48.87195573303286],[2.3397355588836675,48.87192782312047],[2.337096349517334,48.8714745917308],[2.337423680060611,48.87236226310624],[2.338089662636435,48.87416170096162],[2.3384427898637306,48.87510531103239],[2.338766332360119,48.87596482427672],[2.3390512763532434,48.87594773664892],[2.339311439919573,48.876666342305036],[2.3396785809232616,48.87665538070941],[2.340255299125085,48.87660144727085]]],"type":"Polygon"},"properties":{"id":"P35","nom":"Faubourg-Montmartre","commune":"75056","arr":9,"zone":"Z5","secteur":"6"}},{"type":"Feature","geometry":{"coordinates":[[[2.349708567463583,48.88222268076684],[2.349829487799958,48.881089396214136],[2.3498589552080915,48.880626450799966],[2.349524398670685,48.87968520901964],[2.349515247916176,48.87966938500458],[2.3492917613776014,48.87904846353868],[2.3491966105035718,48.87854668035992],[2.349113866582735,48.877477896306026],[2.349084948148027,48.87742251003853],[2.3486612992964715,48.87663406745335],[2.3443844066719954,48.87655458225971],[2.3443745113982253,48.87654153086637],[2.3431325410538424,48.87655557350835],[2.3422839737437036,48.876512447874305],[2.340255299125085,48.87660144727085],[2.3396785809232616,48.87665538070941],[2.339311439919573,48.876666342305036],[2.339228550276048,48.87679269118236],[2.3398610988922255,48.87904808707814],[2.340415197896781,48.88038170959968],[2.3396107162616357,48.882007810067556],[2.339594908692709,48.88203991175146],[2.3395864310275827,48.88205712945716],[2.3395977125443554,48.88205548025939],[2.339678103876271,48.8820437314389],[2.3397765417084346,48.882029348116795],[2.3398160433395843,48.8820235754977],[2.3415754300990566,48.88236750798414],[2.3418887942591398,48.88242876215583],[2.341988741273266,48.88244829909136],[2.3439039931717485,48.88282265597416],[2.3444366876582565,48.88293057710487],[2.3444466956562953,48.882932605035],[2.3445147533814152,48.88294587136561],[2.346629952240909,48.88335816480778],[2.346656128621728,48.88336326566055],[2.3466609032826873,48.883364197340924],[2.3467752425048705,48.88338648248881],[2.3469503876273143,48.883420618724976],[2.3470007966745974,48.88342663229517],[2.3471343231257804,48.8834425600602],[2.3472407443210255,48.88345525339856],[2.3488163378347418,48.88364318120608],[2.3493369032838123,48.88370526549934],[2.349505641130355,48.88372538847323],[2.349590125124536,48.883487518861706],[2.349708567463583,48.88222268076684]]],"type":"Polygon"},"properties":{"id":"P36","nom":"Rochechouart","commune":"75056","arr":9,"zone":"Z5","secteur":"6"}},{"type":"Feature","geometry":{"coordinates":[[[2.360513483394207,48.875990126278126],[2.360210219355979,48.87581609708408],[2.359546113723021,48.875920482242314],[2.3580835401814877,48.876162712909334],[2.356165506082169,48.87648724557451],[2.3561179028036126,48.876489320615775],[2.3560198123562435,48.87649359542387],[2.355369054416522,48.876558067305695],[2.3514048047135003,48.87709813159916],[2.349084948148027,48.87742251003853],[2.349113866582735,48.877477896306026],[2.3491966105035718,48.87854668035992],[2.3492917613776014,48.87904846353868],[2.349515247916176,48.87966938500458],[2.349524398670685,48.87968520901964],[2.3498589552080915,48.880626450799966],[2.349829487799958,48.881089396214136],[2.349708567463583,48.88222268076684],[2.349590125124536,48.883487518861706],[2.349505641130355,48.88372538847323],[2.349667597643656,48.88373754588644],[2.3498211742467463,48.88374908020373],[2.3501480222845847,48.88377360593913],[2.350297072952964,48.88378482909196],[2.35039313939722,48.88379200179937],[2.350665095427167,48.883812842303776],[2.3507665087065135,48.883820023923796],[2.3509702804725006,48.88383590919766],[2.351195407257237,48.883852761513495],[2.351328317756173,48.88386271149803],[2.3541207498626653,48.88407170962558],[2.3553425078889743,48.884151789157315],[2.355475666841216,48.8841605163752],[2.3556591651522663,48.88417254240523],[2.355697966863382,48.8841753799549],[2.3559327117644155,48.884192553891985],[2.3565111454067744,48.884234868544326],[2.3572926426193557,48.884292033040296],[2.3589411376370486,48.88441258719416],[2.3591068008621456,48.88442129373911],[2.3591115896641806,48.88442154510418],[2.359299085562219,48.884426003809246],[2.3593066695405747,48.884425949064145],[2.35933957202232,48.88442571683267],[2.3593568715355606,48.8844255944605],[2.359520856248891,48.88442442942145],[2.3595625195769387,48.88442413967174],[2.359759144854321,48.88442274869758],[2.36141356067521,48.88441098143173],[2.3615366579057593,48.88441010456702],[2.3625967624825663,48.884402543641194],[2.363326542376853,48.88439733706126],[2.3639772394782814,48.88439269161966],[2.3643443249574094,48.88438621708676],[2.3645445303191037,48.88437615155824],[2.3646858877450176,48.88436904429999],[2.364854974517756,48.88435795786456],[2.366471566293451,48.88425195295459],[2.366756816118182,48.884233263087296],[2.366781221784765,48.884231661860476],[2.366889788229583,48.884224544050014],[2.367480351695148,48.88418582602234],[2.36757726035379,48.88417947248285],[2.367848997252736,48.88416165563004],[2.3679359932670696,48.8841594736028],[2.3679382833231437,48.884159321115426],[2.3679790389291284,48.884156608952544],[2.3680255756140522,48.884153512700976],[2.3680262610393106,48.88415344077544],[2.3680699571410533,48.88414877907261],[2.368114338649073,48.88414404632706],[2.3681164602554654,48.884143728370375],[2.3682020091081926,48.88413089227608],[2.3682437298458248,48.88412404551266],[2.368315307755799,48.88410954740578],[2.3683584510672024,48.88409873937657],[2.3683689161253705,48.88409611908717],[2.3683732493475738,48.88409503217732],[2.3683853858680055,48.88409199262454],[2.368473443073777,48.88406481360724],[2.3685196692251056,48.88404807003256],[2.3685248923386184,48.88404590502069],[2.368530314171226,48.88404365831849],[2.3685600890698155,48.88403131560311],[2.3685830578880065,48.884021793250426],[2.3685916000313068,48.88401772297747],[2.368624233828178,48.88400217123438],[2.3686438555228673,48.883992820077786],[2.3686517705818066,48.88398850817192],[2.368679043654944,48.88397364760729],[2.368701652229524,48.883961329121874],[2.3685103001798007,48.88380760251794],[2.368457648888323,48.883765303723216],[2.36613624638637,48.88190025302388],[2.365779827928778,48.881609603366165],[2.3653508367490255,48.88126471418893],[2.3628955570385446,48.8792471079319],[2.362425249947284,48.878857472303466],[2.3620182317234475,48.87852245925178],[2.3616071005281647,48.87783931437602],[2.3611134038907085,48.876998599906315],[2.360513483394207,48.875990126278126]]],"type":"Polygon"},"properties":{"id":"P37","nom":"Saint-Vincent-de-Paul","commune":"75056","arr":10,"zone":"Z5","secteur":"7"}},{"type":"Feature","geometry":{"coordinates":[[[2.3553447343852665,48.871262685264895],[2.3542605804166112,48.86933005072561],[2.352631014364641,48.86969449879282],[2.350960685459888,48.870049489907146],[2.347880282483183,48.870704148509446],[2.347900471891945,48.87200665691326],[2.3479119512804676,48.8740239108311],[2.3482465068115874,48.875793736103766],[2.348321129071744,48.876019723671796],[2.3486612992964715,48.87663406745335],[2.349084948148027,48.87742251003853],[2.3514048047135003,48.87709813159916],[2.355369054416522,48.876558067305695],[2.3560198123562435,48.87649359542387],[2.3561179028036126,48.876489320615775],[2.356165506082169,48.87648724557451],[2.3580835401814877,48.876162712909334],[2.358032126726192,48.876068862320494],[2.3579445916319752,48.875912655039414],[2.3578900112329224,48.8758022306218],[2.3577729474672235,48.87559176526929],[2.3572736026883967,48.87469398819949],[2.3567748167673397,48.87381638065245],[2.3559040366508555,48.87226852338971],[2.3553447343852665,48.871262685264895]]],"type":"Polygon"},"properties":{"id":"P38","nom":"Porte-Saint-Denis","commune":"75056","arr":10,"zone":"Z5","secteur":"7"}},{"type":"Feature","geometry":{"coordinates":[[[2.363917183048106,48.86754108728464],[2.363828096062926,48.86750443060333],[2.363766907584724,48.867540864130106],[2.3637609199647,48.86754446653909],[2.3637501529723948,48.86755085398254],[2.3637489733795176,48.86755155729216],[2.3636957795069695,48.86758323709328],[2.3635867639910213,48.86764810073832],[2.363420512806497,48.867747147812366],[2.363341067763255,48.86779437773356],[2.363264895211807,48.867842872396096],[2.3631910203476054,48.86785349899083],[2.3630971130566474,48.86786700925167],[2.362950441094721,48.8678881815884],[2.362835821366177,48.867904657146255],[2.362609137864379,48.86793726360685],[2.362346352537287,48.86797347882326],[2.3596612902414513,48.86836164123579],[2.3590120670016783,48.868455386706195],[2.3572766098704165,48.868711833543365],[2.3563763046267763,48.86885263850907],[2.3561222360553074,48.86890277457216],[2.355851251413281,48.868964952965634],[2.3542605804166112,48.86933005072561],[2.3553447343852665,48.871262685264895],[2.3559040366508555,48.87226852338971],[2.3567748167673397,48.87381638065245],[2.3572736026883967,48.87469398819949],[2.3577729474672235,48.87559176526929],[2.3578900112329224,48.8758022306218],[2.3579445916319752,48.875912655039414],[2.358032126726192,48.876068862320494],[2.3580835401814877,48.876162712909334],[2.359546113723021,48.875920482242314],[2.3592164346410227,48.87525314435058],[2.3611397058589945,48.8746057175716],[2.362912807424422,48.87421236751652],[2.363001590816779,48.874192350435386],[2.3630071893622326,48.87419097456558],[2.3634120281037045,48.87409142678794],[2.3634346506046215,48.874085864188984],[2.3635067152226457,48.87406722733924],[2.3648960328561577,48.873707911358366],[2.366676818634649,48.8726595262511],[2.366558571802086,48.87257215053018],[2.3678737761131874,48.87180669230388],[2.3693330996603232,48.86946096502566],[2.368317291017189,48.86907447643273],[2.3678735816422907,48.86892302158889],[2.3676147163959573,48.86883465923014],[2.3673926123183944,48.86876232078131],[2.3663458037175604,48.868465751618984],[2.3655227183969516,48.868201669869244],[2.363917183048106,48.86754108728464]]],"type":"Polygon"},"properties":{"id":"P39","nom":"Porte-Saint-Martin","commune":"75056","arr":10,"zone":"Z11","secteur":"7"}},{"type":"Feature","geometry":{"coordinates":[[[2.3724339136735346,48.87610639317681],[2.37359249046116,48.87508848440864],[2.3737226589933482,48.8749741181627],[2.374216880603839,48.874539883500134],[2.3742499140444018,48.87451085838823],[2.3743969966093497,48.87438162744187],[2.374713936616006,48.87410314963284],[2.374780558263393,48.874044673921965],[2.375017613130042,48.873844317805755],[2.375119252976397,48.873758411539015],[2.3751940231282185,48.873690573773565],[2.376916676643023,48.87212756463513],[2.376988736543216,48.87206217934375],[2.3769220644403304,48.87204448860825],[2.374243794124576,48.87108570259702],[2.374011423784017,48.87098145767969],[2.3736023331940608,48.87081081762927],[2.373090168651008,48.87062663100738],[2.372888754718486,48.87056485982617],[2.3696367558009177,48.869567447339165],[2.3693330996603232,48.86946096502566],[2.3678737761131874,48.87180669230388],[2.366558571802086,48.87257215053018],[2.366676818634649,48.8726595262511],[2.3648960328561577,48.873707911358366],[2.3635067152226457,48.87406722733924],[2.3634346506046215,48.874085864188984],[2.3634120281037045,48.87409142678794],[2.3630071893622326,48.87419097456558],[2.363001590816779,48.874192350435386],[2.362912807424422,48.87421236751652],[2.3611397058589945,48.8746057175716],[2.3592164346410227,48.87525314435058],[2.359546113723021,48.875920482242314],[2.360210219355979,48.87581609708408],[2.360513483394207,48.875990126278126],[2.3611134038907085,48.876998599906315],[2.3616071005281647,48.87783931437602],[2.3620182317234475,48.87852245925178],[2.362425249947284,48.878857472303466],[2.3628955570385446,48.8792471079319],[2.3653508367490255,48.88126471418893],[2.365779827928778,48.881609603366165],[2.36613624638637,48.88190025302388],[2.368457648888323,48.883765303723216],[2.3685103001798007,48.88380760251794],[2.368701652229524,48.883961329121874],[2.3687143264607116,48.88395206273012],[2.3687238704407716,48.88394431498426],[2.368740902216925,48.88393049039129],[2.368746354542722,48.88392606387038],[2.3687548767813853,48.88391800856087],[2.3687698989498203,48.88390381183856],[2.3687753809019463,48.883898628238754],[2.3687835811260727,48.883889463257965],[2.368785266245954,48.88388757905781],[2.3687872167545936,48.88388540037811],[2.3688010667479107,48.883869918628164],[2.3688011330923664,48.883869845233065],[2.3688040397034285,48.88386540079175],[2.368816663715415,48.8838460985287],[2.368822525670824,48.883836113621825],[2.3688597050371767,48.88377279551288],[2.3688779384732417,48.88371505767327],[2.36890979518612,48.88363285438347],[2.3689145237083227,48.88362299929445],[2.368915690430931,48.8836205691657],[2.368948599414473,48.883552009710144],[2.36897052789245,48.88350711933218],[2.3690026740727137,48.88345243426122],[2.369039726570391,48.88339909614831],[2.3690818266291043,48.883347376431104],[2.369119708519911,48.8833062690223],[2.3691270109888607,48.883299270260764],[2.369135080484852,48.88329154078952],[2.3691689010308576,48.883259132746026],[2.3691792705379258,48.883250424330825],[2.3691836721115425,48.883246727002465],[2.3692224595614437,48.88321415355569],[2.369233102329642,48.883206300037465],[2.369279882322783,48.88317177936559],[2.369280246938551,48.88317151058869],[2.36935057822664,48.883129314982725],[2.369449946760859,48.88307514932437],[2.369553604961403,48.88302470690542],[2.369553680413041,48.88302466953094],[2.3696331538910944,48.88299479052969],[2.3696337444909745,48.88299455261934],[2.369825324511685,48.882917053407915],[2.3698253628863575,48.882917037422004],[2.369971085350149,48.88285260934919],[2.370011159344807,48.8828329918361],[2.37002541317027,48.88282544323336],[2.370041953402103,48.88281668537159],[2.3701117511810312,48.882779725090394],[2.370127155188856,48.882772345304964],[2.3701452841228017,48.8827619985799],[2.370161774475179,48.88275048399786],[2.370176628458904,48.88273806957092],[2.370190525413689,48.882723493518476],[2.3702003366692663,48.88271063437344],[2.3702006261227644,48.88271015295679],[2.370204761598176,48.88270330474232],[2.37020918791124,48.88269597331961],[2.3702096073833103,48.88269500155365],[2.3702129438959334,48.88268724171378],[2.370215723438789,48.88268077307735],[2.370215840130896,48.882680369892796],[2.370217977800722,48.88267296707506],[2.3702202124202087,48.88266521492852],[2.3702203627908136,48.88266405648531],[2.370221062189764,48.882658655201205],[2.370221518044698,48.882655125936864],[2.370222149798935,48.88265024410866],[2.370222247704526,48.88264947749663],[2.3702246909391946,48.88247935630473],[2.37022473434082,48.882476331192095],[2.370225181621678,48.88244520868604],[2.3702256288585017,48.882414089776155],[2.370226824145522,48.88233081104636],[2.3702374385931866,48.88159154570093],[2.370238427692789,48.88152272074321],[2.3702389270285673,48.88148796879117],[2.3702393604455296,48.881447279119264],[2.370247009174819,48.88072906798082],[2.370254728615411,48.880128240949816],[2.370254784673384,48.88012394334484],[2.370255808688261,48.880023133792015],[2.370256455675845,48.8799611715266],[2.370271192957651,48.87856297628709],[2.3702717013035097,48.878515070663994],[2.3702724804079445,48.878441840382145],[2.3702732116337195,48.87836095473123],[2.370276538336682,48.87799256449043],[2.370463764212839,48.877829019079684],[2.372114233179368,48.876387249618325],[2.3723901957645075,48.876144800244596],[2.3724339136735346,48.87610639317681]]],"type":"Polygon"},"properties":{"id":"P40","nom":"Hôpital-Saint-Louis","commune":"75056","arr":10,"zone":"Z11","secteur":"7"}},{"type":"Feature","geometry":{"coordinates":[[[2.370102644458916,48.86376465252297],[2.366901092931891,48.862457012767365],[2.3667653866676543,48.86301900406743],[2.366751514006774,48.8630601943929],[2.3667351798170353,48.86310013059486],[2.366717752493785,48.8631391616644],[2.3667030510352505,48.86316992059441],[2.3658359312425987,48.864612042458205],[2.3658354929486687,48.86461277399999],[2.365799838850082,48.864672217833366],[2.3654058915530864,48.865329956101675],[2.3647512252848504,48.86641900342722],[2.364735520430764,48.86644512689709],[2.3646745221394467,48.86654659783673],[2.3645445478528977,48.86676280300425],[2.364517177005649,48.86680822193109],[2.364499503250019,48.86683760311589],[2.3644992152061333,48.86683808363361],[2.364489529566737,48.86685418438254],[2.3644537130704393,48.8669137257761],[2.3644377815917994,48.866940075526855],[2.3644377092727,48.8669401929566],[2.3643788544343414,48.867037952713716],[2.364378811267048,48.867038027129794],[2.364317526957069,48.86713992171009],[2.364262374754116,48.86723148751011],[2.3642488892099323,48.8672538841255],[2.3642310460574048,48.86726450499854],[2.3641961506834086,48.86728527608571],[2.3641362022010264,48.867320901589565],[2.3640508870402908,48.86737182228134],[2.3639604108556003,48.86742562395425],[2.3639062642252426,48.86745787256779],[2.3639060376405094,48.86745800806346],[2.363895270694849,48.86746439462117],[2.3638892830924907,48.86746799703685],[2.363828096062926,48.86750443060333],[2.363917183048106,48.86754108728464],[2.3655227183969516,48.868201669869244],[2.3663458037175604,48.868465751618984],[2.3673926123183944,48.86876232078131],[2.3676147163959573,48.86883465923014],[2.3678735816422907,48.86892302158889],[2.368317291017189,48.86907447643273],[2.3693330996603232,48.86946096502566],[2.3696367558009177,48.869567447339165],[2.372888754718486,48.87056485982617],[2.373090168651008,48.87062663100738],[2.3736023331940608,48.87081081762927],[2.374011423784017,48.87098145767969],[2.374243794124576,48.87108570259702],[2.3769220644403304,48.87204448860825],[2.376988736543216,48.87206217934375],[2.377016728664941,48.87203480714051],[2.3770591968696513,48.87199327737028],[2.377156854453655,48.87189777690322],[2.3779781962954387,48.871094566715904],[2.3782789048793314,48.87085494388802],[2.3783592447816515,48.87079092274744],[2.378400410099215,48.87075866416155],[2.3791905740224273,48.87013944679455],[2.3793229358803787,48.870035720119766],[2.3805590058195625,48.869067020603616],[2.3806320617347,48.86900976456085],[2.382804178012913,48.867387397706175],[2.382981583840799,48.86725488637239],[2.3830811979377127,48.867180478569885],[2.3830959286507882,48.867152281952634],[2.383136036636736,48.86707551238079],[2.3828727725685335,48.867009918986014],[2.380488977901941,48.86641595649842],[2.3788694656340743,48.86601743580038],[2.3780167939572645,48.86580709355971],[2.375156262832306,48.86513741332315],[2.3746918155694123,48.86505267442033],[2.372509014041277,48.86466336777973],[2.3718468665011128,48.86451774686227],[2.3705913813273187,48.863966403273594],[2.370102644458916,48.86376465252297]]],"type":"Polygon"},"properties":{"id":"P41","nom":"Folie-Méricourt","commune":"75056","arr":11,"zone":"Z11","secteur":"13"}},{"type":"Feature","geometry":{"coordinates":[[[2.370939691376834,48.85779519397288],[2.368227316702227,48.85692403905225],[2.36806857045761,48.857586670498634],[2.3676197000517645,48.85945764510326],[2.367465689617645,48.86009986078619],[2.367265176116383,48.860949194138136],[2.3671013412545516,48.86162755885409],[2.366901092931891,48.862457012767365],[2.370102644458916,48.86376465252297],[2.3705913813273187,48.863966403273594],[2.3718468665011128,48.86451774686227],[2.372509014041277,48.86466336777973],[2.3746918155694123,48.86505267442033],[2.375156262832306,48.86513741332315],[2.3780167939572645,48.86580709355971],[2.3788694656340743,48.86601743580038],[2.380488977901941,48.86641595649842],[2.3828727725685335,48.867009918986014],[2.383136036636736,48.86707551238079],[2.3831802901963774,48.86698882465083],[2.383282946411252,48.86678773422253],[2.3833203110466172,48.866714538797694],[2.3834572700115313,48.86644624723896],[2.383556928289954,48.86635893189199],[2.3836979017956352,48.86623541041864],[2.3840870007068253,48.865894484039465],[2.384749218047835,48.86531423941356],[2.3848891449085383,48.865191947663334],[2.384891770174968,48.86518965254695],[2.3849537708327806,48.8651354648082],[2.385027962251848,48.86507063211895],[2.3852267913578595,48.86489687920767],[2.3860777363864516,48.86415324410963],[2.3872555840339293,48.863124049214306],[2.3872978830002323,48.86308643762273],[2.387328154439928,48.86304739384433],[2.3873887178467017,48.862968592288084],[2.3874354175392947,48.8629084152756],[2.387417591963751,48.86290393074475],[2.387356456876861,48.8628885520102],[2.3872273738110246,48.86285607959034],[2.3859754853395567,48.862498071188305],[2.3852798053213355,48.862305756420476],[2.384036939745821,48.862061858242285],[2.3825910649747444,48.86157612383462],[2.381161299813768,48.86109874147563],[2.3799232867375477,48.86071144164408],[2.378859126132776,48.860378720404576],[2.378596238182259,48.860284871404616],[2.3768511373370824,48.85975160146891],[2.3758569291908427,48.85944188351782],[2.3737893806003143,48.85876379896289],[2.370939691376834,48.85779519397288]]],"type":"Polygon"},"properties":{"id":"P42","nom":"Saint-Ambroise","commune":"75056","arr":11,"zone":"Z10","secteur":"13"}},{"type":"Feature","geometry":{"coordinates":[[[2.3797208188869265,48.853440884822916],[2.3793727967725857,48.8533862424117],[2.3786863464364636,48.85329169615556],[2.378098933648729,48.85324108321989],[2.377382045439409,48.85327259523967],[2.3771532551389623,48.85327219684273],[2.377025570543497,48.85327197280778],[2.376738153423257,48.853271471617724],[2.375437900457549,48.85331165675364],[2.3752209983094157,48.853260086942264],[2.3746058159117553,48.852987355371226],[2.3737872140936545,48.85186519672007],[2.373551931948097,48.8519314633399],[2.371968671538228,48.85239572579151],[2.371886636273745,48.85242357172466],[2.371852963808623,48.852436114501856],[2.3718189176869466,48.85244799788103],[2.3717391054150645,48.852478523762876],[2.3715117444626315,48.852576617372776],[2.371444110897596,48.85260887712361],[2.3714045004135755,48.8526292120485],[2.371363720562105,48.85264921075403],[2.3712985482259445,48.85268360402572],[2.3709137339132345,48.8529062028289],[2.370404567937281,48.85323180635684],[2.370390436271204,48.85323815337273],[2.3703819108261586,48.853241383952955],[2.370377054573864,48.85324311303547],[2.3703736313840693,48.85324433163174],[2.3703511639701604,48.85325061589307],[2.3703168151088794,48.8532560138176],[2.3703163085379635,48.85325609299279],[2.370307286726425,48.853256753305],[2.37029780174765,48.85325728437033],[2.370280570180626,48.85325738074988],[2.3693372021357524,48.85317932546996],[2.36913799648954,48.85316284245765],[2.3691348780361317,48.85317614812271],[2.3691301040709627,48.85319674240402],[2.3691141164928147,48.85326541359503],[2.369106875143626,48.85329630234093],[2.369105862149444,48.853300725410406],[2.369103414954773,48.853311379724474],[2.3690033196171316,48.85374128812617],[2.3685123713934337,48.855734128136696],[2.3684797205288945,48.855830810456254],[2.368227736005118,48.85692228033982],[2.368227316702227,48.85692403905225],[2.370939691376834,48.85779519397288],[2.3737893806003143,48.85876379896289],[2.3758569291908427,48.85944188351782],[2.3768511373370824,48.85975160146891],[2.378596238182259,48.860284871404616],[2.378859126132776,48.860378720404576],[2.3799232867375477,48.86071144164408],[2.381161299813768,48.86109874147563],[2.3825910649747444,48.86157612383462],[2.384036939745821,48.862061858242285],[2.3852798053213355,48.862305756420476],[2.3859754853395567,48.862498071188305],[2.3872273738110246,48.86285607959034],[2.387356456876861,48.8628885520102],[2.387417591963751,48.86290393074475],[2.3874354175392947,48.8629084152756],[2.3874404116073595,48.86289986200601],[2.387450099280609,48.86288326835227],[2.3874582566579785,48.862869301939725],[2.387479226124668,48.8628333887841],[2.3875193604578024,48.862758645647304],[2.387613739593753,48.86256345586015],[2.3883676475574105,48.86100422944764],[2.388708685898932,48.86029281780321],[2.3888515243570114,48.85999484970569],[2.3889558797317827,48.859777158290264],[2.3890730674422795,48.859532686795845],[2.389520882286381,48.85859858587463],[2.3895382924178703,48.85857583309689],[2.389541044899283,48.85857287120172],[2.3895584600951545,48.85855410524813],[2.3895812515349273,48.85853353654649],[2.3895814634963934,48.85853336045651],[2.38963410374781,48.8584964167136],[2.3896637921625254,48.858480120893184],[2.3896868849315895,48.85846919379981],[2.3897257058546986,48.85845307854283],[2.3897315321833887,48.858450784345024],[2.3897976394508733,48.8584267869454],[2.3899775092641393,48.85837304623037],[2.3921559649901947,48.857722129828176],[2.39227492809148,48.857686582112144],[2.392470648991509,48.85758576539201],[2.3944371706512273,48.85657201998931],[2.394460979362749,48.85653603617273],[2.39224650045626,48.85589982300188],[2.391336543259982,48.855759796508764],[2.389139655060559,48.85541836891713],[2.387109603161641,48.855117592964824],[2.3846986923434574,48.85455776519188],[2.3826705908008607,48.85407623584266],[2.382010226256402,48.85392453405336],[2.3804232760479707,48.853583871498884],[2.3797208188869265,48.853440884822916]]],"type":"Polygon"},"properties":{"id":"P43","nom":"Roquette","commune":"75056","arr":11,"zone":"Z11","secteur":"13"}},{"type":"Feature","geometry":{"coordinates":[[[2.3962365762994087,48.85415458838644],[2.3970750340833153,48.85308233163489],[2.3971175014377075,48.85302802072518],[2.3971727739650137,48.85295732609966],[2.397693577575758,48.85229121264745],[2.398372561109768,48.85142278170919],[2.398432636842917,48.851345942817474],[2.398434913427229,48.851339032856266],[2.398437794439281,48.85133029035795],[2.3984436834435394,48.851312430070465],[2.398471439488493,48.8512282419394],[2.398712221429389,48.85049791780645],[2.3987269321665914,48.85045330113808],[2.398731319788479,48.85043999659022],[2.398742159800161,48.85040711139915],[2.398754035261842,48.85037176628562],[2.398758580757881,48.85035824218793],[2.398778630020185,48.850298566603115],[2.398953002953573,48.849779567619755],[2.3992371324282407,48.848921430093405],[2.3992637308686833,48.84884109582181],[2.3991690181571155,48.84835905874652],[2.399142750817968,48.84822536741744],[2.399117692180047,48.84809783461589],[2.398863272933275,48.84812063136658],[2.3986681283170266,48.84813811624195],[2.3978038176146987,48.848215555349555],[2.39761948974853,48.84823206949561],[2.397358472297004,48.84825545487997],[2.396952938212771,48.84829178513408],[2.3965072805899004,48.848331707805826],[2.3959166251727804,48.848384618244744],[2.3953272685333453,48.84847017888042],[2.394361210058953,48.84861041946543],[2.3933683184375973,48.84876271594285],[2.390097092697926,48.849264380845916],[2.3894925895587154,48.849354502306355],[2.384343303660782,48.85013150642982],[2.3837792387055408,48.85021267689321],[2.3815749001656292,48.85038532653489],[2.3801195138999343,48.85045073004657],[2.3793965668357546,48.85055091704587],[2.3788181977616687,48.850629818919366],[2.3785102918691576,48.850706371975875],[2.377772832411308,48.8508853282068],[2.3748500484383235,48.85160441563082],[2.3737872140936545,48.85186519672007],[2.3746058159117553,48.852987355371226],[2.3752209983094157,48.853260086942264],[2.375437900457549,48.85331165675364],[2.376738153423257,48.853271471617724],[2.377025570543497,48.85327197280778],[2.3771532551389623,48.85327219684273],[2.377382045439409,48.85327259523967],[2.378098933648729,48.85324108321989],[2.3786863464364636,48.85329169615556],[2.3793727967725857,48.8533862424117],[2.3797208188869265,48.853440884822916],[2.3804232760479707,48.853583871498884],[2.382010226256402,48.85392453405336],[2.3826705908008607,48.85407623584266],[2.3846986923434574,48.85455776519188],[2.387109603161641,48.855117592964824],[2.389139655060559,48.85541836891713],[2.391336543259982,48.855759796508764],[2.39224650045626,48.85589982300188],[2.394460979362749,48.85653603617273],[2.3949002492459193,48.85588943110587],[2.3950667928627385,48.85564427721693],[2.3960416685702857,48.854403578838784],[2.3960842249190373,48.85434941899],[2.3961179362239564,48.854306309754534],[2.3962365762994087,48.85415458838644]]],"type":"Polygon"},"properties":{"id":"P44","nom":"Sainte-Marguerite","commune":"75056","arr":11,"zone":"Z10","secteur":"13"}},{"type":"Feature","geometry":{"coordinates":[[[2.4138796243107197,48.833571438823334],[2.4140074737710564,48.83357061369285],[2.4141353271252424,48.8335712598047],[2.414263144858808,48.833573378763994],[2.414390884763154,48.8335769694648],[2.414518512782663,48.83358203263995],[2.414645986739075,48.83358856448586],[2.414773267147892,48.83359656391038],[2.4149003186215565,48.83360602894223],[2.415027100343736,48.833616955784926],[2.4152577509639324,48.833639545151065],[2.4154052233741297,48.83365621895142],[2.415552232759109,48.83367458740667],[2.415698735570758,48.83369464760752],[2.4158446842248416,48.83371639212835],[2.415990037927674,48.83373981537563],[2.4161347477421953,48.8337649090183],[2.4162787742665572,48.83379166477183],[2.4164220698850913,48.833820077909444],[2.416564595245781,48.83385013565052],[2.416706301380094,48.83388183236258],[2.4168471516598498,48.833915155278724],[2.416987098508056,48.83395009607562],[2.4171260984544936,48.833986644651304],[2.41726411215519,48.83402478732679],[2.4174010988433494,48.83406451581242],[2.418869661010755,48.8345193729282],[2.4222505974190964,48.83568867029455],[2.4218971026696203,48.83630354577415],[2.4218866448214387,48.83632173787621],[2.421738546610853,48.83657933474864],[2.421699102764182,48.83665286289018],[2.4216792471284485,48.83669301779864],[2.4216604571136435,48.8367333955002],[2.4216427342239513,48.83677398341156],[2.421626092224801,48.83681476900859],[2.421610525788864,48.83685574147371],[2.421596048711524,48.83689688558486],[2.4215815148459674,48.836941671829855],[2.421570323264439,48.83697967686452],[2.421560141223157,48.83701780369577],[2.4215509661092236,48.837056042418325],[2.4215332234697344,48.83713608066696],[2.4215331529723905,48.837136417586315],[2.421528485260632,48.8371583996721],[2.421516217074164,48.83721618812149],[2.4212932007709687,48.838255915639195],[2.420862833305955,48.83962355616348],[2.4204180347040367,48.840499245915645],[2.4202294770383337,48.84072570430334],[2.4199893881884598,48.84094634548888],[2.4198561985551725,48.841068746166236],[2.4195703209494503,48.84153329497426],[2.419422931410117,48.8424838863034],[2.419524402731846,48.84267345313964],[2.419527058624618,48.84267771098924],[2.4195297287834108,48.842681789036725],[2.4195325096645,48.84268583524457],[2.419535394465487,48.842689848680365],[2.4195383872636924,48.842693830263286],[2.4195414826695054,48.84269777457097],[2.4195446820252156,48.842701683408706],[2.4195479853509725,48.84270555497785],[2.41955138993179,48.84270938836586],[2.4195548958078503,48.84271317997548],[2.419558500223999,48.842716932491435],[2.41956220594533,48.842720642329645],[2.4195660075319365,48.84272430856442],[2.41956990498383,48.842727931195725],[2.4195738969586453,48.84273150841836],[2.4195779848288117,48.842735039339566],[2.419582164536959,48.84273852124158],[2.4195864360729775,48.842741955023705],[2.4195907967220713,48.842745339773444],[2.4195952478665825,48.84274867369875],[2.419599785439221,48.842751954981196],[2.4196044094399882,48.84275518362072],[2.419609117143867,48.842758359604126],[2.419613909943514,48.842761480240085],[2.419617148282427,48.842763602243565],[2.419635083558617,48.8427753584045],[2.4196460876100887,48.842782943898186],[2.419656888624721,48.842790653416365],[2.419667485229877,48.84279848785182],[2.419677873398291,48.84280644178888],[2.4196880490425094,48.842814515207735],[2.4196980108298254,48.84282270540398],[2.4197077533706457,48.84283100695533],[2.4197172752820846,48.84283942165387],[2.419717547641113,48.8428396801909],[2.419739533745237,48.84286062582099],[2.419752266553107,48.84287338469258],[2.4197646612001065,48.84288628851757],[2.4197767095513587,48.8428993336591],[2.4197884143815838,48.84291251563404],[2.419799767576006,48.84292582900693],[2.4198107664192183,48.84293927286533],[2.419821409628706,48.84295284000836],[2.41983169177433,48.842966528610944],[2.4198416101909124,48.842980333264165],[2.4198511822403606,48.84299428552977],[2.419859252082484,48.84300780781216],[2.419865836814524,48.8430194864066],[2.419872112775117,48.84303123994848],[2.4198780759265808,48.84304306392153],[2.419883726318675,48.843054953829146],[2.4198890612565047,48.843066906960296],[2.4198940780446665,48.843078920603865],[2.419898085721492,48.84308929342507],[2.419901116433128,48.843097830419644],[2.419903921963549,48.84310639959835],[2.4199064982152874,48.84311500184062],[2.4199088493356467,48.84312363177047],[2.4199109726195993,48.84313228757614],[2.4199128640195156,48.843140965640536],[2.419914527622942,48.843149665983496],[2.4199159580496525,48.84315838228349],[2.4199171607396033,48.84316711546619],[2.419919212294405,48.843187847476095],[2.4199201164479143,48.843201612007114],[2.4199206566847904,48.84321538646497],[2.419920834447035,48.84322916366183],[2.4199206456671214,48.843242941779245],[2.419920093129758,48.843256715434585],[2.419919175522078,48.843270480124694],[2.41991789560898,48.84328423226557],[2.419916252067694,48.84329796825337],[2.4199126963240416,48.84332080904144],[2.4199101258951226,48.843334207772536],[2.4199072015446625,48.84334757510851],[2.419903923312434,48.8433609074521],[2.4199002926306648,48.8433741985147],[2.419896313596783,48.84338744741686],[2.4198919822030356,48.84340064694419],[2.4198873039191895,48.84341379532455],[2.4198822788049585,48.843426887162],[2.420108726029539,48.84353595989741],[2.421780032405745,48.84434094759962],[2.4219975191205463,48.84444569779027],[2.422106283164041,48.84449808002687],[2.4223036709183208,48.844397213800534],[2.4223384949095923,48.84437681101394],[2.4223583304955176,48.84436462340213],[2.422377840194407,48.844352209374755],[2.422397018526539,48.84433957160357],[2.4224158599818013,48.84432671545823],[2.422434357707793,48.84431364450326],[2.4224525089395774,48.84430036232287],[2.4224703040897246,48.84428687336771],[2.422487741765751,48.84427318032928],[2.4225048137330543,48.84425928856411],[2.4225215172065417,48.844245203455],[2.4225378439816465,48.84423092766058],[2.4225537912832786,48.844216465664324],[2.4225693536218396,48.84420182103741],[2.422584526820278,48.8441870018539],[2.4225993054185206,48.84417200898702],[2.4226136797796043,48.844156851383936],[2.4226843341140185,48.84408578717301],[2.422723136039538,48.84404463825758],[2.4227608445439026,48.844003047865264],[2.422797447216805,48.843961029427426],[2.4228329330202634,48.84391859548277],[2.422867292269304,48.84387575947584],[2.422900512563856,48.84383253393874],[2.4229325842089278,48.8437889332152],[2.422963498902459,48.84374496895772],[2.42299325236985,48.8437006582343],[2.423015824930201,48.84366693605409],[2.4230621130280285,48.84359778122029],[2.423116007309536,48.843517266411155],[2.4232052424180717,48.843383949930164],[2.423206520023862,48.843382147486],[2.4236998753444303,48.84268673926418],[2.4244426763996034,48.84202960412059],[2.424543977619307,48.841955399898865],[2.4245569819326644,48.841945875312696],[2.424798077253759,48.84190072424104],[2.42474060513451,48.841773971352524],[2.42504974908903,48.84172518171952],[2.427560333230386,48.8415094749781],[2.427571530136922,48.84150851318372],[2.432451116588784,48.841089109817325],[2.433637697638912,48.84098708864823],[2.4336769241072886,48.841193888937596],[2.4354027622144026,48.84104535107625],[2.4371912992206237,48.840891432688004],[2.4372049897250685,48.84095868621653],[2.437781084301251,48.84378863152375],[2.4378984464672864,48.84436510491651],[2.4379364746406056,48.84455190123736],[2.4379399077412933,48.84456876675302],[2.4405118400013586,48.844345236013446],[2.440513049324589,48.84435151735701],[2.440517104689214,48.84437256230498],[2.440556132011386,48.84457505073775],[2.4406096092488054,48.84485252009247],[2.4406165056185904,48.844888302517695],[2.440808584814223,48.844871941000854],[2.4408736955384756,48.84520397609675],[2.4408747019433625,48.84520910980847],[2.4406948219870483,48.84520837331337],[2.44070143179141,48.84527302629953],[2.4407672019088897,48.84591604062938],[2.442028407055914,48.84587964005396],[2.446527551313934,48.84574967087559],[2.446553406475968,48.845728963297795],[2.4464314625697754,48.84504421972734],[2.4464112981094996,48.844930992387596],[2.446550192710429,48.844917329019474],[2.4471434831865535,48.84485896841145],[2.4478703315219104,48.8447874639342],[2.449379494302873,48.84463898615602],[2.450754028533031,48.8444381594788],[2.450833298578171,48.84442657728841],[2.4516166694105164,48.8443121145209],[2.4531073009326585,48.84409659478879],[2.4535024748763528,48.84404545666287],[2.458069758798029,48.84345434012764],[2.4606173046625264,48.84296727026955],[2.460806264791777,48.842927606248466],[2.460985447164559,48.84288765414896],[2.4611635468877164,48.84284564188295],[2.4613405079226003,48.84280158449171],[2.46151627561232,48.84275549522448],[2.461690798025457,48.842707387342905],[2.461864020478467,48.84265727679463],[2.462035893757132,48.84260517775349],[2.4622063617981578,48.84255110796005],[2.4623753740355463,48.842495080683186],[2.462542878476591,48.842437115481],[2.462708824519619,48.84237722922005],[2.462873160192075,48.842315439660226],[2.4631036540999154,48.84223019848926],[2.4632305438129167,48.84218055251648],[2.4633561034290508,48.84212945248241],[2.463480294635029,48.84207691350817],[2.4636030750309033,48.84202295069672],[2.4637244103453635,48.8419675836844],[2.4638442609230586,48.84191082578801],[2.463962593865622,48.84185269575076],[2.4640793721972227,48.841793211398425],[2.464194558942704,48.84173239055681],[2.464308119833765,48.84167025286269],[2.464420020630613,48.841606815254835],[2.464475301187437,48.841571919592816],[2.4646584812317394,48.84145628306453],[2.4648330941198826,48.84134146140793],[2.4650046419650216,48.84122464630244],[2.465173075369126,48.84110587171524],[2.46533833943996,48.84098517608569],[2.4655003888703537,48.84086259339933],[2.4656591714960774,48.840738162107854],[2.46581463787978,48.84061192067497],[2.465966742663493,48.84048390848222],[2.4661154377845595,48.840354163100024],[2.4662606806225,48.84022272302265],[2.4663922304321937,48.84009920165122],[2.466402424434001,48.840089630323114],[2.4664407256020056,48.84005153002202],[2.4664677578277474,48.8400233919646],[2.466494043813844,48.839994945691025],[2.466519571188817,48.83996620193886],[2.466544335801827,48.83993716698556],[2.4665683293595406,48.83990785248617],[2.466591529815741,48.839878282625406],[2.4672080731188375,48.83912257705823],[2.467208418066343,48.839122153199476],[2.4672395341009192,48.83908401251835],[2.4684505142376953,48.837878156253105],[2.469313215059031,48.83711219413749],[2.469345901791427,48.837079821101334],[2.4693675764662744,48.837057321810576],[2.4693886514385386,48.83703457702885],[2.469409122557631,48.83701159303361],[2.4694289829392146,48.83698837698938],[2.4694482284417236,48.8369649342743],[2.469466849428807,48.836941274738784],[2.469484843130591,48.83691740286762],[2.469502202635225,48.83689332852335],[2.469518922430176,48.836869057977296],[2.469534996993484,48.836844598400056],[2.4695504248903086,48.8368199569804],[2.4695651951403614,48.83679514176408],[2.4695793062265032,48.83677016803364],[2.4696413213915953,48.8366784288799],[2.46970108264435,48.83658604924552],[2.4697070347066723,48.83657656402996],[2.4697117932637513,48.83656855656317],[2.469716335776018,48.83656049237821],[2.469720667610634,48.83655237959307],[2.469724781974112,48.83654421637899],[2.469728681545708,48.836536007244646],[2.4697323635641113,48.836527755775236],[2.469735823942459,48.83651946195263],[2.469739068084415,48.83651113029765],[2.4697420891692663,48.8365027616794],[2.469744888522973,48.836494359701184],[2.4697474674803415,48.836485927067066],[2.4697498219271767,48.836477466456834],[2.4697519518634805,48.83646897787053],[2.469753857216277,48.836460468502686],[2.469755539357068,48.83645193746001],[2.4697569928000696,48.8364433883157],[2.469758220233499,48.836434824679046],[2.4697592230197154,48.83642624655609],[2.4697599970261392,48.83641765842536],[2.4697605435787393,48.83640906389011],[2.4697608653838317,48.83640046476107],[2.4697609583454287,48.83639186191947],[2.4697608237894015,48.836383258968624],[2.469756693397605,48.83632201779501],[2.469747876892932,48.83619122200971],[2.4697051223776034,48.835557022916824],[2.469530206520561,48.83494727373246],[2.4695030411132994,48.83486937940926],[2.4694845082101904,48.83482127684938],[2.4694647074730187,48.834773395299244],[2.4694436414921315,48.83472574826028],[2.4694213210042815,48.834678351967774],[2.4693977499712183,48.83463121902969],[2.4693729377671025,48.83458436567538],[2.4693468897067605,48.83453780541802],[2.4693196179070673,48.834491552700335],[2.469291124957956,48.83444562102343],[2.469261420260656,48.83440002391852],[2.469230518656314,48.83435477584034],[2.4691984227163384,48.83430989208856],[2.469165144593685,48.834265383508445],[2.469130697757582,48.83422126544797],[2.4690626678463463,48.834133978352114],[2.46902645080452,48.8340903317563],[2.46898908653137,48.83404710725009],[2.46895058440004,48.834004321062515],[2.4689109579157997,48.83396198494417],[2.4688530158975768,48.83390338889898],[2.4688204097549966,48.833872135252],[2.468786981020208,48.83384126196825],[2.46875274050044,48.833810778088704],[2.4687177003558527,48.83378069355963],[2.4686818686688374,48.833751017409924],[2.4686452603423743,48.83372175779929],[2.468578879845954,48.83367193154835],[2.4685433717261547,48.83364661149129],[2.4685072014267884,48.833621704884074],[2.4684703770574106,48.83359721805766],[2.468432910795793,48.83357315915985],[2.4683948134572544,48.8335495363324],[2.468356099971479,48.83352635503726],[2.468286529773733,48.833486248207635],[2.4682251428042696,48.83345217824844],[2.468162861796989,48.83341881927219],[2.4680997097899615,48.83338618307164],[2.4680357030373523,48.83335427871141],[2.467941959203438,48.83332044151821],[2.4678902094322748,48.833300669107814],[2.467838987536109,48.83328030184804],[2.4677883125141644,48.833259347018924],[2.46773819927866,48.8332378118824],[2.4676886641040974,48.83321570370643],[2.4667270400727763,48.83272220218993],[2.4665431296304146,48.83260102601357],[2.466464646206041,48.83254784298888],[2.4664089675113465,48.83250851107906],[2.4663543348228494,48.83246854436296],[2.4663007684629283,48.83242795372503],[2.4662482832865855,48.832386751823925],[2.466196896873033,48.83234495133046],[2.466120516887776,48.832280260234484],[2.4660612807943676,48.83222799474804],[2.466003434433233,48.83217505551699],[2.4659469953545345,48.83212145791076],[2.4658919824702217,48.83206721730489],[2.4658223435268285,48.83199603843042],[2.4657657951238656,48.83193573190369],[2.4657108459274117,48.8318747831514],[2.465657518888881,48.83181321206411],[2.4656058261072524,48.831751033987196],[2.4655538680536395,48.83168550997281],[2.46551402046131,48.83163275972356],[2.465475573898311,48.83157955794453],[2.465438539092927,48.83152592087348],[2.465402928135603,48.83147186475427],[2.465387503338985,48.83144728370219],[2.465368782586673,48.83141745452793],[2.4653227194019594,48.831335883345574],[2.465322110011462,48.83133473303554],[2.4652875614403102,48.83126969501552],[2.465254159477361,48.831203111607806],[2.4652225228394538,48.83113615295155],[2.465192662196519,48.83106884068052],[2.4651645827973563,48.831001193706065],[2.465138299388859,48.830933234579454],[2.4651138145043365,48.83086498130036],[2.4650911374323274,48.8307964572949],[2.465070409268199,48.830728116473736],[2.4650702761270136,48.83072768328493],[2.4646387389570537,48.82935568980874],[2.4645157484173454,48.82860797199669],[2.4645429002116446,48.82809570411234],[2.464551170478469,48.82793955118613],[2.4646094190063534,48.82762749224923],[2.464734203714412,48.827604272507365],[2.464735432001609,48.82760404416993],[2.4647644346413635,48.82759864737652],[2.4647695614050944,48.827587143160734],[2.464774312849181,48.82757212704353],[2.464776760301767,48.827555575291704],[2.464780901906354,48.82751491105191],[2.464782931185047,48.82747845537921],[2.464770056305729,48.82742589282753],[2.464718803918356,48.82731378601595],[2.4646868255553556,48.82726475069064],[2.4646474690413234,48.82723675355457],[2.4646060191215646,48.82722067711297],[2.464551850126726,48.82721302652348],[2.4644998306440282,48.827215186816886],[2.464463750791155,48.827222938770774],[2.4644321176567243,48.82723526591255],[2.464339608911578,48.82731558221608],[2.4641259630770107,48.82753324096917],[2.463931447810499,48.82773187985111],[2.463669895459435,48.827970699078634],[2.463060528620617,48.828475873705685],[2.4625723013987857,48.82884581518536],[2.4619531408030246,48.82927922549156],[2.456861761165163,48.832656470762984],[2.4562504798936713,48.833067399545065],[2.455731174559674,48.83344327826662],[2.4552601873962976,48.833813027022764],[2.454823725872337,48.834185775882396],[2.4541698165576613,48.83478095896906],[2.453950247739298,48.83499911640867],[2.453755754303087,48.8351989159802],[2.453526836065708,48.835440603891435],[2.4532241534186117,48.8357738012197],[2.453155641791192,48.835805933302765],[2.453095395209336,48.8358129129837],[2.45304035779984,48.83580605103305],[2.4507994612887476,48.8350833884277],[2.4495781878052134,48.83476553475223],[2.4483584806428667,48.83447447122529],[2.445201313963102,48.833925367481825],[2.4449317403046997,48.8339351510331],[2.43742941679509,48.83483696724152],[2.4352249684307337,48.83510185332356],[2.4315210938364173,48.835546782124645],[2.4313964807707373,48.83556174965972],[2.431369176558435,48.83547454010748],[2.4313347993279373,48.83538842741215],[2.431313000946587,48.83534377031233],[2.4312934240252595,48.83530366284586],[2.431245163797377,48.83522049246529],[2.4312372066457333,48.83520871886041],[2.4312173050600925,48.83517927266255],[2.4311902012452893,48.835139164455086],[2.4311334954800605,48.83506616070758],[2.4309982005023842,48.83493429580435],[2.430907905624201,48.83488120679614],[2.4308160093027866,48.83483343701574],[2.430735393463527,48.83478778308688],[2.4306338081083223,48.83472619871545],[2.4305289823060536,48.834653983655635],[2.430406394579115,48.83455732829068],[2.430295081497549,48.8344596013897],[2.430140141240616,48.83428748082968],[2.430001265700684,48.83409301998585],[2.429864342193923,48.83389829663934],[2.429746144715592,48.83369548896975],[2.4296407554159747,48.83349267027117],[2.4295584339122183,48.833298287763235],[2.429524957855991,48.83320193490989],[2.429477803783669,48.83304066010584],[2.4294021079573285,48.832769160703435],[2.4293849544306765,48.8326517532823],[2.4293636825922524,48.832471018179426],[2.4293209847171737,48.832321158505586],[2.4292566983096213,48.83218256014243],[2.4268201552541764,48.82887548153169],[2.426589807618159,48.82895513419076],[2.426349223653824,48.82903986639429],[2.4260830183527324,48.82911954663267],[2.4258219020085146,48.82918062212471],[2.4255582114348173,48.82923493493442],[2.425312420058571,48.82927401695792],[2.4250640511845667,48.82930295471958],[2.424758676666145,48.8293282811412],[2.4244853336492596,48.82934736373195],[2.4242113341277762,48.82936617362725],[2.4239424421571214,48.82937652556885],[2.4234174579797614,48.8293938339813],[2.422200981135142,48.82940658899358],[2.4218629607391837,48.829428822865886],[2.421483993633925,48.829469685969514],[2.42116139006731,48.82952234247014],[2.420914457997778,48.82956742041568],[2.420567447431442,48.8296546681989],[2.4204368960718408,48.82969196372394],[2.4202602632311043,48.829739437815526],[2.420003527066108,48.829362561627946],[2.4197313539902265,48.82894004339462],[2.419646558892079,48.82877101851708],[2.4195633864484516,48.828609847510954],[2.4195533927236332,48.828594494466245],[2.4195454935973584,48.82858236322897],[2.419510149979477,48.82852806772887],[2.4194773738138817,48.828477717613694],[2.4194702528516157,48.828466780910375],[2.4194016724662006,48.82836132267334],[2.419326394526334,48.82827494163929],[2.419203688585004,48.82817216588676],[2.419095423205175,48.82808861488416],[2.41896864358483,48.82801935562618],[2.4188326036619126,48.82795418112707],[2.4186904022589912,48.8278992104318],[2.418458585859424,48.82783002550458],[2.41821137070131,48.82778940830018],[2.417930198515183,48.82776513232527],[2.417655248428465,48.82776736699473],[2.417355596626995,48.8277777782655],[2.4170745072034414,48.82780449398174],[2.4167899733101565,48.82783881349043],[2.4164227957738613,48.82789469975257],[2.4161417461082904,48.827947928657814],[2.415869969915526,48.82800319160082],[2.4155920115651357,48.82805845609397],[2.4153326040139356,48.82812186807584],[2.4150732004705073,48.82818935815017],[2.4148292448700013,48.828256837808375],[2.414637784469593,48.82831000145424],[2.414350604752541,48.82839586660229],[2.4136959968351244,48.828620681473936],[2.413146597391886,48.82883393323176],[2.412692525234335,48.82900890674038],[2.4119508830022154,48.82933517845738],[2.4112497331364517,48.82965721008548],[2.4109201881072715,48.829812942511325],[2.410628315612118,48.82995776327535],[2.410312895743767,48.830110375354195],[2.410034838208727,48.83026761017516],[2.409511488748771,48.830590330317136],[2.4092808842503555,48.83075020522291],[2.408526468342277,48.83133567343241],[2.408341297475508,48.831441640062316],[2.4081491973889944,48.83154208417663],[2.407932552757385,48.831649703934886],[2.4077310865343127,48.83173554655727],[2.4075347305127806,48.8318112351244],[2.40732129084837,48.83188693314541],[2.4070993060466708,48.831960381379105],[2.4068773023964822,48.83202142235039],[2.4066416186209136,48.832073448148165],[2.406404220208223,48.832120963644556],[2.406170230032202,48.832162837679995],[2.40593281645769,48.832201328826464],[2.4056818636755897,48.83223687155633],[2.4053472611413023,48.83228108598865],[2.405118079232471,48.83230425167687],[2.4049038346242146,48.83231918290553],[2.4046273042129593,48.83233415177112],[2.4044279985574186,48.83234249400787],[2.4042785200183467,48.832349162155985],[2.4041728992319147,48.83235855244522],[2.404045626554565,48.83238220752669],[2.403971767879063,48.83239823492929],[2.4037978741218695,48.832443019151285],[2.4037544448108132,48.83245583177279],[2.4037283054331624,48.83246485700713],[2.403636604294784,48.83249948587412],[2.403539585987861,48.83254209251117],[2.403503630712522,48.83255913605702],[2.403438496609296,48.832592112022596],[2.403358584048675,48.832637719573704],[2.403305087146347,48.83267147300893],[2.402185998198497,48.833423540984825],[2.4044563191101878,48.83423453984083],[2.4036080386824756,48.835328652638694],[2.4035547319888875,48.835396752865464],[2.40292170992414,48.83622463875708],[2.4021916577800546,48.83714108086626],[2.402270404259536,48.8373609736549],[2.4012717462333653,48.83860201250104],[2.4010383214351783,48.83882452404171],[2.4004690116238234,48.83936387246546],[2.400342960098856,48.83948415069093],[2.400325811065821,48.839505307620634],[2.400311391892018,48.83952733982046],[2.400293109541381,48.83956729939152],[2.4002833882594823,48.839612532560324],[2.4002826857434747,48.83963652487709],[2.4002850192508394,48.83966048115077],[2.400286572112878,48.83966892044078],[2.400356451660146,48.83985752578099],[2.4004392727924535,48.84008106050819],[2.4006003052423277,48.8405156782942],[2.400777213122897,48.84099336368599],[2.400803181018716,48.841063314626886],[2.400856090150695,48.84120627287847],[2.401517384093561,48.84298025445846],[2.4015426848234283,48.84304831761237],[2.4017057910543427,48.84348643793967],[2.401816390581338,48.843783690750435],[2.4018816936550604,48.84395920570847],[2.4021556505780777,48.84469549152441],[2.4021570372298995,48.844699216392826],[2.402213824494096,48.84485183671727],[2.402214139082019,48.844852683684],[2.4022535170484742,48.844958326348944],[2.402292907458104,48.84506396725366],[2.4022956116608745,48.84507126734633],[2.4023121743797238,48.84511593836408],[2.4021150407090115,48.845249214579596],[2.4002336068799,48.846521148539786],[2.4001656825103996,48.84656706632708],[2.3991754925694577,48.84723643658632],[2.399119113742546,48.84727454958299],[2.3989714030688205,48.84737310265462],[2.399117692180047,48.84809783461589],[2.3992635247286707,48.84808504876141],[2.3994070995461394,48.84807246993873],[2.399453228634635,48.84806842596657],[2.403452116529008,48.847717869263064],[2.4040803242951725,48.84765733470465],[2.4062736988226616,48.84744604618645],[2.406314101803262,48.847442152825145],[2.4063251428874413,48.84744126149323],[2.4077283173895823,48.84732788523025],[2.408005156293681,48.84730551334909],[2.409452139637248,48.847188575257],[2.409560994828016,48.84717807295646],[2.4104306101401614,48.84709991682843],[2.4106362710434293,48.847081432137884],[2.4109841759399995,48.84705016167529],[2.4110980216782654,48.84703992807117],[2.411155246660877,48.84703478483555],[2.411275410835626,48.84702444905663],[2.411574377272921,48.84699873328547],[2.411706005668424,48.84698741110801],[2.413342083410245,48.84684666753925],[2.4136142045230886,48.846823256780766],[2.4136363535869174,48.84682129502595],[2.4139415420512282,48.846794267401606],[2.4141438909806707,48.84677634774244],[2.4144905069978067,48.84674565076003],[2.414565150387199,48.846739039754475],[2.415288895494186,48.84667493872982],[2.4154839378096566,48.84665766460559],[2.415993784019717,48.846612504918795],[2.41591911567092,48.84624130988308],[2.4159188472626085,48.84623996943477],[2.4158753767840517,48.8460238591845],[2.4158551099275156,48.84592309822363],[2.4157377602120667,48.84533970397217],[2.4157189485314987,48.84524617094943],[2.415690740650429,48.84510593439627],[2.4153619550291485,48.844040298195495],[2.4152455377978246,48.8436629674553],[2.415136792526323,48.84331049710759],[2.4151286831732293,48.84328420884772],[2.4150994984049565,48.84318960945831],[2.4148773920925226,48.8424696872795],[2.414814238899316,48.84226498328084],[2.41478337634842,48.84216494699462],[2.414690585759219,48.84186416611733],[2.414613958711572,48.841615778919014],[2.414511880858004,48.84130137199268],[2.414509778997463,48.84129489801957],[2.4142878812170134,48.8405364000757],[2.4135718387460257,48.838088636567484],[2.413511477520538,48.83788228539395],[2.41332305828289,48.83737475404256],[2.413259696382011,48.837204082638536],[2.4131031454829373,48.83678237833095],[2.4130539956990353,48.836649985841355],[2.4129273301415686,48.83630878033634],[2.412859283455234,48.8361254764921],[2.4125520306646298,48.83529779268294],[2.4125247717357854,48.83522435981782],[2.4124943594123707,48.83514243045837],[2.412442458572576,48.83500261683994],[2.4124102324035452,48.83491580398239],[2.4122996174272258,48.83461781046684],[2.412274092562227,48.83454905011644],[2.4121248553926704,48.83445171066802],[2.4120611684151254,48.834410170798606],[2.411922917506233,48.834319995455246],[2.411904073315744,48.83430770473148],[2.4115492582054316,48.83407627287764],[2.41135474096735,48.8339493957599],[2.4113416648857733,48.83394086838895],[2.4113127444922497,48.833922003088155],[2.411216852230974,48.83385945426909],[2.4114082201333344,48.8338222729966],[2.4115783546838037,48.833791474974134],[2.4117492747237352,48.83376264118712],[2.411858419440932,48.83374556298182],[2.4119209338430796,48.83373578129703],[2.4120932747646373,48.8337109022142],[2.4122662483647126,48.8336880126879],[2.412439798739017,48.83366711873643],[2.4126138767647243,48.83364822910963],[2.4127884265889152,48.83363134532973],[2.412963396364457,48.833616476133855],[2.4131387315811144,48.833603624850056],[2.413314379080681,48.83359279571292],[2.4134964737015827,48.833582752498906],[2.4136240840702805,48.83357751072708],[2.4137518141115355,48.833573738967026],[2.4138796243107197,48.833571438823334]]],"type":"Polygon"},"properties":{"id":"P45","nom":"Bel-Air","commune":"75056","arr":12,"zone":"Z14","secteur":"8"}},{"type":"Feature","geometry":{"coordinates":[[[2.4112497331364517,48.82965721008548],[2.4119508830022154,48.82933517845738],[2.412692525234335,48.82900890674038],[2.413146597391886,48.82883393323176],[2.4136959968351244,48.828620681473936],[2.414350604752541,48.82839586660229],[2.414637784469593,48.82831000145424],[2.4148292448700013,48.828256837808375],[2.4150732004705073,48.82818935815017],[2.4153326040139356,48.82812186807584],[2.4155920115651357,48.82805845609397],[2.415869969915526,48.82800319160082],[2.4161417461082904,48.827947928657814],[2.4164227957738613,48.82789469975257],[2.4167899733101565,48.82783881349043],[2.4170745072034414,48.82780449398174],[2.417355596626995,48.8277777782655],[2.417655248428465,48.82776736699473],[2.417930198515183,48.82776513232527],[2.41821137070131,48.82778940830018],[2.418458585859424,48.82783002550458],[2.4186904022589912,48.8278992104318],[2.4188326036619126,48.82795418112707],[2.41896864358483,48.82801935562618],[2.419095423205175,48.82808861488416],[2.419203688585004,48.82817216588676],[2.419326394526334,48.82827494163929],[2.4194016724662006,48.82836132267334],[2.4194702528516157,48.828466780910375],[2.4194773738138817,48.828477717613694],[2.419510149979477,48.82852806772887],[2.4195454935973584,48.82858236322897],[2.4195533927236332,48.828594494466245],[2.4195633864484516,48.828609847510954],[2.419646558892079,48.82877101851708],[2.4197313539902265,48.82894004339462],[2.420003527066108,48.829362561627946],[2.4202602632311043,48.829739437815526],[2.4204368960718408,48.82969196372394],[2.420567447431442,48.8296546681989],[2.420914457997778,48.82956742041568],[2.42116139006731,48.82952234247014],[2.421483993633925,48.829469685969514],[2.4218629607391837,48.829428822865886],[2.422200981135142,48.82940658899358],[2.4234174579797614,48.8293938339813],[2.4239424421571214,48.82937652556885],[2.4242113341277762,48.82936617362725],[2.4244853336492596,48.82934736373195],[2.424758676666145,48.8293282811412],[2.4250640511845667,48.82930295471958],[2.425312420058571,48.82927401695792],[2.4255582114348173,48.82923493493442],[2.4258219020085146,48.82918062212471],[2.4260830183527324,48.82911954663267],[2.426349223653824,48.82903986639429],[2.426589807618159,48.82895513419076],[2.4268201552541764,48.82887548153169],[2.4292566983096213,48.83218256014243],[2.4293209847171737,48.832321158505586],[2.4293636825922524,48.832471018179426],[2.4293849544306765,48.8326517532823],[2.4294021079573285,48.832769160703435],[2.429477803783669,48.83304066010584],[2.429524957855991,48.83320193490989],[2.4295584339122183,48.833298287763235],[2.4296407554159747,48.83349267027117],[2.429746144715592,48.83369548896975],[2.429864342193923,48.83389829663934],[2.430001265700684,48.83409301998585],[2.430140141240616,48.83428748082968],[2.430295081497549,48.8344596013897],[2.430406394579115,48.83455732829068],[2.4305289823060536,48.834653983655635],[2.4306338081083223,48.83472619871545],[2.430735393463527,48.83478778308688],[2.4308160093027866,48.83483343701574],[2.430907905624201,48.83488120679614],[2.4309982005023842,48.83493429580435],[2.4311334954800605,48.83506616070758],[2.4311902012452893,48.835139164455086],[2.4312173050600925,48.83517927266255],[2.4312372066457333,48.83520871886041],[2.431245163797377,48.83522049246529],[2.4312934240252595,48.83530366284586],[2.431313000946587,48.83534377031233],[2.4313347993279373,48.83538842741215],[2.431369176558435,48.83547454010748],[2.4313964807707373,48.83556174965972],[2.4315210938364173,48.835546782124645],[2.4352249684307337,48.83510185332356],[2.43742941679509,48.83483696724152],[2.4449317403046997,48.8339351510331],[2.445201313963102,48.833925367481825],[2.4483584806428667,48.83447447122529],[2.4495781878052134,48.83476553475223],[2.4507994612887476,48.8350833884277],[2.45304035779984,48.83580605103305],[2.453095395209336,48.8358129129837],[2.453155641791192,48.835805933302765],[2.4532241534186117,48.8357738012197],[2.453526836065708,48.835440603891435],[2.453755754303087,48.8351989159802],[2.453950247739298,48.83499911640867],[2.4541698165576613,48.83478095896906],[2.454823725872337,48.834185775882396],[2.4552601873962976,48.833813027022764],[2.455731174559674,48.83344327826662],[2.4562504798936713,48.833067399545065],[2.456861761165163,48.832656470762984],[2.4619531408030246,48.82927922549156],[2.4625723013987857,48.82884581518536],[2.463060528620617,48.828475873705685],[2.463669895459435,48.827970699078634],[2.463931447810499,48.82773187985111],[2.4641259630770107,48.82753324096917],[2.464339608911578,48.82731558221608],[2.4644321176567243,48.82723526591255],[2.464463750791155,48.827222938770774],[2.4644998306440282,48.827215186816886],[2.464551850126726,48.82721302652348],[2.4646060191215646,48.82722067711297],[2.4646474690413234,48.82723675355457],[2.4646868255553556,48.82726475069064],[2.464718803918356,48.82731378601595],[2.464770056305729,48.82742589282753],[2.464782931185047,48.82747845537921],[2.464780901906354,48.82751491105191],[2.464776760301767,48.827555575291704],[2.464774312849181,48.82757212704353],[2.4647695614050944,48.827587143160734],[2.4647644346413635,48.82759864737652],[2.4648081712840213,48.827590508696],[2.4648094487074865,48.82759027068471],[2.464898696145562,48.8275736630517],[2.464932113768617,48.82756744416622],[2.465011877392134,48.827552600841194],[2.4650859076005953,48.82753882454722],[2.4652292575589523,48.82766996258242],[2.465433300866315,48.82756901274037],[2.4661763458410206,48.82733166080007],[2.4658990107813303,48.82663012272368],[2.465891134683786,48.82661020257407],[2.465881120968397,48.82658487398449],[2.465831816136176,48.82646014647775],[2.4657609467906085,48.826280877690586],[2.465700577367771,48.826089226503484],[2.4656718188418947,48.82599793106942],[2.4653585873315635,48.8250035036286],[2.4653449334404973,48.82500260257606],[2.4653077491355253,48.82500026974966],[2.4652616162390064,48.82499737256692],[2.4652067021174164,48.82499392795461],[2.4651474375821563,48.82499020843963],[2.4652483169629105,48.82449908886284],[2.46471812324683,48.823277567853935],[2.464666345694017,48.82327313062672],[2.46290717870913,48.82020405935588],[2.462728813925122,48.8196332221856],[2.462638086486805,48.819342849897666],[2.462523504522036,48.81926743703118],[2.4626040986623434,48.81921352937937],[2.4628103447379326,48.81907557513136],[2.4628047794505994,48.819028817864115],[2.4613263481795635,48.81830680950213],[2.461075268793708,48.81818418724716],[2.45976596977077,48.81754473613355],[2.4591956969463755,48.817334019765276],[2.459248857459161,48.81724493530948],[2.458764516500108,48.8170620488985],[2.458631404827662,48.817011785554186],[2.458478663062748,48.817012423159014],[2.457148244620069,48.81701797422976],[2.4545460443015448,48.81713707957117],[2.453272890387197,48.81724291852261],[2.453209456844835,48.81724819198308],[2.4518399970563727,48.81757020926966],[2.4508264221166955,48.817808530436864],[2.450524610091628,48.81784733957151],[2.4498529168385588,48.817933706276015],[2.4496352309688625,48.81796169580841],[2.447624028259356,48.81802751840331],[2.4426654387274445,48.817956695888775],[2.442140117120039,48.81797876576701],[2.4416364016612704,48.81804217954766],[2.440088654668633,48.8183385608207],[2.4400588513372523,48.81834380221379],[2.440042616866046,48.818346374845056],[2.4400263176810135,48.81834875920182],[2.4400099565059734,48.818350955296786],[2.439993540150464,48.818352963161885],[2.4399770740813733,48.818354781023906],[2.4399605610225215,48.81835640889558],[2.4399440078025756,48.81835784501015],[2.439893432085938,48.818361470920856],[2.439861440186348,48.81836328259181],[2.4398294059329833,48.818364726211655],[2.439804593725066,48.81836555610937],[2.4397972966615593,48.81836579982866],[2.439752635589755,48.818366271404265],[2.4397171162931452,48.818366183219176],[2.439681602746032,48.818365686734545],[2.4396461099486926,48.81836478022192],[2.439644670964303,48.8183647276102],[2.439610646053982,48.81836346551829],[2.439575223319198,48.81836174268111],[2.439554527366301,48.81836049537814],[2.4395398499357484,48.81835960995004],[2.4395050566108285,48.81835710848595],[2.4395045394842354,48.8183570709863],[2.4373499164297896,48.81821960738831],[2.437386079384839,48.81859727289097],[2.4374232014321047,48.818821082348336],[2.4374701933834486,48.819104387696996],[2.437410228103274,48.81914810294482],[2.4373864257604345,48.81916461048178],[2.4373722352230955,48.81917399433194],[2.4373578013096995,48.819183213349135],[2.4373431240590735,48.819192263935946],[2.437328210300021,48.8192011443257],[2.4373130641472693,48.81920985183955],[2.4372976897350704,48.81921838200001],[2.4372820925108534,48.81922673483259],[2.437266276608789,48.81923490585984],[2.4372502488385277,48.81924289511367],[2.4372340092581752,48.81925069719811],[2.4372147287011154,48.819259611882934],[2.4371840982657873,48.81927377315222],[2.4371477012019107,48.81928996593565],[2.437136354828118,48.819295013773605],[2.437088056219668,48.819315699546635],[2.437039153161285,48.819335853622384],[2.437009771952565,48.81934757982766],[2.436984282801717,48.81935732234574],[2.436958540783896,48.81936676957247],[2.436932552737941,48.819375918841736],[2.436926996193928,48.81937779215324],[2.4369063255124175,48.81938476658815],[2.436879870021889,48.81939331106425],[2.4368701924010123,48.8193963026729],[2.436797783696238,48.81941869151367],[2.43671507632937,48.81944318129915],[2.43660443479214,48.81947540713344],[2.436536090663488,48.81949445040946],[2.436493014587365,48.81950645191541],[2.436454648687968,48.819516636385664],[2.4364170900326965,48.81952609975323],[2.4363792868347147,48.819535127558815],[2.4363412527135897,48.819543719866424],[2.436302997261731,48.819551871324855],[2.436264504088827,48.8195595863534],[2.436212825474794,48.819568973193526],[2.436182536102745,48.81957397029607],[2.436151821057629,48.81957865779793],[2.436121584678742,48.8195829095542],[2.4360909416942396,48.819586851799514],[2.4360601976725076,48.81959043920725],[2.4360293662327104,48.81959367184156],[2.4359984500993748,48.819596549715286],[2.4359674656448767,48.819599070207374],[2.435936423745536,48.81960123516793],[2.4351848074291977,48.81964819873506],[2.4351806723654463,48.819648340190625],[2.435178882332594,48.81964837940202],[2.4351770596048214,48.81964841935828],[2.4351734445588553,48.81964845804321],[2.4351716890310495,48.819648455146904],[2.4351698327043114,48.8196484535732],[2.435166219945633,48.819648406828236],[2.4351626062538045,48.8196483205063],[2.435160760161754,48.81964825422588],[2.435158998477242,48.81964819104226],[2.435155393862706,48.81964802112126],[2.4351535632189822,48.81964791174377],[2.435151793801545,48.81964780805172],[2.435148200978512,48.8196475554438],[2.4351446140609334,48.81964726059312],[2.4351410371344406,48.819646923518974],[2.4351374674558435,48.81964654600714],[2.435133910472679,48.81964612808337],[2.4351321315243446,48.819645898433706],[2.4351303634612402,48.819645669734776],[2.4351268333770126,48.81964515750361],[2.435123308915751,48.819644629110215],[2.4351215578870518,48.819644336636124],[2.435119805467338,48.81964404685352],[2.435116316066561,48.819643425090675],[2.4351145804377676,48.819643094016165],[2.4351128434372438,48.81964276383446],[2.435109387589035,48.81964206218571],[2.435107671455323,48.819641691630736],[2.4351059553216348,48.81964132107572],[2.4351025398353565,48.819640539573165],[2.4350991451964457,48.8196397194959],[2.435095772766711,48.81963886085038],[2.4350940820337637,48.8196384085722],[2.43509242390807,48.819637963643075],[2.4350890999921786,48.819637026981056],[2.435087450505595,48.81963653892273],[2.435085800999555,48.81963605266302],[2.4350337564667583,48.81962023141911],[2.434998161782556,48.81960879588111],[2.434975873376131,48.81960289230104],[2.434963824479954,48.81959947080846],[2.4349518723986234,48.81959591306735],[2.434940014447182,48.81959221546757],[2.4349282560150556,48.81958838343083],[2.434916599835668,48.81958441607072],[2.4349050513468646,48.81958031431227],[2.4348936118715248,48.81957608175937],[2.4348822868770275,48.81957171663908],[2.4348710790478485,48.81956722256165],[2.4348599911178015,48.819562598640566],[2.4348490257619098,48.81955784938549],[2.434838189809138,48.81955297302992],[2.434827484582342,48.819547973177635],[2.4348169155193293,48.819542850753734],[2.4345006745049473,48.81937318435318],[2.4343236195911153,48.81938590133705],[2.434179760246343,48.81928080785865],[2.4343033414552173,48.8201556997991],[2.4329997388825055,48.821057907561084],[2.432475474938633,48.82142073215928],[2.4328899977440384,48.821690164021554],[2.432624847192877,48.82190171836511],[2.4321898623011844,48.821618810311676],[2.4303714376829673,48.82288200327716],[2.4305435761613676,48.82307107325603],[2.430692146347852,48.82323425567043],[2.4303284858362035,48.82336891972674],[2.4301265244888777,48.82344135241965],[2.4299819827378166,48.82349061548206],[2.429836160974664,48.82353820483211],[2.4296891029412233,48.82358410718335],[2.429540853761228,48.82362830745731],[2.4293914599113475,48.82367079148155],[2.429073220807692,48.82375492682082],[2.428909159079172,48.823795087287756],[2.4287440609229765,48.82383335030212],[2.4285779795909836,48.82386970532175],[2.428410960153606,48.82390414266499],[2.4281821005144617,48.82394833635522],[2.427966539723961,48.82398719160289],[2.4277499830243543,48.82402355673502],[2.4275325000448302,48.82405741948851],[2.4273141535755873,48.82408877026594],[2.4270950118454033,48.824117600395894],[2.4267284552306774,48.8241603239131],[2.42648560521813,48.824185011888815],[2.426242137471042,48.824206896666986],[2.4259981310932077,48.824225972327895],[2.425753658369195,48.82424223381917],[2.4256017213877468,48.824248802513964],[2.4254010669029045,48.824257480700595],[2.4251570121813075,48.82426458289046],[2.4249128018077633,48.8242688724009],[2.4246685148674274,48.82427034511443],[2.424424226310257,48.82426900139113],[2.424180012418131,48.82426484429627],[2.423935944074811,48.824257872372755],[2.423806819301848,48.824252691371356],[2.4236920975817853,48.824248086888325],[2.4234485464571836,48.82423549449414],[2.4228078160721203,48.824205021384785],[2.42273430273624,48.824201525036436],[2.422534620155652,48.824192026818096],[2.4221011355240827,48.82417140751924],[2.4213757903650537,48.82413690052099],[2.420894062304461,48.824129496194466],[2.4207807911615524,48.82412677832416],[2.4206791148405644,48.824125577995936],[2.4205774241393456,48.824125549392356],[2.4204757463011912,48.82412669174601],[2.4203741153493197,48.82412900702065],[2.4202725612706737,48.82413249266365],[2.420171112670511,48.82413714791465],[2.4200698049841387,48.82414297024753],[2.420015402787739,48.82414673109565],[2.4199686067786197,48.824149968504],[2.4198592020987615,48.82416112422896],[2.4197850567124397,48.8241697708081],[2.4197111510587526,48.82417927110868],[2.419637508338265,48.824189620746814],[2.419564151721776,48.824200818036715],[2.419491100323798,48.82421285857482],[2.41918192188591,48.82426942701158],[2.419023734950829,48.82430127519768],[2.418838258573818,48.82434277661425],[2.418745265370877,48.824365377330736],[2.4186528840133525,48.82438904580482],[2.4185611431689353,48.824413775881595],[2.418261295573364,48.82449279873653],[2.4181020806270155,48.82453170256463],[2.4178849068910395,48.82458174967492],[2.417667153959543,48.82463068914252],[2.4175521668379996,48.824655418562955],[2.417443934965088,48.82467727581226],[2.4173417923477376,48.82469662280861],[2.417335142171417,48.82469788280295],[2.4172258198808834,48.82471723159232],[2.417073878234993,48.824742016992325],[2.4169326780048075,48.82476325978593],[2.4167909360791495,48.82478287190957],[2.416696558812298,48.8247947455781],[2.4166101948838383,48.82480453215171],[2.416523584643018,48.82481332185748],[2.416436756717359,48.8248211130358],[2.4163497342960376,48.82482790310131],[2.4161875353792954,48.82483808818876],[2.416033446690083,48.824845927528756],[2.41587917627537,48.82485198952489],[2.41572476773518,48.82485627438937],[2.4155702688165923,48.82485877695877],[2.4150512873529326,48.824858248710555],[2.4147901540076813,48.82485348784136],[2.414690014114962,48.82484986434269],[2.4145992757893757,48.82484547824852],[2.4145086677301406,48.82484004585516],[2.41441821714257,48.82483357089352],[2.4143279512725337,48.8248260534973],[2.414165013564105,48.82481309589998],[2.4140655109081606,48.82480671482897],[2.4140605993793764,48.824806456927355],[2.4139658550698817,48.824801482320815],[2.413866071911169,48.82479739940133],[2.4135553142392423,48.82479127377839],[2.4134610969945745,48.82479079101794],[2.4133523061980364,48.82479023489248],[2.413195758821911,48.824791520086656],[2.413076576879547,48.82479408750179],[2.412957482976271,48.824798028570534],[2.412838332617418,48.82480335247664],[2.412515263446168,48.824823302132025],[2.4123362277339058,48.82483728097193],[2.4122832799966827,48.8248420347625],[2.41215758822704,48.82485331925342],[2.4119254199069533,48.82487767045359],[2.41186737872947,48.82488464114558],[2.4117777117952137,48.824895410788315],[2.4117630992837125,48.82489733911315],[2.4116304952093395,48.82491484867421],[2.411483815122912,48.82493598073694],[2.4114833921252106,48.82493604700748],[2.411221334956281,48.82497677299839],[2.411039867829272,48.82500768028679],[2.4108592432076734,48.825040673495316],[2.410750311827288,48.82506227212483],[2.4106778690366313,48.82507777826068],[2.410605848580619,48.82509411655387],[2.4105342709374455,48.825111282609235],[2.4104631566056334,48.82512927023305],[2.410392528787567,48.82514807504363],[2.4103224093339564,48.82516769175331],[2.4102528187640897,48.825188112369865],[2.410153267743464,48.825219692968545],[2.4100707334357994,48.82524717445395],[2.409988936118718,48.82527560295875],[2.409907904503629,48.825304968732915],[2.40982766185383,48.82533526199972],[2.4097482313821175,48.82536647747898],[2.4096696363726346,48.82539860359543],[2.40959190282367,48.82543162968649],[2.4093972050603263,48.82551814293173],[2.40925527556712,48.825584042132995],[2.4091151116589256,48.82565156695657],[2.4089767517115255,48.825720696013214],[2.408771892355555,48.825827338991814],[2.408634864841954,48.82590188574838],[2.408499831007558,48.8259779999162],[2.4083668278894907,48.82605565830125],[2.4082358966119104,48.8261348377299],[2.407784045722649,48.826421964481774],[2.407543134708046,48.82658280361455],[2.4073407016674806,48.82672552445822],[2.4072138497006788,48.82681906071301],[2.4070894871862665,48.8269140427661],[2.4069972254053233,48.82698704316905],[2.406967652572491,48.82701044383437],[2.4066338208743496,48.82727230697026],[2.4066250746696634,48.82727887124561],[2.406404342570332,48.827444562186855],[2.4059273386549966,48.8277952385086],[2.405452755710011,48.82814734768799],[2.405305076769083,48.828254541340876],[2.4051663847484552,48.82835160224166],[2.4050251456054994,48.82844705122571],[2.4048814046380547,48.82854085793131],[2.404735205762522,48.828632993788645],[2.4045865928861296,48.82872343112729],[2.404435616789358,48.828812136914834],[2.40430423156936,48.82888353640321],[2.4042256814424148,48.82892420491019],[2.404146070893526,48.82896396421586],[2.404065421903542,48.829002798239024],[2.4040547195105404,48.82900776518599],[2.403983754998904,48.82904069898566],[2.403901100323284,48.82907765131475],[2.403622037767324,48.829198509454095],[2.4033408342830445,48.829317189675905],[2.4031057205189756,48.829414173562846],[2.4029190356882366,48.82948781912947],[2.402909973284041,48.82949123195737],[2.4026744872627464,48.82957990566492],[2.4024872098838457,48.82964714498968],[2.402431364519245,48.82963132218755],[2.4020271983702677,48.82951681627398],[2.4016623286881824,48.8294134410022],[2.401494322993199,48.82936584218245],[2.4013669373187936,48.82944814710706],[2.401263469433488,48.82951499906642],[2.399523340661852,48.8306392756282],[2.399319737594538,48.830773022587664],[2.397504360688505,48.83193479211585],[2.3974270473262353,48.831985104439774],[2.396532154006615,48.83256228587286],[2.3948689263243805,48.833619254643985],[2.3941732149860497,48.83406276342395],[2.3927251099706655,48.83533192032534],[2.3921766900085664,48.83607634013834],[2.391461159171565,48.83701516327374],[2.391313871818806,48.83720972590342],[2.3912771655770166,48.8372504367561],[2.3896860402744178,48.83856259093149],[2.389440821898749,48.83878855981464],[2.3892647779167535,48.838990108432775],[2.3877241492855448,48.84077696503736],[2.3873609157651154,48.84115634968993],[2.386951534324445,48.84158349820143],[2.38626613331314,48.84229188109094],[2.385674620962528,48.84290302020996],[2.3854189000315995,48.843161579258286],[2.3834117586385175,48.84482787742253],[2.3833819379852197,48.84485307662138],[2.3837745917486783,48.847009460717025],[2.3839849769253885,48.848164308523494],[2.384343303660782,48.85013150642982],[2.3894925895587154,48.849354502306355],[2.390097092697926,48.849264380845916],[2.3933683184375973,48.84876271594285],[2.394361210058953,48.84861041946543],[2.3953272685333453,48.84847017888042],[2.3959166251727804,48.848384618244744],[2.3965072805899004,48.848331707805826],[2.396952938212771,48.84829178513408],[2.397358472297004,48.84825545487997],[2.39761948974853,48.84823206949561],[2.3978038176146987,48.848215555349555],[2.3986681283170266,48.84813811624195],[2.398863272933275,48.84812063136658],[2.399117692180047,48.84809783461589],[2.3989714030688205,48.84737310265462],[2.399119113742546,48.84727454958299],[2.3991754925694577,48.84723643658632],[2.4001656825103996,48.84656706632708],[2.4002336068799,48.846521148539786],[2.4021150407090115,48.845249214579596],[2.4023121743797238,48.84511593836408],[2.4022956116608745,48.84507126734633],[2.402292907458104,48.84506396725366],[2.4022535170484742,48.844958326348944],[2.402214139082019,48.844852683684],[2.402213824494096,48.84485183671727],[2.4021570372298995,48.844699216392826],[2.4021556505780777,48.84469549152441],[2.4018816936550604,48.84395920570847],[2.401816390581338,48.843783690750435],[2.4017057910543427,48.84348643793967],[2.4015426848234283,48.84304831761237],[2.401517384093561,48.84298025445846],[2.400856090150695,48.84120627287847],[2.400803181018716,48.841063314626886],[2.400777213122897,48.84099336368599],[2.4006003052423277,48.8405156782942],[2.4004392727924535,48.84008106050819],[2.400356451660146,48.83985752578099],[2.400286572112878,48.83966892044078],[2.4002850192508394,48.83966048115077],[2.4002826857434747,48.83963652487709],[2.4002833882594823,48.839612532560324],[2.400293109541381,48.83956729939152],[2.400311391892018,48.83952733982046],[2.400325811065821,48.839505307620634],[2.400342960098856,48.83948415069093],[2.4004690116238234,48.83936387246546],[2.4010383214351783,48.83882452404171],[2.4012717462333653,48.83860201250104],[2.402270404259536,48.8373609736549],[2.4021916577800546,48.83714108086626],[2.40292170992414,48.83622463875708],[2.4035547319888875,48.835396752865464],[2.4036080386824756,48.835328652638694],[2.4044563191101878,48.83423453984083],[2.402185998198497,48.833423540984825],[2.403305087146347,48.83267147300893],[2.403358584048675,48.832637719573704],[2.403438496609296,48.832592112022596],[2.403503630712522,48.83255913605702],[2.403539585987861,48.83254209251117],[2.403636604294784,48.83249948587412],[2.4037283054331624,48.83246485700713],[2.4037544448108132,48.83245583177279],[2.4037978741218695,48.832443019151285],[2.403971767879063,48.83239823492929],[2.404045626554565,48.83238220752669],[2.4041728992319147,48.83235855244522],[2.4042785200183467,48.832349162155985],[2.4044279985574186,48.83234249400787],[2.4046273042129593,48.83233415177112],[2.4049038346242146,48.83231918290553],[2.405118079232471,48.83230425167687],[2.4053472611413023,48.83228108598865],[2.4056818636755897,48.83223687155633],[2.40593281645769,48.832201328826464],[2.406170230032202,48.832162837679995],[2.406404220208223,48.832120963644556],[2.4066416186209136,48.832073448148165],[2.4068773023964822,48.83202142235039],[2.4070993060466708,48.831960381379105],[2.40732129084837,48.83188693314541],[2.4075347305127806,48.8318112351244],[2.4077310865343127,48.83173554655727],[2.407932552757385,48.831649703934886],[2.4081491973889944,48.83154208417663],[2.408341297475508,48.831441640062316],[2.408526468342277,48.83133567343241],[2.4092808842503555,48.83075020522291],[2.409511488748771,48.830590330317136],[2.410034838208727,48.83026761017516],[2.410312895743767,48.830110375354195],[2.410628315612118,48.82995776327535],[2.4109201881072715,48.829812942511325],[2.4112497331364517,48.82965721008548]]],"type":"Polygon"},"properties":{"id":"P46","nom":"Picpus","commune":"75056","arr":12,"zone":"Z9","secteur":"8"}},{"type":"Feature","geometry":{"coordinates":[[[2.3911410378394717,48.82611264577471],[2.3902581956150817,48.8257274991409],[2.3902565404972114,48.82572867607501],[2.3890624175157598,48.8265580059211],[2.3875867796577452,48.82758268081259],[2.387062651534349,48.827979850737925],[2.3869581152544836,48.82806846867639],[2.3869107348543714,48.82810863453143],[2.3868850729703848,48.82813038826773],[2.3862360530002547,48.828680568870126],[2.38515766855485,48.82962491224268],[2.384781446262453,48.82992155840405],[2.383323738785498,48.83107090172885],[2.3828420387394025,48.831450593933894],[2.3809924597899816,48.83290824334861],[2.3789262850175112,48.834494546591884],[2.3784567742613523,48.83488005572971],[2.377076382409863,48.83601265733436],[2.376982545359943,48.83609926496013],[2.374913379257091,48.83800895440246],[2.3748282006981984,48.838087564253726],[2.3748070985572967,48.838107038514245],[2.37359844216443,48.8392100416843],[2.37308940131687,48.83967450056277],[2.3725452878302966,48.84007124992242],[2.3724140187284157,48.84017111634057],[2.37320476223406,48.840570293691776],[2.3734292088069857,48.84068359479551],[2.3737765226075926,48.84085891747926],[2.3738090543102084,48.84087534014452],[2.3763243469611597,48.8421449814215],[2.3763569317632522,48.84216142702684],[2.376362841172938,48.8421643852525],[2.3765210330964166,48.84224356032266],[2.3767572283903875,48.842350134091944],[2.3771020454159943,48.84250558485377],[2.3771654283424453,48.84253425371044],[2.3772461130073106,48.842570459304575],[2.3773094950496776,48.84259921531576],[2.3778148796902245,48.84282717594062],[2.3779089111016627,48.84286958862],[2.3779849646739835,48.84290391603633],[2.3785328777644406,48.843151016281645],[2.3786027940735495,48.84317994493084],[2.383001919852136,48.84483038892406],[2.3831783579190167,48.84484092278227],[2.3833738905969266,48.84485259535722],[2.3833819379852197,48.84485307662138],[2.3834117586385175,48.84482787742253],[2.3854189000315995,48.843161579258286],[2.385674620962528,48.84290302020996],[2.38626613331314,48.84229188109094],[2.386951534324445,48.84158349820143],[2.3873609157651154,48.84115634968993],[2.3877241492855448,48.84077696503736],[2.3892647779167535,48.838990108432775],[2.389440821898749,48.83878855981464],[2.3896860402744178,48.83856259093149],[2.3912771655770166,48.8372504367561],[2.391313871818806,48.83720972590342],[2.391461159171565,48.83701516327374],[2.3921766900085664,48.83607634013834],[2.3927251099706655,48.83533192032534],[2.3941732149860497,48.83406276342395],[2.3948689263243805,48.833619254643985],[2.396532154006615,48.83256228587286],[2.3974270473262353,48.831985104439774],[2.397504360688505,48.83193479211585],[2.399319737594538,48.830773022587664],[2.399523340661852,48.8306392756282],[2.401263469433488,48.82951499906642],[2.4013669373187936,48.82944814710706],[2.401494322993199,48.82936584218245],[2.4013039140348815,48.8293118938531],[2.4009205174902144,48.829203266557535],[2.3990590313307214,48.82867583241135],[2.395723158192487,48.82773054196188],[2.3946586094922226,48.82756197017824],[2.3946181580687447,48.82755556425703],[2.3943521586657623,48.82751344268768],[2.3935719951387835,48.82717312172998],[2.393472132802878,48.82712956060706],[2.3933209477536574,48.82706361092236],[2.3925041082212477,48.82670727678511],[2.3918002077061757,48.826400206923346],[2.391708071834238,48.82636001305176],[2.391514743505959,48.826275673035745],[2.391502122238009,48.826270165816915],[2.3913819823353397,48.82621775602183],[2.3912918053999697,48.826178417199046],[2.3911410378394717,48.82611264577471]]],"type":"Polygon"},"properties":{"id":"P47","nom":"Bercy","commune":"75056","arr":12,"zone":"Z14","secteur":"8"}},{"type":"Feature","geometry":{"coordinates":[[[2.37320476223406,48.840570293691776],[2.3724140187284157,48.84017111634057],[2.372120455208859,48.84039422669528],[2.370575607294024,48.841528149577925],[2.3691818379184193,48.84255111726414],[2.3684629410181963,48.84309366434973],[2.366029183881674,48.84493028682855],[2.3648364137098064,48.8458437130159],[2.3644331283557967,48.846140036887],[2.365366647494866,48.846695466296076],[2.3653787776737527,48.84670265355631],[2.365483449334877,48.84676503420253],[2.3654854982062776,48.846766201643185],[2.3655482151248313,48.84680347987392],[2.365561424682993,48.84681133116862],[2.365605988329807,48.846837849413795],[2.365650419829159,48.84686436873956],[2.3656822923691783,48.8468833235159],[2.3656856312956727,48.84688530811413],[2.365694997291027,48.84689087892887],[2.3659419788289853,48.84703776356267],[2.365968023757517,48.847053216752684],[2.3661168551423035,48.84714176021279],[2.3661374908168895,48.84715403605332],[2.3661454444560164,48.84715876924115],[2.366502596086439,48.84737124454913],[2.366519794267493,48.847409720182156],[2.3673093713550264,48.849175966100894],[2.367311699670687,48.84918117848834],[2.3679913854420116,48.85067717774311],[2.368030923056307,48.85076419677351],[2.368385844883155,48.851545345931456],[2.368417692817263,48.851613647288055],[2.3684187554096345,48.85161592826189],[2.3685744257848977,48.85194978769439],[2.3685987147091114,48.85200301819161],[2.3686007452647124,48.852007406959125],[2.368612358860347,48.8520325098386],[2.368613149346414,48.85203407978409],[2.3686368125286275,48.85208497224599],[2.3686708609648837,48.85215820097479],[2.368738580824188,48.852300817059785],[2.368801897823546,48.85243757935446],[2.3688098121946015,48.852454753779334],[2.368872311877347,48.852591065625326],[2.3690779568619846,48.85303372153183],[2.3690792413310717,48.853036479424006],[2.3691023541680973,48.85308618889083],[2.3691300986839585,48.85314585791724],[2.36913799648954,48.85316284245765],[2.3693372021357524,48.85317932546996],[2.370280570180626,48.85325738074988],[2.37029780174765,48.85325728437033],[2.370307286726425,48.853256753305],[2.3703163085379635,48.85325609299279],[2.3703168151088794,48.8532560138176],[2.3703511639701604,48.85325061589307],[2.3703736313840693,48.85324433163174],[2.370377054573864,48.85324311303547],[2.3703819108261586,48.853241383952955],[2.370390436271204,48.85323815337273],[2.370404567937281,48.85323180635684],[2.3709137339132345,48.8529062028289],[2.3712985482259445,48.85268360402572],[2.371363720562105,48.85264921075403],[2.3714045004135755,48.8526292120485],[2.371444110897596,48.85260887712361],[2.3715117444626315,48.852576617372776],[2.3717391054150645,48.852478523762876],[2.3718189176869466,48.85244799788103],[2.371852963808623,48.852436114501856],[2.371886636273745,48.85242357172466],[2.371968671538228,48.85239572579151],[2.373551931948097,48.8519314633399],[2.3737872140936545,48.85186519672007],[2.3748500484383235,48.85160441563082],[2.377772832411308,48.8508853282068],[2.3785102918691576,48.850706371975875],[2.3788181977616687,48.850629818919366],[2.3793965668357546,48.85055091704587],[2.3801195138999343,48.85045073004657],[2.3815749001656292,48.85038532653489],[2.3837792387055408,48.85021267689321],[2.384343303660782,48.85013150642982],[2.3839849769253885,48.848164308523494],[2.3837745917486783,48.847009460717025],[2.3833819379852197,48.84485307662138],[2.3833738905969266,48.84485259535722],[2.3831783579190167,48.84484092278227],[2.383001919852136,48.84483038892406],[2.3786027940735495,48.84317994493084],[2.3785328777644406,48.843151016281645],[2.3779849646739835,48.84290391603633],[2.3779089111016627,48.84286958862],[2.3778148796902245,48.84282717594062],[2.3773094950496776,48.84259921531576],[2.3772461130073106,48.842570459304575],[2.3771654283424453,48.84253425371044],[2.3771020454159943,48.84250558485377],[2.3767572283903875,48.842350134091944],[2.3765210330964166,48.84224356032266],[2.376362841172938,48.8421643852525],[2.3763569317632522,48.84216142702684],[2.3763243469611597,48.8421449814215],[2.3738090543102084,48.84087534014452],[2.3737765226075926,48.84085891747926],[2.3734292088069857,48.84068359479551],[2.37320476223406,48.840570293691776]]],"type":"Polygon"},"properties":{"id":"P48","nom":"Quinze-Vingts","commune":"75056","arr":12,"zone":"Z11","secteur":"8"}},{"type":"Feature","geometry":{"coordinates":[[[2.356363453081923,48.83103873373539],[2.3561478368401283,48.83096605427375],[2.3559138449868002,48.831154189409474],[2.3555766101425055,48.83142532660375],[2.35536086781379,48.83174870021138],[2.3550404820677735,48.832228911556086],[2.3533418588582355,48.834658384340706],[2.35316458526383,48.83491075186746],[2.352542737194797,48.83580804264086],[2.3518692624711504,48.836796258275825],[2.3527209048408593,48.83706260185904],[2.3553509806977626,48.83790366461518],[2.355860810901035,48.83806669073218],[2.3569529840151633,48.83841514442681],[2.3577962353645616,48.838683242601974],[2.359150042830026,48.83911364264899],[2.3614076321065474,48.83983143817012],[2.3616094568294943,48.839895604900335],[2.3618160282135983,48.83996128055735],[2.3621094009455006,48.84035356753243],[2.3645014505628463,48.84357659474675],[2.3645614608915766,48.84365746114398],[2.364633102413066,48.843753982389444],[2.3646979313793355,48.84384132450736],[2.36476890312338,48.843936941836446],[2.364788766543806,48.84396370524398],[2.3648329904386944,48.844047049926694],[2.3648454729354245,48.84408229287267],[2.364850763166392,48.84409588331012],[2.3648614243170574,48.844123264270046],[2.364884254829099,48.84416988239244],[2.3648960833603927,48.844191817624385],[2.3649189492582803,48.844227597737685],[2.364945618729382,48.84426221807595],[2.3649544584998363,48.84427190254179],[2.365032724108193,48.8443463721691],[2.3650447310773903,48.844356354038],[2.3650958874434265,48.8443955075665],[2.3651507681272608,48.844432405454796],[2.366029183881674,48.84493028682855],[2.3684629410181963,48.84309366434973],[2.3691818379184193,48.84255111726414],[2.370575607294024,48.841528149577925],[2.372120455208859,48.84039422669528],[2.3724140187284157,48.84017111634057],[2.3725452878302966,48.84007124992242],[2.37308940131687,48.83967450056277],[2.37359844216443,48.8392100416843],[2.3748070985572967,48.838107038514245],[2.373550542454838,48.83742205853436],[2.3735083792958167,48.83739973942105],[2.3734871628691625,48.837390391821906],[2.373427607626233,48.837361903676346],[2.372495450628634,48.83686355270528],[2.3720363179247537,48.83662401201853],[2.371903547348419,48.83655470501379],[2.371728755544738,48.836463439479374],[2.3714638880880687,48.8363181548513],[2.371368391713845,48.8362657739885],[2.371269625627267,48.836211598712225],[2.37105077099196,48.836091527671115],[2.3708246895981153,48.835986379152985],[2.370746203369081,48.835951872210764],[2.3705816007430243,48.835880919454006],[2.370513771810212,48.835851682060294],[2.3699358140674143,48.83560254720517],[2.3698579606022188,48.835568986430765],[2.369816379514682,48.835551062434895],[2.369754163795928,48.835524243787866],[2.369660866788238,48.83548402533816],[2.3693745567943467,48.83538749538457],[2.369320636005986,48.83536931548677],[2.3689884066089144,48.83525730179085],[2.368934226938946,48.83523903401043],[2.3672557314407707,48.83467308942376],[2.367109803053176,48.83462436218523],[2.3650059381873603,48.833924908041375],[2.3648635314826265,48.83387718960669],[2.363630458509903,48.83346340130425],[2.363392913691829,48.83338467366664],[2.362256213572682,48.833010510863915],[2.362088505620109,48.83294976079013],[2.362009758709838,48.83292370244709],[2.3617861218706944,48.8328496981788],[2.360978836433914,48.83258255688451],[2.359809511185813,48.83219242560472],[2.3590044983187792,48.83192523791495],[2.358973058227416,48.83191503873293],[2.3588653308115375,48.83188009006281],[2.358748779790057,48.831842281654566],[2.358463997967157,48.831746471633],[2.3584098114923693,48.831728241222834],[2.358133839678291,48.83163539521735],[2.358010402919507,48.83159386619828],[2.357908771262946,48.83155961040735],[2.357437275322569,48.83140068750174],[2.3574014086111785,48.83138859792136],[2.3571535586482715,48.831305056295605],[2.3569439731102544,48.831234412713044],[2.356363453081923,48.83103873373539]]],"type":"Polygon"},"properties":{"id":"P49","nom":"Salpêtrière","commune":"75056","arr":13,"zone":"Z10","secteur":"14"}},{"type":"Feature","geometry":{"coordinates":[[[2.367706331140409,48.81742119853882],[2.3669606221011925,48.817185107153726],[2.3656216500340563,48.81891359364452],[2.364704756067232,48.82008187400742],[2.363328737200276,48.8218311186274],[2.3624189311179773,48.82298465163853],[2.3619084227955023,48.82363822206485],[2.359950588900574,48.82613773488802],[2.3598100698845603,48.82631610224617],[2.3581121109072543,48.82847105760402],[2.3579808150067216,48.828636592987515],[2.357431340320561,48.82932834102845],[2.3561478368401283,48.83096605427375],[2.356363453081923,48.83103873373539],[2.3569439731102544,48.831234412713044],[2.3571535586482715,48.831305056295605],[2.3574014086111785,48.83138859792136],[2.357437275322569,48.83140068750174],[2.357908771262946,48.83155961040735],[2.358010402919507,48.83159386619828],[2.358133839678291,48.83163539521735],[2.3584098114923693,48.831728241222834],[2.358463997967157,48.831746471633],[2.358748779790057,48.831842281654566],[2.3588653308115375,48.83188009006281],[2.358973058227416,48.83191503873293],[2.3590044983187792,48.83192523791495],[2.359809511185813,48.83219242560472],[2.360978836433914,48.83258255688451],[2.3617861218706944,48.8328496981788],[2.362009758709838,48.83292370244709],[2.362088505620109,48.83294976079013],[2.362256213572682,48.833010510863915],[2.363392913691829,48.83338467366664],[2.363630458509903,48.83346340130425],[2.3648635314826265,48.83387718960669],[2.3650059381873603,48.833924908041375],[2.367109803053176,48.83462436218523],[2.3672557314407707,48.83467308942376],[2.368934226938946,48.83523903401043],[2.3689884066089144,48.83525730179085],[2.369320636005986,48.83536931548677],[2.3693745567943467,48.83538749538457],[2.369660866788238,48.83548402533816],[2.369754163795928,48.835524243787866],[2.369816379514682,48.835551062434895],[2.3698579606022188,48.835568986430765],[2.3699358140674143,48.83560254720517],[2.370513771810212,48.835851682060294],[2.3705816007430243,48.835880919454006],[2.370746203369081,48.835951872210764],[2.3708246895981153,48.835986379152985],[2.37105077099196,48.836091527671115],[2.371269625627267,48.836211598712225],[2.371368391713845,48.8362657739885],[2.3714638880880687,48.8363181548513],[2.371728755544738,48.836463439479374],[2.371903547348419,48.83655470501379],[2.3720363179247537,48.83662401201853],[2.372495450628634,48.83686355270528],[2.373427607626233,48.837361903676346],[2.3734871628691625,48.837390391821906],[2.3735083792958167,48.83739973942105],[2.373550542454838,48.83742205853436],[2.3748070985572967,48.838107038514245],[2.3748282006981984,48.838087564253726],[2.374913379257091,48.83800895440246],[2.376982545359943,48.83609926496013],[2.377076382409863,48.83601265733436],[2.3784567742613523,48.83488005572971],[2.3789262850175112,48.834494546591884],[2.3809924597899816,48.83290824334861],[2.3828420387394025,48.831450593933894],[2.383323738785498,48.83107090172885],[2.384781446262453,48.82992155840405],[2.38515766855485,48.82962491224268],[2.3862360530002547,48.828680568870126],[2.3868850729703848,48.82813038826773],[2.3869107348543714,48.82810863453143],[2.3869581152544836,48.82806846867639],[2.387062651534349,48.827979850737925],[2.3875867796577452,48.82758268081259],[2.3890624175157598,48.8265580059211],[2.3902565404972114,48.82572867607501],[2.3902581956150817,48.8257274991409],[2.3901574904529133,48.82568356572326],[2.3897726806720407,48.82551568737096],[2.389449050952382,48.82534270588758],[2.389137145773225,48.82517599085507],[2.389019296405049,48.825112999292074],[2.3888204061309533,48.825006687951806],[2.3865396037860465,48.824195475174456],[2.3859772929092444,48.82399546617569],[2.3858375181497697,48.823945750480924],[2.385694158743225,48.82389475797998],[2.385354742656064,48.82377402665198],[2.38520226796218,48.823719792117934],[2.3850129436295764,48.82365244656557],[2.385012886649109,48.82365242738562],[2.3833376110561333,48.823056499164394],[2.3830852719124365,48.82296673506228],[2.38292917782442,48.82291120717739],[2.381523578373206,48.82241116954066],[2.3807674805066337,48.82170062373833],[2.38076247243941,48.82169591654861],[2.3803442683466502,48.82155840203512],[2.379296282307558,48.82121379188474],[2.3791548242784133,48.821167274720445],[2.379030631698868,48.82112643487827],[2.378774225049888,48.821042117523376],[2.378695327209729,48.821016172484114],[2.377967732884173,48.82077690306159],[2.3777696255714447,48.82071175391273],[2.3765280042680916,48.82030342553567],[2.3760774848813724,48.82015601402873],[2.3758393012604877,48.820078077393276],[2.3757867809195816,48.82006089222098],[2.374404383631376,48.819608542692215],[2.374103227510217,48.819509994753126],[2.3740171358365916,48.819481821621906],[2.373733187236363,48.81938890299055],[2.373618023548759,48.819351216558914],[2.3735918977369,48.8193426669029],[2.3734075548426454,48.819282342009494],[2.372940372250644,48.819129457343756],[2.370930492985564,48.81846899036379],[2.370007921074347,48.81816580412765],[2.369011075403787,48.81783819803875],[2.3689588100260885,48.817821021048246],[2.368685230241897,48.817731109279585],[2.367706331140409,48.81742119853882]]],"type":"Polygon"},"properties":{"id":"P50","nom":"Gare","commune":"75056","arr":13,"zone":"Z13","secteur":"14"}},{"type":"Feature","geometry":{"coordinates":[[[2.3491150139916717,48.82959683468229],[2.349537248497038,48.82955487911423],[2.349914978372218,48.82962380940182],[2.3510118188964686,48.82997195798654],[2.3522774651756118,48.83037287116839],[2.352610403487316,48.83048288989435],[2.352624257380314,48.83048696259399],[2.3527342293376043,48.83051929935022],[2.3528923520017617,48.83056970500601],[2.353397017118712,48.8307305764689],[2.353526783381137,48.83077194126704],[2.353646975606867,48.8308102538768],[2.353796078026218,48.83085778284137],[2.3542887740346035,48.8310148336217],[2.3544998842430127,48.83108212557499],[2.3548056830656634,48.83117959825411],[2.3550996194918032,48.831273289072485],[2.3555766101425055,48.83142532660375],[2.3559138449868002,48.831154189409474],[2.3561478368401283,48.83096605427375],[2.357431340320561,48.82932834102845],[2.3579808150067216,48.828636592987515],[2.3581121109072543,48.82847105760402],[2.3598100698845603,48.82631610224617],[2.359950588900574,48.82613773488802],[2.3619084227955023,48.82363822206485],[2.3624189311179773,48.82298465163853],[2.363328737200276,48.8218311186274],[2.364704756067232,48.82008187400742],[2.3656216500340563,48.81891359364452],[2.3669606221011925,48.817185107153726],[2.3653280083520785,48.816668195382604],[2.3648655481781984,48.816521766591656],[2.364213441727064,48.81631528593039],[2.364185766294566,48.816306522679426],[2.36340072124301,48.8160579400182],[2.3610766713883127,48.81603143123754],[2.3608093942211212,48.816028378389106],[2.360602547010355,48.81602601686792],[2.3602413766943866,48.81602189128854],[2.3598835194032333,48.81601780214143],[2.3587880357257593,48.816005279453115],[2.3581064766056614,48.815997482514895],[2.3578041692721667,48.81599402262402],[2.3568142097500826,48.815982687145656],[2.3564232656286204,48.815978208184966],[2.356416139974789,48.81597812665922],[2.3562302289394146,48.815975997077125],[2.3561915478106847,48.81597555316166],[2.3559763103744493,48.81597308719153],[2.355917397470913,48.81597241099327],[2.3537714221092094,48.817536249394486],[2.353568494737072,48.81768412346487],[2.3528951331495986,48.81817479058035],[2.352853020165503,48.81820547531833],[2.352831525205173,48.81822113953552],[2.352401299312022,48.81853462902514],[2.3523995272793963,48.81853376411563],[2.351718667155824,48.81820213834547],[2.351698876987584,48.818192498494696],[2.351528523920411,48.818109524991065],[2.351357674612606,48.81802630660979],[2.350613680226466,48.81766391469441],[2.350487251362677,48.81760233257887],[2.349862111483186,48.81729782439787],[2.3491286409670016,48.8169405391488],[2.3487503729516477,48.81675627511709],[2.3486555914721334,48.816710104317735],[2.3469201491543057,48.81586468724724],[2.346695756220884,48.81588649010035],[2.3466364154913713,48.81589225557656],[2.3453511004657797,48.816017132326195],[2.3448850180531644,48.81606241144693],[2.3446927565581106,48.816081088553226],[2.344433707407901,48.816106254284364],[2.3444973563155713,48.81557666781794],[2.3444656713017453,48.81558814923],[2.344415987632226,48.81560615321694],[2.3443508376161133,48.81562976188],[2.3442923228081933,48.81565096596577],[2.344291842611131,48.81565113961172],[2.3439745257202906,48.815766126523926],[2.3439962079612604,48.81613246411667],[2.3439973124293103,48.81615097681074],[2.344003624771704,48.81625760558638],[2.3440300401566656,48.81670371736327],[2.344033434551062,48.81676105102989],[2.3440398304260706,48.81686906255636],[2.3440468417724567,48.816987477922765],[2.3440505809474708,48.81705064327117],[2.344059041617127,48.81719383469454],[2.344065105422712,48.81729566469155],[2.3440723019184397,48.81741745101645],[2.344079297512891,48.817480505591774],[2.3440886208870992,48.81754462251292],[2.3441026074252216,48.81763429580293],[2.3441345199132257,48.81776021362413],[2.344141999526945,48.817792591972946],[2.3442104766709417,48.81803809441143],[2.344585623568607,48.81938301646802],[2.344630452136314,48.819542006657755],[2.343881173214154,48.82035994929428],[2.342679305232975,48.821193824425166],[2.342482693321426,48.82147404989963],[2.3422132194096466,48.821851215917334],[2.3420444990660725,48.82208971613347],[2.3417268425120548,48.82269404456495],[2.341436569897131,48.82366941032862],[2.34146329136572,48.8239748893165],[2.3415176930438535,48.82462713284727],[2.3416924177885465,48.82603736066011],[2.341674247456228,48.82627992415592],[2.341667798925069,48.82636601835201],[2.341659779533383,48.82647306206289],[2.3416529757647355,48.826531515552674],[2.3416189679598616,48.826999139763664],[2.3416292655041557,48.827880428109765],[2.341615122100763,48.82811739227733],[2.341571571745911,48.828531868698434],[2.3415041735781075,48.828810374820584],[2.341345553239686,48.82940237431242],[2.3412579080241582,48.83027719452215],[2.3412579000997273,48.83027728261713],[2.341212093057182,48.83138932803727],[2.3411493398794345,48.831790403733],[2.3412582957216093,48.831760190495494],[2.342768455849069,48.83134140829233],[2.342855635869061,48.831317305685005],[2.3441031472593594,48.83097210414198],[2.3442914397675616,48.83092017884828],[2.3458282424012147,48.83049815836353],[2.345981654612375,48.830455940810936],[2.3470203819865967,48.83016943005537],[2.3483183070698503,48.829814859823635],[2.3483853630398626,48.829796540713495],[2.3484003825177706,48.82979243776152],[2.348468524148545,48.82977378995286],[2.3491150139916717,48.82959683468229]]],"type":"Polygon"},"properties":{"id":"P51","nom":"Maison-Blanche","commune":"75056","arr":13,"zone":"Z12","secteur":"10"}},{"type":"Feature","geometry":{"coordinates":[[[2.3516626011261312,48.836780012743276],[2.351761630802457,48.836775414979336],[2.351764704619607,48.836775616907225],[2.351791817719378,48.83677837830095],[2.3518184269230042,48.836782767510634],[2.351844303854664,48.83678874372697],[2.3518692624711504,48.836796258275825],[2.352542737194797,48.83580804264086],[2.35316458526383,48.83491075186746],[2.3533418588582355,48.834658384340706],[2.3550404820677735,48.832228911556086],[2.35536086781379,48.83174870021138],[2.3555766101425055,48.83142532660375],[2.3550996194918032,48.831273289072485],[2.3548056830656634,48.83117959825411],[2.3544998842430127,48.83108212557499],[2.3542887740346035,48.8310148336217],[2.353796078026218,48.83085778284137],[2.353646975606867,48.8308102538768],[2.353526783381137,48.83077194126704],[2.353397017118712,48.8307305764689],[2.3528923520017617,48.83056970500601],[2.3527342293376043,48.83051929935022],[2.352624257380314,48.83048696259399],[2.352610403487316,48.83048288989435],[2.3522774651756118,48.83037287116839],[2.3510118188964686,48.82997195798654],[2.349914978372218,48.82962380940182],[2.349537248497038,48.82955487911423],[2.3491150139916717,48.82959683468229],[2.348468524148545,48.82977378995286],[2.3484003825177706,48.82979243776152],[2.3483853630398626,48.829796540713495],[2.3483183070698503,48.829814859823635],[2.3470203819865967,48.83016943005537],[2.345981654612375,48.830455940810936],[2.3458282424012147,48.83049815836353],[2.3442914397675616,48.83092017884828],[2.3441031472593594,48.83097210414198],[2.342855635869061,48.831317305685005],[2.342768455849069,48.83134140829233],[2.3412582957216093,48.831760190495494],[2.3411493398794345,48.831790403733],[2.3411462321529024,48.83216315474995],[2.341142429942428,48.83234822542933],[2.3411420424441776,48.832492381787425],[2.341266726420044,48.83311782049842],[2.341585225086972,48.834813922453016],[2.3418923364515702,48.83682774728688],[2.3418938311427664,48.8368405787008],[2.342071225373787,48.83836414500625],[2.3444676010188603,48.83785942557417],[2.3470027576645336,48.83732127049056],[2.347075777971603,48.837310206661044],[2.3471967452128952,48.83729247304477],[2.348985650738531,48.83708689887193],[2.3516626011261312,48.836780012743276]]],"type":"Polygon"},"properties":{"id":"P52","nom":"Croulebarbe","commune":"75056","arr":13,"zone":"Z5","secteur":"14"}},{"type":"Feature","geometry":{"coordinates":[[[2.341585225086972,48.834813922453016],[2.341266726420044,48.83311782049842],[2.3411420424441776,48.832492381787425],[2.341142429942428,48.83234822542933],[2.3411462321529024,48.83216315474995],[2.3411493398794345,48.831790403733],[2.3409020575562978,48.83185853846533],[2.339904445948869,48.83213341239564],[2.339904355724939,48.832133437080095],[2.3395192763284447,48.83223847945874],[2.337674652267193,48.83274327621389],[2.3376419678960714,48.83275226970689],[2.336570348991447,48.83304471405081],[2.336443655413143,48.83307934215103],[2.3364429951130203,48.83307952285893],[2.3361867975884327,48.833149693906996],[2.3360886290125955,48.8331789838821],[2.3359648560482853,48.833217640682356],[2.3359645755546845,48.83321773625722],[2.3358466007999708,48.83325059180176],[2.3358460757915087,48.83325073908147],[2.3357456812698443,48.833278708728],[2.3335518454827477,48.83388019533827],[2.3335514435461637,48.83388030552012],[2.3332327127603927,48.83396778363607],[2.333186295670048,48.83398040746197],[2.3323582881641887,48.83420581341242],[2.3315327552939493,48.83324417130691],[2.3291367318599567,48.834127841738066],[2.326856129915723,48.83497646968711],[2.3247582690241133,48.83575585114518],[2.323999736542809,48.83603433590542],[2.3234471584160286,48.836228459802385],[2.3232056543774604,48.83681766496708],[2.3228160034155354,48.83778134925412],[2.3226439664524756,48.838200598155126],[2.3219459989847024,48.839901442995476],[2.321896515220571,48.840022022197864],[2.321836697297501,48.84016778622473],[2.3214907342561086,48.84100934792488],[2.321602025247164,48.84110232608446],[2.3225700449589732,48.84189039357398],[2.32471189002934,48.8436152657751],[2.3263806182945403,48.843060658091105],[2.3271122230910652,48.84282280050511],[2.3271123038371013,48.842822773079],[2.329824110310061,48.841926208930346],[2.330450711603929,48.84171909443278],[2.33107730632411,48.84151188846805],[2.3338064564487486,48.84060923663615],[2.333806545408362,48.84060920565376],[2.336728820703797,48.8396535473036],[2.336729140854461,48.83965344295356],[2.3396908589099428,48.83886535503187],[2.339690994252026,48.838865318904915],[2.3397399117776883,48.83885353291426],[2.342071225373787,48.83836414500625],[2.3418938311427664,48.8368405787008],[2.3418923364515702,48.83682774728688],[2.341585225086972,48.834813922453016]]],"type":"Polygon"},"properties":{"id":"P53","nom":"Montparnasse","commune":"75056","arr":14,"zone":"Z5","secteur":"10"}},{"type":"Feature","geometry":{"coordinates":[[[2.3439962079612604,48.81613246411667],[2.3439745257202906,48.815766126523926],[2.343084791462626,48.816088534693215],[2.3417118008793403,48.81634031184187],[2.333728551461577,48.81676224870356],[2.3320056800506603,48.817003958986476],[2.33175486439975,48.817039144446134],[2.331753467297731,48.81703934079824],[2.3317710596112504,48.817072766726014],[2.33179418677719,48.81711670951015],[2.3318044747168143,48.81713625487546],[2.332368144463365,48.81820718418891],[2.3323737646231595,48.818217862476644],[2.3317939309002953,48.818342831599],[2.3317790706552497,48.818346034002104],[2.331594136148449,48.81838588993329],[2.330203173347958,48.8186856577539],[2.3293993139482345,48.81886628393642],[2.3293992511181347,48.8188662979742],[2.329266871212451,48.818896041871966],[2.329303282090024,48.81900971954743],[2.3293130368604116,48.81904017792504],[2.3294368032739046,48.819426599629594],[2.3294532400884487,48.819477914378936],[2.3299212400464624,48.82093904057767],[2.3300092574109748,48.82119305693592],[2.330269449301097,48.821943964579674],[2.3308554100119974,48.82363493771784],[2.3315873408856445,48.82565055670198],[2.3324060128685558,48.82751397517121],[2.3327940530712192,48.828246539349564],[2.33394285713894,48.829933467533756],[2.3339751907266293,48.829980951993846],[2.33402109779633,48.83004837111144],[2.3340618943685243,48.83010828525278],[2.3344465782746417,48.830686022351856],[2.334464134197464,48.83071297714507],[2.334508399958178,48.83077951899547],[2.334524180526749,48.83080351665116],[2.334649229258694,48.83099487867461],[2.3354109848390925,48.83215923942005],[2.3356982793486316,48.832601048506135],[2.3360886290125955,48.8331789838821],[2.3361867975884327,48.833149693906996],[2.3364429951130203,48.83307952285893],[2.336443655413143,48.83307934215103],[2.336570348991447,48.83304471405081],[2.3376419678960714,48.83275226970689],[2.337674652267193,48.83274327621389],[2.3395192763284447,48.83223847945874],[2.339904355724939,48.832133437080095],[2.339904445948869,48.83213341239564],[2.3409020575562978,48.83185853846533],[2.3411493398794345,48.831790403733],[2.341212093057182,48.83138932803727],[2.3412579000997273,48.83027728261713],[2.3412579080241582,48.83027719452215],[2.341345553239686,48.82940237431242],[2.3415041735781075,48.828810374820584],[2.341571571745911,48.828531868698434],[2.341615122100763,48.82811739227733],[2.3416292655041557,48.827880428109765],[2.3416189679598616,48.826999139763664],[2.3416529757647355,48.826531515552674],[2.341659779533383,48.82647306206289],[2.341667798925069,48.82636601835201],[2.341674247456228,48.82627992415592],[2.3416924177885465,48.82603736066011],[2.3415176930438535,48.82462713284727],[2.34146329136572,48.8239748893165],[2.341436569897131,48.82366941032862],[2.3417268425120548,48.82269404456495],[2.3420444990660725,48.82208971613347],[2.3422132194096466,48.821851215917334],[2.342482693321426,48.82147404989963],[2.342679305232975,48.821193824425166],[2.343881173214154,48.82035994929428],[2.344630452136314,48.819542006657755],[2.344585623568607,48.81938301646802],[2.3442104766709417,48.81803809441143],[2.344141999526945,48.817792591972946],[2.3441345199132257,48.81776021362413],[2.3441026074252216,48.81763429580293],[2.3440886208870992,48.81754462251292],[2.344079297512891,48.817480505591774],[2.3440723019184397,48.81741745101645],[2.344065105422712,48.81729566469155],[2.344059041617127,48.81719383469454],[2.3440505809474708,48.81705064327117],[2.3440468417724567,48.816987477922765],[2.3440398304260706,48.81686906255636],[2.344033434551062,48.81676105102989],[2.3440300401566656,48.81670371736327],[2.344003624771704,48.81625760558638],[2.3439973124293103,48.81615097681074],[2.3439962079612604,48.81613246411667]]],"type":"Polygon"},"properties":{"id":"P54","nom":"Parc-de-Montsouris","commune":"75056","arr":14,"zone":"Z11","secteur":"10"}},{"type":"Feature","geometry":{"coordinates":[[[2.3291367318599567,48.834127841738066],[2.3315327552939493,48.83324417130691],[2.3323582881641887,48.83420581341242],[2.333186295670048,48.83398040746197],[2.3332327127603927,48.83396778363607],[2.3335514435461637,48.83388030552012],[2.3335518454827477,48.83388019533827],[2.3357456812698443,48.833278708728],[2.3358460757915087,48.83325073908147],[2.3358466007999708,48.83325059180176],[2.3359645755546845,48.83321773625722],[2.3359648560482853,48.833217640682356],[2.3360886290125955,48.8331789838821],[2.3356982793486316,48.832601048506135],[2.3354109848390925,48.83215923942005],[2.334649229258694,48.83099487867461],[2.334524180526749,48.83080351665116],[2.334508399958178,48.83077951899547],[2.334464134197464,48.83071297714507],[2.3344465782746417,48.830686022351856],[2.3340618943685243,48.83010828525278],[2.33402109779633,48.83004837111144],[2.3339751907266293,48.829980951993846],[2.33394285713894,48.829933467533756],[2.3327940530712192,48.828246539349564],[2.3324060128685558,48.82751397517121],[2.3315873408856445,48.82565055670198],[2.3308554100119974,48.82363493771784],[2.330269449301097,48.821943964579674],[2.3300092574109748,48.82119305693592],[2.3299212400464624,48.82093904057767],[2.3294532400884487,48.819477914378936],[2.3294368032739046,48.819426599629594],[2.3293130368604116,48.81904017792504],[2.329303282090024,48.81900971954743],[2.329266871212451,48.818896041871966],[2.329193415980049,48.818912547209884],[2.3269056499436456,48.81942656137423],[2.326712479331819,48.819469961830016],[2.3258504000444686,48.819663636240655],[2.3256338769537686,48.819712279805636],[2.32560954410975,48.81971774572962],[2.3253741705699937,48.819770622930925],[2.320386428455013,48.82088225143759],[2.3199589645485093,48.82097703457072],[2.319636865095136,48.821048453465956],[2.3195723207919694,48.82106276503338],[2.317410487026005,48.82154207812973],[2.3155907807330895,48.82194549534984],[2.3146861545780513,48.822146687506226],[2.314554601796757,48.82217594409166],[2.314514777804812,48.82218480766505],[2.3144862921821687,48.82219112531822],[2.314158300574765,48.82226407949933],[2.314240880676579,48.822315573273386],[2.3144529635128976,48.822426866536965],[2.3144634105040227,48.822432347905504],[2.314472702274718,48.822437223661844],[2.3145185317488957,48.82246057712592],[2.3170113368572283,48.82355222996819],[2.3193375682735287,48.82457657708985],[2.3193348574992645,48.8245772182079],[2.3183135920322906,48.82480591875568],[2.319585262670434,48.82616994495948],[2.3202064564475524,48.826836710879675],[2.321001023632827,48.82759391865125],[2.3221330592761213,48.82867311923863],[2.322651614902986,48.82929876114191],[2.3231326658975857,48.829866986045126],[2.323504131615571,48.83029705552699],[2.3240160973031627,48.8310276848028],[2.3244252623266743,48.83163042792285],[2.325213142754174,48.83275658233127],[2.3258099726131114,48.8335597717897],[2.326856129915723,48.83497646968711],[2.3291367318599567,48.834127841738066]]],"type":"Polygon"},"properties":{"id":"P55","nom":"Petit-Montrouge","commune":"75056","arr":14,"zone":"Z10","secteur":"10"}},{"type":"Feature","geometry":{"coordinates":[[[2.321133015885315,48.839900948380034],[2.321374714605403,48.83977687330904],[2.321836697297501,48.84016778622473],[2.321896515220571,48.840022022197864],[2.3219459989847024,48.839901442995476],[2.3226439664524756,48.838200598155126],[2.3228160034155354,48.83778134925412],[2.3232056543774604,48.83681766496708],[2.3234471584160286,48.836228459802385],[2.323999736542809,48.83603433590542],[2.3247582690241133,48.83575585114518],[2.326856129915723,48.83497646968711],[2.3258099726131114,48.8335597717897],[2.325213142754174,48.83275658233127],[2.3244252623266743,48.83163042792285],[2.3240160973031627,48.8310276848028],[2.323504131615571,48.83029705552699],[2.3231326658975857,48.829866986045126],[2.322651614902986,48.82929876114191],[2.3221330592761213,48.82867311923863],[2.321001023632827,48.82759391865125],[2.3202064564475524,48.826836710879675],[2.319585262670434,48.82616994495948],[2.3183135920322906,48.82480591875568],[2.3193348574992645,48.8245772182079],[2.3193375682735287,48.82457657708985],[2.3170113368572283,48.82355222996819],[2.3145185317488957,48.82246057712592],[2.314472702274718,48.822437223661844],[2.3144634105040227,48.822432347905504],[2.3144529635128976,48.822426866536965],[2.314240880676579,48.822315573273386],[2.314158300574765,48.82226407949933],[2.3140919672370925,48.82227883203757],[2.314072350952313,48.82228319484369],[2.3109830272149536,48.82297018203236],[2.3095086792926085,48.82329488906139],[2.3095065154288714,48.82329536852871],[2.309145277715014,48.82337492081822],[2.309008539593654,48.82340503443543],[2.3083763008411635,48.82354426606196],[2.308201053792111,48.823582859346935],[2.307023867733835,48.82384208686775],[2.306791415385809,48.82389327248969],[2.306240785873063,48.82401452136166],[2.3044584208735213,48.8244191614074],[2.302282615299004,48.824913093731766],[2.302241780484894,48.82492236373663],[2.301990776189372,48.82497933982183],[2.301962788271211,48.82498569247468],[2.3017566461028243,48.825032485409544],[2.3016593309657845,48.82505457527837],[2.3013175945865956,48.82512895283896],[2.301287314943416,48.82513554467052],[2.3012233609387405,48.82514946215605],[2.301201493734165,48.82515422251544],[2.3012653178912736,48.82520640162277],[2.3012692871923544,48.825209647298706],[2.301351308901707,48.82527670412119],[2.301462847491373,48.825367892819024],[2.3015895295556037,48.825471460788044],[2.3017116081563396,48.825571263902354],[2.3017159035808508,48.82557477588442],[2.302390532894579,48.826126302115654],[2.3036188550797005,48.82713007673325],[2.304147657263398,48.827561432074354],[2.304526250483104,48.82787102771896],[2.3051915133691234,48.82841503355384],[2.305499994346527,48.828666198670554],[2.3061803159223913,48.82922221529313],[2.307133358877989,48.829977526120665],[2.307658279765538,48.83039868176493],[2.308502366623649,48.83107589381346],[2.309590420810238,48.8320113407169],[2.309843847684441,48.83222882154747],[2.310787662686114,48.83302016622389],[2.3107983568792143,48.83302913255148],[2.312902572747218,48.83476190844299],[2.3129028813744,48.83476216293958],[2.3166972171581746,48.83787211166456],[2.3166990625198562,48.83787362415345],[2.3171930534779883,48.838278474871366],[2.317364463737041,48.83841895256652],[2.3199278313854563,48.84051961012732],[2.3199391945777434,48.840513776677646],[2.3207245006051656,48.840110657011806],[2.3207247735870804,48.84011051556247],[2.321133015885315,48.839900948380034]]],"type":"Polygon"},"properties":{"id":"P56","nom":"Plaisance","commune":"75056","arr":14,"zone":"Z12","secteur":"10"}},{"type":"Feature","geometry":{"coordinates":[[[2.3042487966491323,48.84040838273814],[2.3049688727847726,48.84061268093604],[2.3062486532395816,48.83911698972845],[2.3063549735440105,48.83899573720189],[2.306776198758055,48.83860142020808],[2.3071669584520946,48.83823939334314],[2.307808549761895,48.83771428331833],[2.308026126119596,48.837540470675926],[2.3088619215476265,48.837061840575046],[2.3101750094728906,48.83631216870937],[2.3122199680834092,48.83515948311517],[2.3122697102056438,48.835130540430335],[2.3123792656214923,48.83506671767923],[2.312441261719835,48.835030574841106],[2.3124594661102087,48.835020012028956],[2.3124875840873473,48.83500369445284],[2.3125609557792606,48.83496094449342],[2.312561169977136,48.83496081801359],[2.3125907389568514,48.83494355991424],[2.312619347426566,48.83492692315006],[2.3126382966037213,48.83491587083482],[2.3127133738898675,48.834872179045476],[2.3127500339316462,48.83485078496571],[2.3127851767255345,48.834830286026545],[2.3128865605840003,48.83477123109163],[2.312902572747218,48.83476190844299],[2.3107983568792143,48.83302913255148],[2.310787662686114,48.83302016622389],[2.309843847684441,48.83222882154747],[2.309590420810238,48.8320113407169],[2.308502366623649,48.83107589381346],[2.307658279765538,48.83039868176493],[2.307133358877989,48.829977526120665],[2.3061803159223913,48.82922221529313],[2.305499994346527,48.828666198670554],[2.3051915133691234,48.82841503355384],[2.304526250483104,48.82787102771896],[2.304147657263398,48.827561432074354],[2.3036188550797005,48.82713007673325],[2.302390532894579,48.826126302115654],[2.3017159035808508,48.82557477588442],[2.3017116081563396,48.825571263902354],[2.3015895295556037,48.825471460788044],[2.301462847491373,48.825367892819024],[2.301351308901707,48.82527670412119],[2.3012692871923544,48.825209647298706],[2.3012653178912736,48.82520640162277],[2.301201493734165,48.82515422251544],[2.3010760117516393,48.82518153281009],[2.300862518309638,48.82522799793455],[2.30041246076668,48.82532594823191],[2.300336372468768,48.82534250769002],[2.300223852624675,48.82536699602068],[2.2984118158034534,48.825761335275956],[2.2973719910148205,48.82598760799991],[2.2970719933088883,48.826052886683925],[2.29701805891705,48.826064939738224],[2.2969129963595347,48.826088418315535],[2.2952181613348026,48.82646714820056],[2.293918638268393,48.8267575194519],[2.2936854744484623,48.82680961706868],[2.2934090476504543,48.826871379692136],[2.2928147273865984,48.82700416877384],[2.2927598031846586,48.827016440699914],[2.29256039039264,48.82706099384893],[2.2922231613162123,48.82713633893982],[2.2920044885038444,48.82722828876019],[2.291988386932433,48.82723506020713],[2.291722712643749,48.827346773936135],[2.291295504880021,48.82752640898527],[2.2893835425413167,48.82833032649993],[2.28938350555645,48.82833034156963],[2.2893834699214373,48.828330357546726],[2.2883277552845676,48.82877422589814],[2.287569655648642,48.829092953860595],[2.2849356873492686,48.83020033442663],[2.284578223222375,48.830350612614204],[2.2833160217281576,48.83088122596145],[2.2829309513579528,48.83102278246902],[2.282850806751979,48.83105224584065],[2.2818340795906997,48.83142600020863],[2.280647144226758,48.83186230382923],[2.280491948860296,48.831919350507704],[2.2804922484721573,48.831919554670215],[2.281110742716766,48.832344278936276],[2.284000492138166,48.83433044222942],[2.283900738740197,48.834369422973964],[2.282326472911137,48.83494709808102],[2.2814569524575297,48.835197580913515],[2.2809973257169203,48.83532478401378],[2.28122880786522,48.83577606251541],[2.2812407752804598,48.835799173718044],[2.2812648444141677,48.835846131714405],[2.281269725803869,48.83585562336955],[2.2812766548547456,48.83586906928858],[2.2812779972067543,48.835871708925424],[2.2812857622541607,48.83588697120802],[2.2812887539465807,48.83589290976908],[2.281301803162687,48.83591799709403],[2.2836663382980906,48.836873978967056],[2.2844279289844835,48.83718826198555],[2.284817772349102,48.837323355420374],[2.2858073323379453,48.837645812206105],[2.2876748557553346,48.83813517508639],[2.288989011350519,48.83847479459822],[2.2894160499720995,48.83858587466244],[2.2899347385191633,48.839385429172694],[2.2903356127212318,48.83999377271539],[2.2909058248535903,48.840668628555605],[2.2909238791404936,48.84068689385614],[2.2909360392740883,48.84069834026831],[2.2909529901788996,48.84071368326608],[2.2909688376772293,48.84072610486295],[2.2909832097800242,48.84073730895953],[2.291003111140473,48.84075241041851],[2.291027068530004,48.84076873027618],[2.291407535458132,48.84098977428431],[2.2933703110013126,48.84194696341595],[2.2948508059195527,48.842681167762045],[2.2950482256656572,48.84288282468378],[2.2957726647684855,48.843624418119596],[2.2977820409730962,48.84369033396132],[2.298529565493999,48.84371433291067],[2.299950281293495,48.843369827160856],[2.3026401538165278,48.842710864852705],[2.302705726038078,48.842617603167085],[2.3031368649625175,48.841997676704274],[2.3042487966491323,48.84040838273814]]],"type":"Polygon"},"properties":{"id":"P57","nom":"Saint-Lambert","commune":"75056","arr":15,"zone":"Z8","secteur":"9"}},{"type":"Feature","geometry":{"coordinates":[[[2.3061493100040384,48.84789994583024],[2.3073397090050967,48.847139376795404],[2.3080419577978746,48.84739225463903],[2.3082198869155603,48.84743492679337],[2.310378250146124,48.847952187852194],[2.310525950788717,48.84798758362421],[2.311155375922278,48.8475793903881],[2.3112608358194935,48.84751099665855],[2.3114866311956974,48.84736885607593],[2.3116258476440867,48.84728121655536],[2.3117677091595317,48.84719033639172],[2.3120910272176105,48.846983212751105],[2.3136412809578535,48.845990046203234],[2.31372987358633,48.84593328746267],[2.3160975091794307,48.8466630424579],[2.3165715259220043,48.84682460831803],[2.319153027255283,48.84550645090761],[2.3202033902496484,48.845113445685264],[2.3213253967132457,48.84473527243308],[2.3231293800534236,48.84414053483314],[2.3238908000696417,48.843889457078895],[2.323890983461756,48.843889395159856],[2.32471189002934,48.8436152657751],[2.3225700449589732,48.84189039357398],[2.321602025247164,48.84110232608446],[2.3214907342561086,48.84100934792488],[2.321836697297501,48.84016778622473],[2.321374714605403,48.83977687330904],[2.321133015885315,48.839900948380034],[2.3207247735870804,48.84011051556247],[2.3207245006051656,48.840110657011806],[2.3199391945777434,48.840513776677646],[2.3199278313854563,48.84051961012732],[2.317364463737041,48.83841895256652],[2.3171930534779883,48.838278474871366],[2.3166990625198562,48.83787362415345],[2.3166972171581746,48.83787211166456],[2.3129028813744,48.83476216293958],[2.312902572747218,48.83476190844299],[2.3128865605840003,48.83477123109163],[2.3127851767255345,48.834830286026545],[2.3127500339316462,48.83485078496571],[2.3127133738898675,48.834872179045476],[2.3126382966037213,48.83491587083482],[2.312619347426566,48.83492692315006],[2.3125907389568514,48.83494355991424],[2.312561169977136,48.83496081801359],[2.3125609557792606,48.83496094449342],[2.3124875840873473,48.83500369445284],[2.3124594661102087,48.835020012028956],[2.312441261719835,48.835030574841106],[2.3123792656214923,48.83506671767923],[2.3122697102056438,48.835130540430335],[2.3122199680834092,48.83515948311517],[2.3101750094728906,48.83631216870937],[2.3088619215476265,48.837061840575046],[2.308026126119596,48.837540470675926],[2.307808549761895,48.83771428331833],[2.3071669584520946,48.83823939334314],[2.306776198758055,48.83860142020808],[2.3063549735440105,48.83899573720189],[2.3062486532395816,48.83911698972845],[2.3049688727847726,48.84061268093604],[2.3042487966491323,48.84040838273814],[2.3031368649625175,48.841997676704274],[2.302705726038078,48.842617603167085],[2.3026401538165278,48.842710864852705],[2.299950281293495,48.843369827160856],[2.298529565493999,48.84371433291067],[2.2977820409730962,48.84369033396132],[2.2957726647684855,48.843624418119596],[2.295884729060002,48.843729513163666],[2.2965023070445345,48.84430419041501],[2.297290272928926,48.844929781669784],[2.297391371303881,48.845010302113245],[2.2976717831295956,48.845233632411244],[2.298724855246181,48.845962487743314],[2.299243425514832,48.8463266914542],[2.3015243580496145,48.84787758406668],[2.301571293889808,48.84790879886433],[2.301610110480001,48.84793525448409],[2.301673535453114,48.84797926719621],[2.3017859389704016,48.848057268445764],[2.3018364269533684,48.84809230457021],[2.302459818935947,48.848524895380294],[2.3037460479134224,48.84943929154835],[2.3061493100040384,48.84789994583024]]],"type":"Polygon"},"properties":{"id":"P58","nom":"Necker","commune":"75056","arr":15,"zone":"Z6","secteur":"9"}},{"type":"Feature","geometry":{"coordinates":[[[2.300883876325741,48.851176156049284],[2.3008839505624565,48.85117610791758],[2.300964659838862,48.851230126507396],[2.3037460479134224,48.84943929154835],[2.302459818935947,48.848524895380294],[2.3018364269533684,48.84809230457021],[2.3017859389704016,48.848057268445764],[2.301673535453114,48.84797926719621],[2.301610110480001,48.84793525448409],[2.301571293889808,48.84790879886433],[2.3015243580496145,48.84787758406668],[2.299243425514832,48.8463266914542],[2.298724855246181,48.845962487743314],[2.2976717831295956,48.845233632411244],[2.297391371303881,48.845010302113245],[2.297290272928926,48.844929781669784],[2.2965023070445345,48.84430419041501],[2.295884729060002,48.843729513163666],[2.2957726647684855,48.843624418119596],[2.2950482256656572,48.84288282468378],[2.292762227592771,48.843777569967116],[2.2895084547678897,48.84505266360789],[2.287987513869867,48.84564762681185],[2.286972507238421,48.84604606533177],[2.285688966943041,48.846806087542745],[2.2841968399141477,48.84773610679577],[2.281532624552378,48.849384424039584],[2.2799597853351377,48.850356465957795],[2.280102344698394,48.85045665668304],[2.2808821328714037,48.85100468086443],[2.2823892891780697,48.85206383944171],[2.2826862660552516,48.852273518437286],[2.2827455064209152,48.85231533053937],[2.282762457503053,48.85232729562954],[2.282791458882652,48.852347765362204],[2.282840270138351,48.852382215682105],[2.2829968632479383,48.852491282577226],[2.2836947121323785,48.85298022335057],[2.2843585047451698,48.85344528940844],[2.284358566850974,48.853445332049844],[2.2848165855661833,48.85377498709338],[2.285756106747872,48.85445117777664],[2.285913332037395,48.85456413767845],[2.28591410939242,48.85456469722224],[2.2859899974330857,48.854619220463526],[2.285990060904425,48.85461926311217],[2.2874105804674323,48.85562155491459],[2.2874371881508035,48.85564032828318],[2.287508774260327,48.85569083711734],[2.2875103846920117,48.85569197270293],[2.2875374888816795,48.85571112043892],[2.2875689468107825,48.855733616319085],[2.2875947375139107,48.85575174354355],[2.2876524275168113,48.85579228920342],[2.2879135744317503,48.85597643932599],[2.2879136338424897,48.85597648015066],[2.287976739858441,48.856023962244016],[2.2881060537874376,48.856121255227244],[2.288335561248286,48.856531779581445],[2.2884769811473222,48.85676103216085],[2.2885856504395146,48.85693719052852],[2.2887269710953118,48.85714811502999],[2.2888536049323513,48.857337121949314],[2.2888662654744887,48.85735529584473],[2.288910545466269,48.85741700303565],[2.288940302714653,48.85745847112639],[2.2890075488192463,48.857540155446905],[2.289056833076756,48.85759403552592],[2.289129267169513,48.85766411921116],[2.289839040367122,48.858240853809285],[2.2903274209117215,48.8579292193571],[2.290337220001545,48.85792296668828],[2.2903407301769554,48.85792072742309],[2.290347016350993,48.85791671490174],[2.290356811335303,48.857910463106336],[2.2903666076922975,48.85790421041884],[2.290376402671806,48.85789795862171],[2.2903861990240983,48.85789170593257],[2.2903959953496456,48.85788545504114],[2.290405790358843,48.85787920054364],[2.290411987116158,48.85787524774542],[2.2904155853167008,48.857872949642456],[2.290425381647443,48.85786669784923],[2.2904351779757333,48.85786044605517],[2.2904449729510326,48.85785419335293],[2.290454769274722,48.857847941557175],[2.2904645642453194,48.85784168885327],[2.2904743619393386,48.85783543616464],[2.2904841582558735,48.85782918436639],[2.2904939532195194,48.85782293165997],[2.2905037481684674,48.85781667985196],[2.290513543115066,48.85781042804312],[2.2905233407973284,48.8578041753503],[2.290533135751571,48.85779792264052],[2.2905429320417556,48.857791671736514],[2.290549110950855,48.85778772691942],[2.2905527283540787,48.85778541903315],[2.2905625287037257,48.85777916995031],[2.290572326349741,48.85777291905186],[2.2905821253561895,48.85776666816072],[2.290591922973015,48.85776041905917],[2.290601721974863,48.85775416816632],[2.2906115209621154,48.8577479181719],[2.2906212484537627,48.85774171362003],[2.2907022721435597,48.85769001145783],[2.2907809966421144,48.85763978944344],[2.292935320897734,48.85626502244368],[2.293079176013769,48.85617407768941],[2.2957457082923605,48.85446598873216],[2.295868049383763,48.85438749053855],[2.2959295263446293,48.85434804668676],[2.297388894455645,48.85341164261925],[2.2979234187874367,48.85306865010468],[2.2993223089019104,48.85217442732528],[2.300883876325741,48.851176156049284]]],"type":"Polygon"},"properties":{"id":"P59","nom":"Grenelle","commune":"75056","arr":15,"zone":"Z7","secteur":"9"}},{"type":"Feature","geometry":{"coordinates":[[[2.282326472911137,48.83494709808102],[2.283900738740197,48.834369422973964],[2.284000492138166,48.83433044222942],[2.281110742716766,48.832344278936276],[2.2804922484721573,48.831919554670215],[2.280491948860296,48.831919350507704],[2.280439176815068,48.83193874919451],[2.280235630114699,48.83201356774355],[2.27919297535858,48.832396813642376],[2.2791322058195616,48.832419150385604],[2.279028002934527,48.83245745186339],[2.276674483895113,48.83054167854529],[2.2755070808796636,48.82959133356072],[2.2748154299346397,48.82917493207063],[2.2734615222895544,48.82835979786974],[2.273261915519614,48.828239617550004],[2.2729309983867867,48.828040378018585],[2.2727448755202033,48.82792831384255],[2.2678311692932334,48.82783956816271],[2.2676314633240273,48.82796012896596],[2.267320469659296,48.83149202534239],[2.2673409803144042,48.83153331290721],[2.2673845215614143,48.83156357214521],[2.267606885793832,48.831718099295415],[2.2686034722350885,48.83228110342919],[2.268603962937704,48.83228137534433],[2.2692014060327765,48.83261049098376],[2.269442820658477,48.832743478374994],[2.269574801139891,48.832816181682176],[2.269653459412832,48.83285951021723],[2.2699710110875366,48.83297218215591],[2.2700416292250543,48.83299723814704],[2.2700412769479943,48.83299748962177],[2.2700328358444932,48.83300353049355],[2.269848888266289,48.83313518021189],[2.2678546586739143,48.834562385309155],[2.267834582183122,48.834565728615495],[2.2677997958636364,48.83457152081308],[2.267422624289289,48.834634336116515],[2.267299969111108,48.83465476335214],[2.2670118645463715,48.83460448301238],[2.266079829833928,48.8344418199654],[2.2651411159644335,48.83427798074057],[2.265134636169479,48.834276849983674],[2.264788076181329,48.83421637937744],[2.2646842637963074,48.8341982662959],[2.264537926653224,48.834172730799565],[2.264529140644849,48.83417119729745],[2.2643602957047486,48.83414173499805],[2.2629636238646715,48.833898014883836],[2.2629585384959285,48.83389712733859],[2.263706750271844,48.83466319763019],[2.265174896626455,48.83616630008328],[2.2675904546230514,48.838518675049905],[2.268304618612402,48.83928762674154],[2.2684176607078,48.83940981720573],[2.269233877183973,48.84028836096022],[2.2695991466269128,48.840681227025],[2.2697770880534653,48.840872753630585],[2.2709523248979346,48.84207585930622],[2.2709523638302085,48.84207590091459],[2.271568016105297,48.8427325134898],[2.27156809262199,48.84273259579843],[2.272245850202753,48.843406357596926],[2.273087224444253,48.84425737308042],[2.2733632629977905,48.84453656739096],[2.2733886560457117,48.84456194352013],[2.2734406140796097,48.84461386845938],[2.2734406879772466,48.84461394355581],[2.2741479010114602,48.845343692206896],[2.2752006849389774,48.84642955616601],[2.275389975270346,48.84662471423126],[2.27571453252795,48.84695950906798],[2.275714659135287,48.846959615959726],[2.2769892568525467,48.848048306770636],[2.277987233982128,48.848840100759354],[2.279156909835985,48.8497680218194],[2.2791570474454663,48.84976812247784],[2.2795517718392446,48.85005742580041],[2.2796877384860563,48.85015707911052],[2.279820392249172,48.85025430291839],[2.2799597853351377,48.850356465957795],[2.281532624552378,48.849384424039584],[2.2841968399141477,48.84773610679577],[2.285688966943041,48.846806087542745],[2.286972507238421,48.84604606533177],[2.287987513869867,48.84564762681185],[2.2895084547678897,48.84505266360789],[2.292762227592771,48.843777569967116],[2.2950482256656572,48.84288282468378],[2.2948508059195527,48.842681167762045],[2.2933703110013126,48.84194696341595],[2.291407535458132,48.84098977428431],[2.291027068530004,48.84076873027618],[2.291003111140473,48.84075241041851],[2.2909832097800242,48.84073730895953],[2.2909688376772293,48.84072610486295],[2.2909529901788996,48.84071368326608],[2.2909360392740883,48.84069834026831],[2.2909238791404936,48.84068689385614],[2.2909058248535903,48.840668628555605],[2.2903356127212318,48.83999377271539],[2.2899347385191633,48.839385429172694],[2.2894160499720995,48.83858587466244],[2.288989011350519,48.83847479459822],[2.2876748557553346,48.83813517508639],[2.2858073323379453,48.837645812206105],[2.284817772349102,48.837323355420374],[2.2844279289844835,48.83718826198555],[2.2836663382980906,48.836873978967056],[2.281301803162687,48.83591799709403],[2.2812887539465807,48.83589290976908],[2.2812857622541607,48.83588697120802],[2.2812779972067543,48.835871708925424],[2.2812766548547456,48.83586906928858],[2.281269725803869,48.83585562336955],[2.2812648444141677,48.835846131714405],[2.2812407752804598,48.835799173718044],[2.28122880786522,48.83577606251541],[2.2809973257169203,48.83532478401378],[2.2814569524575297,48.835197580913515],[2.282326472911137,48.83494709808102]]],"type":"Polygon"},"properties":{"id":"P60","nom":"Javel","commune":"75056","arr":15,"zone":"Z7","secteur":"9"}},{"type":"Feature","geometry":{"coordinates":[[[2.249224929777844,48.85782761493476],[2.249592406353122,48.857819591674726],[2.249922110649277,48.857821504094176],[2.2503071756786888,48.85783009934601],[2.2509061531447307,48.857850479607166],[2.2513742427490433,48.857877402956774],[2.251948032931664,48.857909384951014],[2.252509227386523,48.857947997433726],[2.2530477607733452,48.85799323351249],[2.254046773911618,48.858103570646946],[2.255111221894166,48.858218926750624],[2.256297848251106,48.85834129856551],[2.257120450762333,48.858444123479394],[2.2577118515563073,48.85853411390479],[2.2577770604181975,48.85854403629577],[2.2577928578486524,48.85854066634933],[2.257869085989795,48.85852441014012],[2.258083802002381,48.85848426671075],[2.2583002790820887,48.85845060470057],[2.258448459836173,48.858428760271586],[2.258579831760294,48.85841622600764],[2.2587078859957552,48.85841059611251],[2.2588291981936086,48.85840750278492],[2.2589302889405745,48.8584066188438],[2.2591209113142803,48.85840865447853],[2.2592624272425903,48.85841446803749],[2.2594958823273137,48.85842288474508],[2.2597640061393682,48.85842528829705],[2.259972442989335,48.85842511152622],[2.26009952893245,48.858423925981285],[2.2602160266216655,48.858421145034725],[2.260354190427596,48.858416155963454],[2.2604721605479328,48.85840796703019],[2.260706605388561,48.85838621580046],[2.260963023365576,48.85835222194129],[2.261206464164961,48.85830696838452],[2.261450960802094,48.85825412216638],[2.261624323019181,48.8582118294093],[2.26177627562799,48.85816950415402],[2.262114608702889,48.85807333052522],[2.262957650644403,48.857836893412895],[2.2646567183515316,48.85735521256715],[2.2638445868049595,48.856091206151675],[2.2640349124902532,48.85604022298748],[2.264444352121281,48.85593234764498],[2.264666900925026,48.85586992292523],[2.2648683148456934,48.85581209858639],[2.2661057816261674,48.855535053321724],[2.2674465428962036,48.85523876441163],[2.2687123004262153,48.854870819517245],[2.2693547586115255,48.85468449429832],[2.270001502272876,48.85449410147776],[2.270135211813695,48.854453774969045],[2.2703211149400513,48.85438001718216],[2.2708119889060696,48.85416950666208],[2.271750357509406,48.85384342731909],[2.2730031767547763,48.853618177722794],[2.2731196339418753,48.853615904756126],[2.2758263860435948,48.85296690944381],[2.276009476798883,48.852586013501345],[2.278451051960564,48.85128501409416],[2.2785448357620233,48.85123345256216],[2.2799597853351377,48.850356465957795],[2.279820392249172,48.85025430291839],[2.2796877384860563,48.85015707911052],[2.2795517718392446,48.85005742580041],[2.279156978646895,48.84976807169901],[2.277987233982128,48.848840100759354],[2.2769892568525467,48.848048306770636],[2.2757145971941664,48.84695956252208],[2.275389975270346,48.84662471423126],[2.2752006849389774,48.84642955616601],[2.2741479010114602,48.845343692206896],[2.273440651715915,48.844613905562085],[2.2733886560457117,48.84456194352013],[2.2733632629977905,48.84453656739096],[2.273087224444253,48.84425737308042],[2.272245850202753,48.843406357596926],[2.2715680550386534,48.8427325550979],[2.2709523450452562,48.84207588011456],[2.2697770880534653,48.840872753630585],[2.2695991466269128,48.840681227025],[2.269233877183973,48.84028836096022],[2.2684176607078,48.83940981720573],[2.268304618612402,48.83928762674154],[2.2675904546230514,48.838518675049905],[2.265174896626455,48.83616630008328],[2.263706750271844,48.83466319763019],[2.2629585384959285,48.83389712733859],[2.2629562839309902,48.833896733008345],[2.261454490359288,48.83407175092063],[2.261393968568379,48.834078804263875],[2.2613481313324084,48.83408414590999],[2.2611649583422393,48.83410549092154],[2.256979791580248,48.8345931166373],[2.2567365818560616,48.83462144961769],[2.256267936085241,48.83467604182524],[2.2551531788288037,48.83480589058183],[2.253636400978892,48.83658073743044],[2.253630826567405,48.83658725910699],[2.2516495824141467,48.838905377689244],[2.2512241958825805,48.84289685545755],[2.2521891608647686,48.84486180177354],[2.2524484060417946,48.84538967425206],[2.252540390140887,48.845576965438475],[2.2525413076662457,48.84557883376655],[2.2509565375020415,48.84561921373929],[2.2508471859511645,48.845622116616504],[2.250676613938907,48.84562664695089],[2.2506615508056007,48.84562704635722],[2.250538104527297,48.84565861353557],[2.250423671182932,48.845687876210945],[2.2503590479801545,48.845704478385336],[2.2481191211724507,48.84627990868631],[2.2477870564085336,48.84636521037368],[2.246489996249475,48.84669838956939],[2.2462349495217326,48.84676390201029],[2.2443797894378106,48.84724040336692],[2.2429820569299355,48.847599389709984],[2.2424656340827593,48.8477320183579],[2.2424261878374283,48.847766681208086],[2.242280035832254,48.84789512006036],[2.2418982165998993,48.848230655447765],[2.241753185665644,48.848358103322774],[2.241740883702532,48.84836891311769],[2.2415037954482355,48.84857320117818],[2.2414459645432356,48.848623031905596],[2.2413866624294334,48.84867412768066],[2.2403420130734846,48.849574216617],[2.24029724145549,48.84961221664447],[2.2402595612739082,48.849642948922686],[2.240221072495259,48.84967324345757],[2.2401817888897866,48.849703090442716],[2.2401417242408477,48.84973247917257],[2.2401297692539317,48.849740850111274],[2.2401007099369052,48.84976119722391],[2.2400752546385765,48.849778213476796],[2.2400493525111975,48.8497949372895],[2.2400230119013798,48.84981135702289],[2.2399962409979906,48.84982747182939],[2.239969049418375,48.849843276373626],[2.2399414426919115,48.8498587652942],[2.239913430422801,48.84987393415502],[2.2398454007055077,48.84990934806242],[2.239803311979497,48.8499302364803],[2.2397606756935,48.84995063664456],[2.239717506915778,48.849970543254244],[2.2396738193786434,48.84998994920111],[2.239629625425156,48.850008849166834],[2.2395959816552957,48.850022546771584],[2.2395734639201414,48.8500312714257],[2.239550718319555,48.850039734709924],[2.2395277530688764,48.85004793397825],[2.23950457499495,48.85005586837462],[2.239481188225324,48.850063535227015],[2.2394576050764328,48.85007093101616],[2.2394338269376886,48.85007805395202],[2.239409866099406,48.850084902313874],[2.2393857266892963,48.85009147342974],[2.2393614182723507,48.85009776556163],[2.2393369477016565,48.850103776054894],[2.2393123204412833,48.85010950404477],[2.239070264461115,48.85016301784812],[2.2390040061184626,48.85017766624279],[2.2381130005690926,48.85037464311652],[2.2381073403449907,48.85037589406823],[2.2380484397656484,48.85038891506418],[2.2379279027480443,48.85041556100664],[2.2378147485199817,48.85044057563859],[2.2377936087252017,48.850445249888665],[2.237663547440192,48.85047400236659],[2.2375256395989274,48.85050448814578],[2.2374630623035214,48.85051832093575],[2.226600646268913,48.852907445689596],[2.226588274955746,48.852910154661046],[2.226528812562657,48.85292317175824],[2.226138150381096,48.85300869107856],[2.2255608453420526,48.85313506373464],[2.2241511608417213,48.85344363366293],[2.2240784472334783,48.85395911802089],[2.224141516097633,48.85505261104095],[2.224330282145558,48.85594605008846],[2.224981031937296,48.85781898408274],[2.225644216799686,48.859447442492325],[2.2256627404127913,48.859492923467386],[2.2257510441107553,48.85970974634615],[2.2264136363882296,48.86096137326559],[2.226831210289747,48.86165295927459],[2.2272874273094594,48.86256535619142],[2.228249480861213,48.86515835051351],[2.228651087656746,48.865761876159624],[2.229585216342095,48.866845948063556],[2.2314918730290145,48.866340604518506],[2.2321381833159206,48.866167667904136],[2.232432106897973,48.86605332235649],[2.2326432389396977,48.86596891816062],[2.232866797594074,48.86587633805479],[2.233090360181154,48.865781028908216],[2.2334617734159816,48.865598161661154],[2.233781568118698,48.865431451585465],[2.2342220124254246,48.86518390059761],[2.234702303528919,48.86490794387608],[2.235088474871005,48.864709929884064],[2.235645014836487,48.8644384119964],[2.2360809303407034,48.86423460582145],[2.236360835059937,48.86410796129094],[2.2366385194045018,48.86398642017787],[2.236785664292221,48.86391799843444],[2.236889688660392,48.863856832780186],[2.236973802352979,48.86380221242175],[2.2370501765461173,48.86374904279104],[2.2370999897371893,48.86371189492301],[2.237155351673761,48.8636645414224],[2.2372516803159836,48.8635814899989],[2.237346921095541,48.86349041558982],[2.2374443745255634,48.86339715626946],[2.237601678758995,48.86322227114993],[2.2376958724721283,48.8631005675469],[2.2378155521328655,48.86294679859318],[2.2379264110392096,48.86278208301103],[2.237958548539192,48.862739813682424],[2.237998455797199,48.86268150880102],[2.2380439182517806,48.86260862200918],[2.2380949123864586,48.86253282321737],[2.2381535521748863,48.86245897071721],[2.2381574781845828,48.862454570868586],[2.238279795375951,48.86233920727045],[2.238298266550048,48.86232178555507],[2.238433166817583,48.86220094744212],[2.238666900780272,48.862003395846465],[2.2389029790159203,48.86181497547617],[2.2391298466788427,48.86164577381032],[2.2394751666984574,48.861398618949615],[2.2397549433773567,48.861201228222775],[2.2401355038562243,48.86095077967035],[2.240601711961506,48.86066220455461],[2.241154136443811,48.860332314539676],[2.241769104950404,48.85996862007072],[2.242108561758848,48.85977994967229],[2.242491536406769,48.859571013293746],[2.242884569124183,48.85936540488197],[2.2433229287456826,48.859146547309486],[2.2437385561592977,48.858967526411014],[2.243982879780781,48.858869742179856],[2.2442624649154808,48.85875869873086],[2.2444941712222786,48.858677509706155],[2.2448744531626095,48.858553261167614],[2.245262278346942,48.85843233806255],[2.2456374809529107,48.85833133410716],[2.2460277847490526,48.85822867846563],[2.2464407106536486,48.85814264749212],[2.24685865933345,48.858061600386364],[2.2472589482877967,48.85800212881881],[2.247629025116944,48.857947613005166],[2.247905934496193,48.85791793634821],[2.248331359988814,48.857875086475055],[2.248640975252038,48.85785207636306],[2.248932956465176,48.85783735480072],[2.249224929777844,48.85782761493476]]],"type":"Polygon"},"properties":{"id":"P61","nom":"Auteuil","commune":"75056","arr":16,"zone":"Z7","secteur":"5"}},{"type":"Feature","geometry":{"coordinates":[[[2.2456248612503424,48.876355222184294],[2.2548240803714226,48.874079833632734],[2.2550565715770494,48.87415250267544],[2.255057578722222,48.8741528174191],[2.2550585299991,48.874152081378085],[2.25511851129423,48.87410558339022],[2.255221911398101,48.87402542856941],[2.2552951470130917,48.87396865787689],[2.2553863213004997,48.87389839880421],[2.2554197754241603,48.87387261937563],[2.2556270348365866,48.873681933811575],[2.255856665769221,48.873483720009034],[2.2561160373872053,48.873267541741015],[2.256324204248185,48.87310357025379],[2.256549419131258,48.87293403388773],[2.2567839160058645,48.8727573113676],[2.256951124832169,48.87262801598855],[2.2571917648942073,48.872442217680494],[2.2574178161704905,48.872257029854964],[2.257614944068742,48.87208549597027],[2.2578273668167803,48.87189706788982],[2.2581302995988533,48.87162569322112],[2.2582190510013294,48.871535553864284],[2.258459623115165,48.87130271563065],[2.2587139461875747,48.871075919325676],[2.2588052679428023,48.87099863812122],[2.259117441781359,48.870740493484206],[2.259120578757236,48.87073809814919],[2.2591270442770885,48.87073316207073],[2.2593268582653216,48.87058064417443],[2.259332361676625,48.87057644499324],[2.2594092415491533,48.87051775971471],[2.259480892838271,48.87046493277419],[2.2597588814603387,48.87027024701392],[2.2598186555714808,48.87022649189275],[2.2600156038144363,48.87007446770877],[2.2600822086177663,48.870020371690565],[2.2602281283949015,48.86989457058649],[2.26038335113339,48.86974683768112],[2.2605634423117333,48.86955855812018],[2.260746937771293,48.86937324825864],[2.2607818899333703,48.86933882836331],[2.260956762029523,48.869175363169745],[2.261017364890984,48.8691227116697],[2.261201628428371,48.86896905123662],[2.261242576150685,48.86893392444285],[2.2613210507824304,48.86887291480605],[2.2613414681547677,48.868858608937394],[2.2614037474902027,48.868814965577556],[2.2614515052864443,48.86878333783585],[2.261516315190264,48.86874417620445],[2.2615853471462897,48.86870779439564],[2.261657915215408,48.86867430418717],[2.2617329346346544,48.86864387065781],[2.261782309042262,48.86862618099336],[2.26187859841406,48.86859368953915],[2.261969831799767,48.86856722755405],[2.262173574015254,48.868508187640785],[2.262234123462732,48.86849141026824],[2.2622974840234997,48.86847635715858],[2.2623338047379815,48.86846772870742],[2.2624352537468093,48.86844792066745],[2.2625375136151584,48.868432074680065],[2.2625834626855554,48.868426351922004],[2.2626550365278075,48.86841910972138],[2.2628288581787146,48.868405819591736],[2.263033342535343,48.86839750435763],[2.263243816359562,48.8683952072233],[2.2633145610931082,48.86839597363737],[2.263573521445337,48.86842194954149],[2.2638332862910295,48.868457191341435],[2.2640419468685105,48.86848366985397],[2.2641186768854635,48.868492798779705],[2.264231941098305,48.868502583936284],[2.2643231276744804,48.86850713846714],[2.2644458081905867,48.86850937729172],[2.264568494971801,48.86850711747901],[2.2646042130717787,48.868505612888605],[2.2646519246315293,48.86850501027502],[2.264728674038786,48.86850128181697],[2.2648052946705297,48.86849431305917],[2.26489132722593,48.868482318931406],[2.264945866605712,48.86847336090253],[2.2650021816496073,48.868461259731724],[2.2650856439924074,48.86843586105405],[2.2651684262112726,48.86840677440385],[2.265248491614723,48.86837399807166],[2.265324334711878,48.86833843386351],[2.2653550271586997,48.868323436725774],[2.265413007385566,48.86829154998241],[2.265468533931198,48.86825732602963],[2.2655026450758147,48.868234321333276],[2.265543584424099,48.868203504500585],[2.2655801635905237,48.868170883782604],[2.265592995181933,48.868158746640816],[2.26562289382599,48.86812684217024],[2.2656502036164397,48.868093681603284],[2.2656723374128505,48.86805934080248],[2.2656801203140944,48.868048016265774],[2.2656946100504904,48.86802095107316],[2.2657056909625304,48.86799325880271],[2.2657143187767117,48.86796502985755],[2.2657177783257394,48.86792888549694],[2.2657178311435278,48.86789138649798],[2.2657135258552157,48.867853972280315],[2.265706742794372,48.867829862243546],[2.2656907298272215,48.86777940755769],[2.265664823489771,48.86773023849576],[2.2656366524885523,48.86768119313117],[2.265602530133919,48.86763704597849],[2.265512941526173,48.86752129118184],[2.265320616027269,48.86729759783818],[2.265123256023848,48.867075867080146],[2.2650728016151405,48.867019944086856],[2.2650371830991225,48.86698364158999],[2.2650179008154425,48.86695617300374],[2.26500307777014,48.866927728121794],[2.2649838145159658,48.86688751313628],[2.264964565797705,48.86683651231207],[2.2649571812626625,48.86680414876172],[2.2649498047666996,48.866765902600335],[2.264944174030421,48.86672373249535],[2.264940825118531,48.866682542306194],[2.2649440427545997,48.86664038786867],[2.2649500497936295,48.86659724688417],[2.264956039175535,48.86656685320153],[2.2649650177518184,48.866524694568284],[2.264979984092816,48.866453123429004],[2.2649957950072563,48.86637502277904],[2.2650128768368587,48.866319787856554],[2.265054651347121,48.86620901128762],[2.2650874658784845,48.866129605737854],[2.2651321797295596,48.86604236433424],[2.2651768805152104,48.86596492936466],[2.2652587989533535,48.865845351674466],[2.2653273021610025,48.86575224225117],[2.265397286324833,48.86566207376135],[2.2655115788344715,48.865528313929254],[2.2655713752216746,48.8654613616439],[2.2657667417391925,48.86524412017185],[2.265925368082284,48.86507794849781],[2.266122481699785,48.86487582173802],[2.2663715733268672,48.864639643575664],[2.2670233038332035,48.864016039273075],[2.267794068380977,48.863239093838125],[2.2679568083840196,48.8630750471063],[2.2680079972505376,48.86302344498165],[2.2681153218975956,48.86291525701367],[2.2681476879089986,48.86288262940774],[2.268269297182684,48.86290944530401],[2.268303107260827,48.8629183110067],[2.2683712055073553,48.862936167617875],[2.2684250287016563,48.8629502819519],[2.2684965743811354,48.862973474748735],[2.268573737552166,48.862994819485905],[2.268631917888647,48.86300637201323],[2.2686579257955857,48.86301153675608],[2.268723579406296,48.863023527925144],[2.2687393089029277,48.863026402143596],[2.2688417480929797,48.86303757386273],[2.2689484035477943,48.863045046124036],[2.269085274539015,48.86304867552458],[2.2692063693002886,48.86305188646465],[2.2693485721916606,48.863055657843645],[2.2694669995986563,48.8630676011522],[2.2695776486605013,48.863088619918024],[2.2697318914371967,48.8631229695143],[2.2698834057275974,48.863162357532765],[2.269960930751285,48.86318488442608],[2.2701116135870936,48.86323343959028],[2.2702580655922677,48.86328676231933],[2.270581591208385,48.86342868215187],[2.270687158888497,48.86347712347753],[2.2709587886143283,48.86359400186046],[2.271083981672546,48.86364470193673],[2.2713418747375482,48.86374233952877],[2.2716850646764333,48.86385826418596],[2.2717097271819076,48.863866014703824],[2.2719024609345633,48.863923633513785],[2.272002663493533,48.863953588974944],[2.272027450114714,48.86395968267321],[2.2720386830524815,48.86396246164991],[2.2721971035218904,48.86400181584379],[2.2722774938182635,48.86402235846905],[2.272296569655475,48.86402723113884],[2.2722972542192195,48.86402740707777],[2.2724525237807423,48.864067229219195],[2.272461713867709,48.864069585631825],[2.272690774533861,48.86412043960537],[2.2728141278995446,48.8641445525699],[2.2728296322148274,48.864147583162264],[2.272964967611655,48.86417287587546],[2.2731686751680265,48.86420748188532],[2.2734087984835907,48.86424097759438],[2.273651523903483,48.86426746556575],[2.2738952073141188,48.86428675503998],[2.2740289127239848,48.86429438056076],[2.274316905650817,48.86430641126322],[2.27456729229809,48.86431041234461],[2.2746539362288356,48.86430925661129],[2.2747402802017107,48.86430810529303],[2.274833088033558,48.864306868068645],[2.274953304537476,48.86430240356623],[2.2750120619127414,48.864300219745736],[2.2750480411936054,48.86429852207241],[2.275242827473477,48.86428932688849],[2.277375811765977,48.86405389653636],[2.2775689566263013,48.86403242768828],[2.2815736020358837,48.863581614280584],[2.28169432506133,48.863568023926334],[2.2863097257647915,48.863048413067176],[2.286746564358137,48.86299922184687],[2.2870472305166607,48.86296536396163],[2.287170218723377,48.86294919055348],[2.287186267396259,48.8629467400765],[2.287848079930287,48.862526564361005],[2.2887537340817974,48.86194919296133],[2.288937928895715,48.86183181934101],[2.2891880376579463,48.86167244233858],[2.290741354131894,48.860682583647005],[2.2919544513086514,48.8599094894163],[2.291778091813365,48.85978145877319],[2.291559637128034,48.859610966543926],[2.2915586977943962,48.85961018034318],[2.291251449316663,48.85935283904187],[2.289839040367122,48.858240853809285],[2.289129267169513,48.85766411921116],[2.289056833076756,48.85759403552592],[2.2890075488192463,48.857540155446905],[2.288940302714653,48.85745847112639],[2.288910545466269,48.85741700303565],[2.2888662654744887,48.85735529584473],[2.2888536049323513,48.857337121949314],[2.2887269710953118,48.85714811502999],[2.2885856504395146,48.85693719052852],[2.2884769811473222,48.85676103216085],[2.288335561248286,48.856531779581445],[2.2881060537874376,48.856121255227244],[2.287976739858441,48.856023962244016],[2.287913604130975,48.85597646018799],[2.2876524275168113,48.85579228920342],[2.2875947375139107,48.85575174354355],[2.2875689468107825,48.855733616319085],[2.2875374888816795,48.85571112043892],[2.2875103846920117,48.85569197270293],[2.287508774260327,48.85569083711734],[2.2874371881508035,48.85564032828318],[2.2874105804674323,48.85562155491459],[2.2859900284811423,48.85461924223342],[2.28591410939242,48.85456469722224],[2.285913332037395,48.85456413767845],[2.285756106747872,48.85445117777664],[2.2848165855661833,48.85377498709338],[2.2843585357919483,48.853445311178774],[2.2836947121323785,48.85298022335057],[2.2829968632479383,48.852491282577226],[2.282840270138351,48.852382215682105],[2.282791458882652,48.852347765362204],[2.282762457503053,48.85232729562954],[2.2827455064209152,48.85231533053937],[2.2826862660552516,48.852273518437286],[2.2823892891780697,48.85206383944171],[2.2808821328714037,48.85100468086443],[2.280102344698394,48.85045665668304],[2.2799597853351377,48.850356465957795],[2.2785448357620233,48.85123345256216],[2.278451051960564,48.85128501409416],[2.276009476798883,48.852586013501345],[2.2758263860435948,48.85296690944381],[2.2731196339418753,48.853615904756126],[2.2730031767547763,48.853618177722794],[2.271750357509406,48.85384342731909],[2.2708119889060696,48.85416950666208],[2.2703211149400513,48.85438001718216],[2.270135211813695,48.854453774969045],[2.270001502272876,48.85449410147776],[2.2693547586115255,48.85468449429832],[2.2687123004262153,48.854870819517245],[2.2674465428962036,48.85523876441163],[2.2661057816261674,48.855535053321724],[2.2648683148456934,48.85581209858639],[2.264666900925026,48.85586992292523],[2.264444352121281,48.85593234764498],[2.2640349124902532,48.85604022298748],[2.2638445868049595,48.856091206151675],[2.2646567183515316,48.85735521256715],[2.262957650644403,48.857836893412895],[2.262114608702889,48.85807333052522],[2.26177627562799,48.85816950415402],[2.261624323019181,48.8582118294093],[2.261450960802094,48.85825412216638],[2.261206464164961,48.85830696838452],[2.260963023365576,48.85835222194129],[2.260706605388561,48.85838621580046],[2.2604721605479328,48.85840796703019],[2.260354190427596,48.858416155963454],[2.2602160266216655,48.858421145034725],[2.26009952893245,48.858423925981285],[2.259972442989335,48.85842511152622],[2.2597640061393682,48.85842528829705],[2.2594958823273137,48.85842288474508],[2.2592624272425903,48.85841446803749],[2.2591209113142803,48.85840865447853],[2.2589302889405745,48.8584066188438],[2.2588291981936086,48.85840750278492],[2.2587078859957552,48.85841059611251],[2.258579831760294,48.85841622600764],[2.258448459836173,48.858428760271586],[2.2583002790820887,48.85845060470057],[2.258083802002381,48.85848426671075],[2.257869085989795,48.85852441014012],[2.2577928578486524,48.85854066634933],[2.2577770604181975,48.85854403629577],[2.2577118515563073,48.85853411390479],[2.257120450762333,48.858444123479394],[2.256297848251106,48.85834129856551],[2.255111221894166,48.858218926750624],[2.254046773911618,48.858103570646946],[2.2530477607733452,48.85799323351249],[2.252509227386523,48.857947997433726],[2.251948032931664,48.857909384951014],[2.2513742427490433,48.857877402956774],[2.2509061531447307,48.857850479607166],[2.2503071756786888,48.85783009934601],[2.249922110649277,48.857821504094176],[2.249592406353122,48.857819591674726],[2.249224929777844,48.85782761493476],[2.248932956465176,48.85783735480072],[2.248640975252038,48.85785207636306],[2.248331359988814,48.857875086475055],[2.247905934496193,48.85791793634821],[2.247629025116944,48.857947613005166],[2.2472589482877967,48.85800212881881],[2.24685865933345,48.858061600386364],[2.2464407106536486,48.85814264749212],[2.2460277847490526,48.85822867846563],[2.2456374809529107,48.85833133410716],[2.245262278346942,48.85843233806255],[2.2448744531626095,48.858553261167614],[2.2444941712222786,48.858677509706155],[2.2442624649154808,48.85875869873086],[2.243982879780781,48.858869742179856],[2.2437385561592977,48.858967526411014],[2.2433229287456826,48.859146547309486],[2.242884569124183,48.85936540488197],[2.242491536406769,48.859571013293746],[2.242108561758848,48.85977994967229],[2.241769104950404,48.85996862007072],[2.241154136443811,48.860332314539676],[2.240601711961506,48.86066220455461],[2.2401355038562243,48.86095077967035],[2.2397549433773567,48.861201228222775],[2.2394751666984574,48.861398618949615],[2.2391298466788427,48.86164577381032],[2.2389029790159203,48.86181497547617],[2.238666900780272,48.862003395846465],[2.238433166817583,48.86220094744212],[2.238298266550048,48.86232178555507],[2.238279795375951,48.86233920727045],[2.2381574781845828,48.862454570868586],[2.2381535521748863,48.86245897071721],[2.2380949123864586,48.86253282321737],[2.2380439182517806,48.86260862200918],[2.237998455797199,48.86268150880102],[2.237958548539192,48.862739813682424],[2.2379264110392096,48.86278208301103],[2.2378155521328655,48.86294679859318],[2.2376958724721283,48.8631005675469],[2.237601678758995,48.86322227114993],[2.2374443745255634,48.86339715626946],[2.237346921095541,48.86349041558982],[2.2372516803159836,48.8635814899989],[2.237155351673761,48.8636645414224],[2.2370999897371893,48.86371189492301],[2.2370501765461173,48.86374904279104],[2.236973802352979,48.86380221242175],[2.236889688660392,48.863856832780186],[2.236785664292221,48.86391799843444],[2.2366385194045018,48.86398642017787],[2.236360835059937,48.86410796129094],[2.2360809303407034,48.86423460582145],[2.235645014836487,48.8644384119964],[2.235088474871005,48.864709929884064],[2.234702303528919,48.86490794387608],[2.2342220124254246,48.86518390059761],[2.233781568118698,48.865431451585465],[2.2334617734159816,48.865598161661154],[2.233090360181154,48.865781028908216],[2.232866797594074,48.86587633805479],[2.2326432389396977,48.86596891816062],[2.232432106897973,48.86605332235649],[2.2321381833159206,48.866167667904136],[2.2314918730290145,48.866340604518506],[2.229585216342095,48.866845948063556],[2.229935985847487,48.86725300702316],[2.2306159655303204,48.86799131823931],[2.232124116198873,48.869554757250484],[2.2325271503213964,48.869668222521845],[2.2359200375748025,48.87062336275325],[2.237388106287932,48.871017183579006],[2.239400491183021,48.87150371479747],[2.23948570691306,48.871524239829526],[2.2395584727509927,48.871542799767816],[2.239630737012329,48.87156219466963],[2.239702477980379,48.871582418102356],[2.2397736725489428,48.871603465423476],[2.239844300390683,48.87162532841051],[2.239914337075186,48.871647999714575],[2.239983764935717,48.87167147562697],[2.240047364550486,48.871695232865086],[2.2400845214410547,48.87170988175472],[2.240121284967123,48.871724955326705],[2.2401576442758895,48.87174044991498],[2.2401935885014983,48.87175636275296],[2.240229105506628,48.8717726847704],[2.2402641857886696,48.87178941320933],[2.2402988171312974,48.871806544395156],[2.2403945214501277,48.871856643915606],[2.2404455183708527,48.871884723276416],[2.2404957610749023,48.871913386903095],[2.2405452388009803,48.87194262483541],[2.240593938048473,48.87197242799511],[2.24064183852653,48.872002785462165],[2.2408188076486626,48.87211629617724],[2.240911876047942,48.87217904228967],[2.2410032699854643,48.872242850631395],[2.241092963860655,48.87230770035876],[2.2411809265802343,48.87237357329122],[2.241267135268889,48.87244044860245],[2.243351535298354,48.87411842345777],[2.2456248612503424,48.876355222184294]]],"type":"Polygon"},"properties":{"id":"P62","nom":"Muette","commune":"75056","arr":16,"zone":"Z3","secteur":"5"}},{"type":"Feature","geometry":{"coordinates":[[[2.2709844605828975,48.87877430214067],[2.277490577203393,48.87796402719367],[2.2777088587404557,48.878029213812674],[2.277921808432569,48.87809280661025],[2.278081816037011,48.87814058952281],[2.278362932685237,48.87822453636195],[2.278611678029239,48.87829881740674],[2.279181149147991,48.87846887120621],[2.2794791983474636,48.8785578717972],[2.279483031720638,48.878559016346564],[2.279780485829414,48.87864783812035],[2.279801073127652,48.87865398575684],[2.2813150822044364,48.8781582801608],[2.2833514715397896,48.877491492169554],[2.2833630798998277,48.87743573147328],[2.283501312568958,48.8768529889745],[2.2839553322589805,48.87508016674224],[2.2844485295183925,48.87316648429072],[2.2853185402272294,48.869743116273895],[2.2853391167443142,48.86966249754977],[2.2853569780899696,48.869592272549006],[2.2857787543430814,48.8679331172849],[2.285952435027173,48.86725137069385],[2.286983905411509,48.86321180584278],[2.2870472305166607,48.86296536396163],[2.286746564358137,48.86299922184687],[2.2863097257647915,48.863048413067176],[2.28169432506133,48.863568023926334],[2.2815736020358837,48.863581614280584],[2.2775689566263013,48.86403242768828],[2.277375811765977,48.86405389653636],[2.275242827473477,48.86428932688849],[2.2750480411936054,48.86429852207241],[2.2750120619127414,48.864300219745736],[2.274953304537476,48.86430240356623],[2.274833088033558,48.864306868068645],[2.2747402802017107,48.86430810529303],[2.2746539362288356,48.86430925661129],[2.27456729229809,48.86431041234461],[2.274316905650817,48.86430641126322],[2.2740289127239848,48.86429438056076],[2.2738952073141188,48.86428675503998],[2.273651523903483,48.86426746556575],[2.2734087984835907,48.86424097759438],[2.2731686751680265,48.86420748188532],[2.272964967611655,48.86417287587546],[2.2728296322148274,48.864147583162264],[2.2728141278995446,48.8641445525699],[2.272690774533861,48.86412043960537],[2.272461713867709,48.864069585631825],[2.2724525237807423,48.864067229219195],[2.2722972542192195,48.86402740707777],[2.272296569655475,48.86402723113884],[2.2722774938182635,48.86402235846905],[2.2721971035218904,48.86400181584379],[2.2720386830524815,48.86396246164991],[2.272027450114714,48.86395968267321],[2.272002663493533,48.863953588974944],[2.2719024609345633,48.863923633513785],[2.2717097271819076,48.863866014703824],[2.2716850646764333,48.86385826418596],[2.2713418747375482,48.86374233952877],[2.271083981672546,48.86364470193673],[2.2709587886143283,48.86359400186046],[2.270687158888497,48.86347712347753],[2.270581591208385,48.86342868215187],[2.2702580655922677,48.86328676231933],[2.2701116135870936,48.86323343959028],[2.269960930751285,48.86318488442608],[2.2698834057275974,48.863162357532765],[2.2697318914371967,48.8631229695143],[2.2695776486605013,48.863088619918024],[2.2694669995986563,48.8630676011522],[2.2693485721916606,48.863055657843645],[2.2692063693002886,48.86305188646465],[2.269085274539015,48.86304867552458],[2.2689484035477943,48.863045046124036],[2.2688417480929797,48.86303757386273],[2.2687393089029277,48.863026402143596],[2.268723579406296,48.863023527925144],[2.2686579257955857,48.86301153675608],[2.268631917888647,48.86300637201323],[2.268573737552166,48.862994819485905],[2.2684965743811354,48.862973474748735],[2.2684250287016563,48.8629502819519],[2.2683712055073553,48.862936167617875],[2.268303107260827,48.8629183110067],[2.268269297182684,48.86290944530401],[2.2681476879089986,48.86288262940774],[2.2681153218975956,48.86291525701367],[2.2680079972505376,48.86302344498165],[2.2679568083840196,48.8630750471063],[2.267794068380977,48.863239093838125],[2.2670233038332035,48.864016039273075],[2.2663715733268672,48.864639643575664],[2.266122481699785,48.86487582173802],[2.265925368082284,48.86507794849781],[2.2657667417391925,48.86524412017185],[2.2655713752216746,48.8654613616439],[2.2655115788344715,48.865528313929254],[2.265397286324833,48.86566207376135],[2.2653273021610025,48.86575224225117],[2.2652587989533535,48.865845351674466],[2.2651768805152104,48.86596492936466],[2.2651321797295596,48.86604236433424],[2.2650874658784845,48.866129605737854],[2.265054651347121,48.86620901128762],[2.2650128768368587,48.866319787856554],[2.2649957950072563,48.86637502277904],[2.264979984092816,48.866453123429004],[2.2649650177518184,48.866524694568284],[2.264956039175535,48.86656685320153],[2.2649500497936295,48.86659724688417],[2.2649440427545997,48.86664038786867],[2.264940825118531,48.866682542306194],[2.264944174030421,48.86672373249535],[2.2649498047666996,48.866765902600335],[2.2649571812626625,48.86680414876172],[2.264964565797705,48.86683651231207],[2.2649838145159658,48.86688751313628],[2.26500307777014,48.866927728121794],[2.2650179008154425,48.86695617300374],[2.2650371830991225,48.86698364158999],[2.2650728016151405,48.867019944086856],[2.265123256023848,48.867075867080146],[2.265320616027269,48.86729759783818],[2.265512941526173,48.86752129118184],[2.265602530133919,48.86763704597849],[2.2656366524885523,48.86768119313117],[2.265664823489771,48.86773023849576],[2.2656907298272215,48.86777940755769],[2.265706742794372,48.867829862243546],[2.2657135258552157,48.867853972280315],[2.2657178311435278,48.86789138649798],[2.2657177783257394,48.86792888549694],[2.2657143187767117,48.86796502985755],[2.2657056909625304,48.86799325880271],[2.2656946100504904,48.86802095107316],[2.2656801203140944,48.868048016265774],[2.2656723374128505,48.86805934080248],[2.2656502036164397,48.868093681603284],[2.26562289382599,48.86812684217024],[2.265592995181933,48.868158746640816],[2.2655801635905237,48.868170883782604],[2.265543584424099,48.868203504500585],[2.2655026450758147,48.868234321333276],[2.265468533931198,48.86825732602963],[2.265413007385566,48.86829154998241],[2.2653550271586997,48.868323436725774],[2.265324334711878,48.86833843386351],[2.265248491614723,48.86837399807166],[2.2651684262112726,48.86840677440385],[2.2650856439924074,48.86843586105405],[2.2650021816496073,48.868461259731724],[2.264945866605712,48.86847336090253],[2.26489132722593,48.868482318931406],[2.2648052946705297,48.86849431305917],[2.264728674038786,48.86850128181697],[2.2646519246315293,48.86850501027502],[2.2646042130717787,48.868505612888605],[2.264568494971801,48.86850711747901],[2.2644458081905867,48.86850937729172],[2.2643231276744804,48.86850713846714],[2.264231941098305,48.868502583936284],[2.2641186768854635,48.868492798779705],[2.2640419468685105,48.86848366985397],[2.2638332862910295,48.868457191341435],[2.263573521445337,48.86842194954149],[2.2633145610931082,48.86839597363737],[2.263243816359562,48.8683952072233],[2.263033342535343,48.86839750435763],[2.2628288581787146,48.868405819591736],[2.2626550365278075,48.86841910972138],[2.2625834626855554,48.868426351922004],[2.2625375136151584,48.868432074680065],[2.2624352537468093,48.86844792066745],[2.2623338047379815,48.86846772870742],[2.2622974840234997,48.86847635715858],[2.262234123462732,48.86849141026824],[2.262173574015254,48.868508187640785],[2.261969831799767,48.86856722755405],[2.26187859841406,48.86859368953915],[2.261782309042262,48.86862618099336],[2.2617329346346544,48.86864387065781],[2.261657915215408,48.86867430418717],[2.2615853471462897,48.86870779439564],[2.261516315190264,48.86874417620445],[2.2614515052864443,48.86878333783585],[2.2614037474902027,48.868814965577556],[2.2613414681547677,48.868858608937394],[2.2613210507824304,48.86887291480605],[2.261242576150685,48.86893392444285],[2.261201628428371,48.86896905123662],[2.261017364890984,48.8691227116697],[2.260956762029523,48.869175363169745],[2.2607818899333703,48.86933882836331],[2.260746937771293,48.86937324825864],[2.2605634423117333,48.86955855812018],[2.26038335113339,48.86974683768112],[2.2602281283949015,48.86989457058649],[2.2600822086177663,48.870020371690565],[2.2600156038144363,48.87007446770877],[2.2598186555714808,48.87022649189275],[2.2597588814603387,48.87027024701392],[2.259480892838271,48.87046493277419],[2.2594092415491533,48.87051775971471],[2.259332361676625,48.87057644499324],[2.2593268582653216,48.87058064417443],[2.2591270442770885,48.87073316207073],[2.259120578757236,48.87073809814919],[2.259117441781359,48.870740493484206],[2.2588052679428023,48.87099863812122],[2.2587139461875747,48.871075919325676],[2.258459623115165,48.87130271563065],[2.2582190510013294,48.871535553864284],[2.2581302995988533,48.87162569322112],[2.2578273668167803,48.87189706788982],[2.257614944068742,48.87208549597027],[2.2574178161704905,48.872257029854964],[2.2571917648942073,48.872442217680494],[2.256951124832169,48.87262801598855],[2.2567839160058645,48.8727573113676],[2.256549419131258,48.87293403388773],[2.256324204248185,48.87310357025379],[2.2561160373872053,48.873267541741015],[2.255856665769221,48.873483720009034],[2.2556270348365866,48.873681933811575],[2.2554197754241603,48.87387261937563],[2.2553863213004997,48.87389839880421],[2.2552951470130917,48.87396865787689],[2.255221911398101,48.87402542856941],[2.25511851129423,48.87410558339022],[2.2550585299991,48.874152081378085],[2.255057578722222,48.8741528174191],[2.255059586208929,48.87415344596459],[2.2552087550084763,48.87420007088494],[2.255411771227289,48.8742635254886],[2.258408259185573,48.88009628228392],[2.258410281236941,48.88010021593826],[2.258449750044976,48.880115307649],[2.2588343060656055,48.880262342692085],[2.2588678689522457,48.88027517452632],[2.2588843479723058,48.880281474801],[2.2703971354169816,48.87884775538741],[2.270428890095171,48.878843798452976],[2.27043222566301,48.87884338170093],[2.2705047587015055,48.87883430778234],[2.2709211872981916,48.87878221503497],[2.2709813094491387,48.87877469395034],[2.2709844605828975,48.87877430214067]]],"type":"Polygon"},"properties":{"id":"P63","nom":"Porte-Dauphine","commune":"75056","arr":16,"zone":"Z3","secteur":"5"}},{"type":"Feature","geometry":{"coordinates":[[[2.2926812562103684,48.86043711353504],[2.2919544513086514,48.8599094894163],[2.290741354131894,48.860682583647005],[2.2891880376579463,48.86167244233858],[2.288937928895715,48.86183181934101],[2.2887537340817974,48.86194919296133],[2.287848079930287,48.862526564361005],[2.287186267396259,48.8629467400765],[2.287170218723377,48.86294919055348],[2.2870472305166607,48.86296536396163],[2.286983905411509,48.86321180584278],[2.285952435027173,48.86725137069385],[2.2857787543430814,48.8679331172849],[2.2853569780899696,48.869592272549006],[2.2853391167443142,48.86966249754977],[2.2853185402272294,48.869743116273895],[2.2844485295183925,48.87316648429072],[2.2839553322589805,48.87508016674224],[2.283501312568958,48.8768529889745],[2.2833630798998277,48.87743573147328],[2.2833514715397896,48.877491492169554],[2.28339942360325,48.87747596701049],[2.283782457126006,48.87735194502258],[2.2837988685431663,48.87734675148639],[2.2838616794121496,48.877326875889906],[2.2839302966811115,48.87730516166499],[2.2839586600539117,48.87729622189593],[2.2840732089771567,48.877260117661145],[2.2842866074172843,48.87719285670748],[2.2871948771838966,48.87627614607663],[2.2880004850313203,48.87601739370701],[2.289198414890218,48.87563248611324],[2.289969481998534,48.875388229491264],[2.2904875639329982,48.87522402012579],[2.293004443500953,48.87442295277959],[2.293004554404016,48.87442291836026],[2.294022093508186,48.874100811293694],[2.294547367192032,48.87393450518294],[2.294933410026856,48.87381228003837],[2.295039594599344,48.87377866025977],[2.2950545488420415,48.87376108883318],[2.295055083600081,48.87376046154316],[2.2950556183582105,48.8737598342531],[2.295056151740751,48.873759207854306],[2.2950566865109234,48.873758579664965],[2.2950572199057113,48.873757952366894],[2.295057753300384,48.87375732506881],[2.2950582866951454,48.87375669777073],[2.295058822816399,48.87375607048868],[2.2950593562233053,48.87375544229133],[2.2950598896057564,48.873754815892504],[2.2950604243636676,48.87375418860245],[2.2950609577461942,48.873753562203625],[2.2950614911529477,48.873752934006255],[2.2950620259109216,48.873752306716185],[2.2950625593054794,48.87375167941806],[2.2950630940512573,48.87375105302726],[2.295063627470131,48.8737504239306],[2.2950641608525797,48.87374979753177],[2.2950646956103893,48.873749170241666],[2.2950652290049836,48.87374854294355],[2.2950657623994632,48.8737479156454],[2.2950662971572338,48.87374728835534],[2.295066831915092,48.87374666106522],[2.2950673653095333,48.8737460337671],[2.2950679000672647,48.873745406477],[2.2950684334617817,48.87374477917885],[2.2950689668562863,48.87374415188073],[2.2950695002506767,48.87374352458258],[2.295070033632985,48.873742898183686],[2.295070568402823,48.87374226999431],[2.295071103160476,48.8737416427042],[2.2950716379181184,48.873741015414055],[2.295072171312545,48.87374038811593],[2.295072704694789,48.87373976171703],[2.2950732394645623,48.873739133527636],[2.2950737728588493,48.873738506229444],[2.295074306253226,48.8737378789313],[2.2950748410107904,48.87373725164113],[2.2950753744051404,48.87373662434297],[2.2950759091626773,48.87373599705283],[2.295076442557003,48.87373536975464],[2.2950769773145145,48.87373474246451],[2.2950775107087122,48.873734115166314],[2.2950780454663007,48.87373348787617],[2.295078578860473,48.87373286057797],[2.2950791136180357,48.87373223328781],[2.295079647012181,48.873731605989605],[2.2950801804064156,48.87373097869142],[2.2950807138005356,48.873730351393206],[2.2950812485579446,48.87372972410304],[2.2950817819399707,48.87372909770413],[2.2950823167095256,48.87372846951465],[2.2950828514669976,48.873727842224454],[2.2950833848610537,48.87372721492627],[2.295083919618399,48.8737265876361],[2.29508445301253,48.87372596033785],[2.2950849864187184,48.87372533214036],[2.295085519800654,48.87372470574141],[2.295086054570118,48.87372407755192],[2.2950865879520275,48.87372345115297],[2.295087122709296,48.87372282386278],[2.2950876574665515,48.87372219657258],[2.295088190860592,48.87372156927433],[2.2950887242545206,48.87372094197609],[2.295089259024009,48.873720313786585],[2.295089792405739,48.87371968738762],[2.2950903258119,48.8737190591901],[2.295090860556908,48.87371843279915],[2.295091393938702,48.873717806400194],[2.2950919287080236,48.87371717821069],[2.2950924621018625,48.87371655091241],[2.2950929968590903,48.8737159236222],[2.295093530252901,48.87371529632391],[2.295094062295671,48.873714668118346],[2.295094597052757,48.87371404082811],[2.2950951317977646,48.873713414437155],[2.2950956665548268,48.873712787146886],[2.2950961999485733,48.87371215984861],[2.29509673334241,48.8737115325503],[2.295097266736233,48.87371090525203],[2.295097800129942,48.873710277953734],[2.2950983348869394,48.8737096506635],[2.295098869656197,48.873709022473946],[2.295099404400998,48.873708396082954],[2.2950999377946553,48.87370776878466],[2.2951004711884018,48.87370714148635],[2.2951010059453347,48.87370651419609],[2.2951015393390555,48.87370588689778],[2.2951020727326608,48.873705259599475],[2.2951026074896577,48.87370463230916],[2.2951031422465387,48.87370400501891],[2.295103677027749,48.87370337593005],[2.2951042104092343,48.873702749531],[2.2951047437906067,48.873702123131956],[2.295105277184237,48.87370149583364],[2.2951058105899227,48.87370086763604],[2.295106345346829,48.87370024034571],[2.2951068800914496,48.87369961395471],[2.295107413484928,48.873698986656365],[2.2951079482539662,48.87369835846677],[2.295108481647417,48.87369773116845],[2.295109016392089,48.873697104777385],[2.295109549797685,48.8736964765798],[2.295110083179029,48.873695850180695],[2.2951106165846,48.87369522198308],[2.29511115132922,48.873694595592035],[2.295111686085896,48.873693968301666],[2.2951122208425594,48.87369334101135],[2.2951127542360097,48.87369271371296],[2.295113287629346,48.873692086414614],[2.295114512336829,48.8736906474832],[2.2951159817521245,48.87368895817672],[2.295116523276409,48.87368833452361],[2.295117064800781,48.87368771087049],[2.2951176090637113,48.87368708633413],[2.2951328005495424,48.873669610724676],[2.2953101951021133,48.873466435984874],[2.295311404048472,48.8734650527177],[2.295344309831307,48.873427420062704],[2.2961681552299233,48.87248426739083],[2.2974931745677,48.87096705386395],[2.297494929003781,48.8709650433331],[2.297525780585638,48.87092533305967],[2.2982436486260824,48.86970160757965],[2.2982961937896444,48.869612031421035],[2.2989130280820635,48.86855755443632],[2.2992467526548634,48.867454454954554],[2.29934172347743,48.86714052977735],[2.2998988172032,48.865326336083754],[2.299911179318319,48.86531531312651],[2.2999627758937287,48.86526930744257],[2.300198755556765,48.8650588970277],[2.301516933566475,48.864524775335155],[2.3015900579003783,48.86347435828111],[2.3011179272878457,48.863451459360725],[2.301070050573897,48.8634488117757],[2.300478427994613,48.863416280973475],[2.300074597676516,48.863381077397236],[2.299788774553807,48.863350002067726],[2.299786477938701,48.863349781779924],[2.299782117619566,48.863349151904636],[2.299236392802038,48.86327032228721],[2.2992317998575404,48.86326965865298],[2.2992281079367154,48.86326889327173],[2.298949421420139,48.86321677692943],[2.29867005365835,48.86315607163435],[2.298573842319958,48.8631331094409],[2.297921354423243,48.86298370095846],[2.2975432022346087,48.86288275475163],[2.29743557867405,48.862851904784804],[2.297430508756709,48.862850529591825],[2.2972425960942844,48.86279268440505],[2.297054412601713,48.86273483822628],[2.296843205727061,48.8626652548382],[2.2967833914035407,48.8626451752058],[2.296747985580189,48.86263391951964],[2.296624366059855,48.862594763731124],[2.296570586048065,48.86257611794765],[2.2965212183592203,48.86256010080013],[2.296383263102262,48.862511286888484],[2.296365882978675,48.8625052813577],[2.2962245785769815,48.86245134464505],[2.296152267384685,48.862422021407426],[2.2960146140992443,48.86236846475493],[2.295886812540739,48.862314374129646],[2.2955572297891313,48.86216911650668],[2.2954253429459297,48.8621076473226],[2.2950897665665537,48.86196229012796],[2.2946606013806337,48.86176159543926],[2.2943208250788407,48.86158971183438],[2.2941957627633403,48.861521138827825],[2.293916784762171,48.86132955520925],[2.2936130423703767,48.86112065516906],[2.2926812562103684,48.86043711353504]]],"type":"Polygon"},"properties":{"id":"P64","nom":"Chaillot","commune":"75056","arr":16,"zone":"Z3","secteur":"5"}},{"type":"Feature","geometry":{"coordinates":[[[2.2950396186637176,48.87377869547584],[2.295039594599344,48.87377866025977],[2.294933410026856,48.87381228003837],[2.294547367192032,48.87393450518294],[2.294022093508186,48.874100811293694],[2.293004554404016,48.87442291836026],[2.293004443500953,48.87442295277959],[2.2904875639329982,48.87522402012579],[2.289969481998534,48.875388229491264],[2.289198414890218,48.87563248611324],[2.2880004850313203,48.87601739370701],[2.2871948771838966,48.87627614607663],[2.2842866074172843,48.87719285670748],[2.2840732089771567,48.877260117661145],[2.2839586600539117,48.87729622189593],[2.2839302966811115,48.87730516166499],[2.2838616794121496,48.877326875889906],[2.2837988685431663,48.87734675148639],[2.283782457126006,48.87735194502258],[2.28339942360325,48.87747596701049],[2.2833514715397896,48.877491492169554],[2.2813150822044364,48.8781582801608],[2.279801073127652,48.87865398575684],[2.279963953459513,48.87870262247549],[2.2799900775080375,48.878816510169706],[2.279993360730925,48.87883082133166],[2.2799934507988557,48.878831210388306],[2.280013556459447,48.87891885599451],[2.280120642062953,48.879385662043475],[2.280150321593033,48.8795150342537],[2.2801534080579966,48.87952849344329],[2.2801909236544513,48.87969202828781],[2.2801909430867946,48.87969210215051],[2.2802410457978466,48.87990507017523],[2.2802604686371413,48.87998762218352],[2.280385638436292,48.88051963667476],[2.2804116358958155,48.88063709459113],[2.2805065132568147,48.881065730173376],[2.2805305154606486,48.881174170937534],[2.2805522845092936,48.881272522080984],[2.2806262699794306,48.88160677126001],[2.2806965394150973,48.88192422261539],[2.2807018659193745,48.88194829211299],[2.280863203512831,48.882677143555206],[2.28088899388761,48.882793657375814],[2.2809079173947495,48.88287914418399],[2.280994919283584,48.88294672845018],[2.2810505263515246,48.8829899247734],[2.2811129454292454,48.883038414097506],[2.281720744694919,48.88351055609309],[2.281957602597523,48.883694546582305],[2.28206772042542,48.88378008358076],[2.2822600567371487,48.883929489578506],[2.284342437010983,48.88554696920705],[2.2844594467998633,48.88563785108104],[2.2844594940188534,48.88563788823592],[2.2846472470028694,48.88578371659912],[2.2853229642993185,48.88630854075627],[2.285662055290439,48.88657190428162],[2.288629944864633,48.88802710300797],[2.288630064079791,48.888027161273435],[2.28872558871423,48.88807399667943],[2.291540142447208,48.88945385899837],[2.291871634770122,48.88949295050776],[2.292408585153266,48.889556270157826],[2.292660999825794,48.88958603464361],[2.2947020059893752,48.887552374465635],[2.2940205815107526,48.88712937792154],[2.293008070987426,48.88651405565532],[2.2929419442252876,48.88647387060779],[2.2929074985968576,48.88645293577556],[2.292894303025024,48.8864449167401],[2.292860241659656,48.88642420809665],[2.292493444307284,48.88620129910279],[2.2924634245501143,48.88618305501162],[2.292432846215411,48.88616447126099],[2.292397634089562,48.88614307128565],[2.2923668204656162,48.88612434403208],[2.2924004619552503,48.88610045511807],[2.293410986288189,48.885382889566024],[2.294532965408529,48.884477619925406],[2.2944099549423376,48.88441708304061],[2.2963856027365477,48.88292863767189],[2.297052438421794,48.882431147446326],[2.2985337503741343,48.881321200427415],[2.299650332987822,48.88048433880628],[2.298857193321938,48.88004838596097],[2.300968824301391,48.878683517517004],[2.2987382787353834,48.87820431805627],[2.298732215034051,48.87820301626688],[2.298730332032996,48.87820261132606],[2.298591578349476,48.87817280015797],[2.298464496710036,48.87814549713407],[2.298155040338321,48.87807900911666],[2.2980155046288484,48.87788370350763],[2.297975678375272,48.877827960051796],[2.2960133783144245,48.875122619465486],[2.2953030843091558,48.87414296247217],[2.295273534793913,48.87410239634096],[2.2951669111890802,48.873955233290125],[2.2950396186637176,48.87377869547584]]],"type":"Polygon"},"properties":{"id":"P65","nom":"Ternes","commune":"75056","arr":17,"zone":"Z6","secteur":"6"}},{"type":"Feature","geometry":{"coordinates":[[[2.303897090814248,48.89005653934027],[2.3040299118931826,48.890120775220616],[2.304040653012315,48.89011273649874],[2.3041277362552814,48.890047563745114],[2.3070652214102263,48.88785195576283],[2.3075008414239666,48.887523846228056],[2.309575849780801,48.88597362514997],[2.3103250020650927,48.88540946447536],[2.3108792348472846,48.88513628832887],[2.3137119456990547,48.88377254075735],[2.314749693105032,48.8828702105554],[2.315625360513486,48.882094607588186],[2.3165043176950064,48.88131663696141],[2.316499356717847,48.881316137387465],[2.3125676700809565,48.88083130159114],[2.311633468179984,48.880716084423504],[2.309137784104956,48.880415066938376],[2.3088389793358037,48.880362733914524],[2.3086112612243275,48.88032285190499],[2.305514958938117,48.879663336370115],[2.3030919178984344,48.87914081074582],[2.300968824301391,48.878683517517004],[2.298857193321938,48.88004838596097],[2.299650332987822,48.88048433880628],[2.2985337503741343,48.881321200427415],[2.297052438421794,48.882431147446326],[2.2963856027365477,48.88292863767189],[2.2944099549423376,48.88441708304061],[2.294532965408529,48.884477619925406],[2.293410986288189,48.885382889566024],[2.2924004619552503,48.88610045511807],[2.2923668204656162,48.88612434403208],[2.292397634089562,48.88614307128565],[2.292432846215411,48.88616447126099],[2.2924634245501143,48.88618305501162],[2.292493444307284,48.88620129910279],[2.292860241659656,48.88642420809665],[2.292894303025024,48.8864449167401],[2.2929074985968576,48.88645293577556],[2.2929419442252876,48.88647387060779],[2.293008070987426,48.88651405565532],[2.2940205815107526,48.88712937792154],[2.2947020059893752,48.887552374465635],[2.292660999825794,48.88958603464361],[2.2929438579708004,48.88961938862363],[2.2936748660823367,48.889705585107905],[2.2942410265127693,48.88977233876575],[2.294259439855608,48.88977451035585],[2.2945015123085484,48.889803051650546],[2.2945779312843806,48.88981206169648],[2.294932951793277,48.889853918334616],[2.295038620251145,48.88986637566847],[2.2950461405555553,48.88986726351424],[2.2950597011101626,48.889868861417],[2.2954821725952184,48.8900905207369],[2.296001801795048,48.890363151759516],[2.297190498751178,48.89098679795558],[2.297425466949597,48.89111007089119],[2.2975445332637303,48.891172535298615],[2.2980290420429066,48.89142672081923],[2.2980297503339577,48.891427091897235],[2.2980304586128955,48.89142746387445],[2.2980885731851184,48.89145795091459],[2.2981938436860276,48.89151317872625],[2.2982552046482585,48.891545369149675],[2.2982925461828576,48.89156495860088],[2.298355043501686,48.89159774558904],[2.2983956177666873,48.89161903209453],[2.29846351611577,48.89165465117574],[2.2985173827826673,48.89168291065803],[2.2985719415507706,48.89171153300094],[2.29863209211381,48.89173985801657],[2.298724644379381,48.89178344189626],[2.2994176183438975,48.89210976410572],[2.2996850051386373,48.89223567364804],[2.300014847923396,48.892390992342285],[2.300347579482332,48.89254766876854],[2.3006061016092914,48.89266940097046],[2.301640408105588,48.891892511209136],[2.3015697316575747,48.891847450099355],[2.3017023888829162,48.89174291881899],[2.301806825818305,48.89165935524354],[2.302548091991526,48.89106286656575],[2.303874946847057,48.890073961904065],[2.303897090814248,48.89005653934027]]],"type":"Polygon"},"properties":{"id":"P66","nom":"Plaine de Monceaux","commune":"75056","arr":17,"zone":"Z6","secteur":"6"}},{"type":"Feature","geometry":{"coordinates":[[[2.317210277038245,48.890259814260936],[2.318681496458321,48.889461321495176],[2.3195434419020713,48.88900284781528],[2.321045115960845,48.88813523318984],[2.322132902273783,48.8875060593977],[2.323039354954995,48.886972940204195],[2.323177005599383,48.88708700327698],[2.3246266374771913,48.88803300145407],[2.325378504408929,48.88759827782613],[2.3255901614290497,48.88749744584191],[2.3263574473009614,48.88583116138138],[2.3267836230192143,48.88491312994435],[2.327389518613703,48.883607514878996],[2.327429281833641,48.88352182601088],[2.3272951479478596,48.88349983021663],[2.327181266310053,48.88348115420053],[2.327064219419937,48.88345712185168],[2.3269240263378284,48.8834283358019],[2.32671684941354,48.88338579625843],[2.326706919926702,48.88338375289595],[2.326583909029832,48.88335844725428],[2.3265438283671593,48.88335017098946],[2.3254957125257802,48.88313487299706],[2.3254561668640465,48.883126692909144],[2.325421134573565,48.88311958506076],[2.3254206001042665,48.883119474129494],[2.325335184693894,48.88310192800774],[2.325334824279031,48.883101854929535],[2.3243298591582016,48.88289528667127],[2.324329394046609,48.88289519051582],[2.3242271544860773,48.88287421482166],[2.3242158147803504,48.88287188899433],[2.3241852709274915,48.88286558943418],[2.3241747717119092,48.8828634356231],[2.3240725200159664,48.88284245882774],[2.324072105203842,48.88284237464654],[2.3240321605458902,48.882834186435],[2.3239927464599885,48.88282609473635],[2.3234222753805143,48.88270885221041],[2.3233823309505213,48.88270066198246],[2.3233503969847846,48.88269410793387],[2.323347698763843,48.88269355398396],[2.3232945184458447,48.88268257923038],[2.323265202623694,48.88267592214447],[2.3232647988158126,48.882675830828035],[2.320542410145602,48.882124231054945],[2.320523133598558,48.882120518025154],[2.320452695027514,48.88210695289429],[2.3203262151518294,48.882081162409655],[2.320326031560339,48.882081124494725],[2.3202393573646996,48.88206343265537],[2.319629249290564,48.88193889154985],[2.3189102609412346,48.88179214393072],[2.3188356709647735,48.88177691923344],[2.3187819224523234,48.8817659500148],[2.318749929315782,48.88175941957173],[2.31788121353815,48.881582103233875],[2.3168407552360146,48.88136970418254],[2.316828878615097,48.88136729814143],[2.316655473784491,48.88133190086973],[2.3166553961603475,48.88133189323201],[2.3165043176950064,48.88131663696141],[2.315625360513486,48.882094607588186],[2.314749693105032,48.8828702105554],[2.3137119456990547,48.88377254075735],[2.3108792348472846,48.88513628832887],[2.3103250020650927,48.88540946447536],[2.309575849780801,48.88597362514997],[2.3075008414239666,48.887523846228056],[2.3070652214102263,48.88785195576283],[2.3041277362552814,48.890047563745114],[2.304040653012315,48.89011273649874],[2.3040299118931826,48.890120775220616],[2.303897090814248,48.89005653934027],[2.303874946847057,48.890073961904065],[2.302548091991526,48.89106286656575],[2.301806825818305,48.89165935524354],[2.3017023888829162,48.89174291881899],[2.3015697316575747,48.891847450099355],[2.301640408105588,48.891892511209136],[2.3006061016092914,48.89266940097046],[2.301231385719381,48.8929638261053],[2.3013246877722078,48.893007758517285],[2.3022672979615715,48.89345158782901],[2.3029519618692316,48.89377395352578],[2.3032793875064543,48.89392972187208],[2.30364109729229,48.894101800070636],[2.303780496502558,48.89416811475325],[2.3052465534781725,48.89486554078928],[2.3053851191464516,48.89493145749216],[2.3056732312328774,48.89506851079071],[2.305818090884962,48.89513741954481],[2.305903674552145,48.89517813069967],[2.3064533716723963,48.895439613935814],[2.3075014049774305,48.89593813323166],[2.308594730419131,48.89635035637045],[2.3095455017456525,48.8967088178464],[2.3098265213334903,48.8965484157502],[2.310124321647379,48.89637843563451],[2.310264093921253,48.89629865241152],[2.3103839346868913,48.89623024759516],[2.312056482936511,48.89527552846539],[2.3134211364758013,48.89450093680449],[2.313463164052625,48.89447708396469],[2.313585909935802,48.894407421788635],[2.313624552777327,48.89438548303662],[2.3136167130352288,48.89438237140688],[2.31342007007676,48.894304306970646],[2.313285107250659,48.894250729287165],[2.3132389564623543,48.894232407996064],[2.313183181812432,48.89421026602044],[2.3112851921731212,48.89345676235557],[2.3114990996537115,48.89334476017925],[2.311553933975986,48.89331607579756],[2.3116267872059475,48.89327796482322],[2.3116468432136923,48.89326745008848],[2.3119828337283983,48.89309189105284],[2.312339159645301,48.89290563884558],[2.3131932632507155,48.892459146554124],[2.3138863792119984,48.892087702625254],[2.314443213982058,48.891797794289694],[2.3149272829202823,48.891555947029325],[2.3149988687927245,48.891520180256826],[2.3154601361979132,48.8912897198447],[2.3155138870339083,48.89126292680441],[2.315629695827534,48.89120746356919],[2.3163777474009826,48.8908492719535],[2.3172257724087246,48.890443198055095],[2.317253024949564,48.89043014772894],[2.3173344847236725,48.89039300770867],[2.317210277038245,48.890259814260936]]],"type":"Polygon"},"properties":{"id":"P67","nom":"Batignolles","commune":"75056","arr":17,"zone":"Z10","secteur":"11"}},{"type":"Feature","geometry":{"coordinates":[[[2.3259142140908415,48.88853299519871],[2.325754138708431,48.888021460943065],[2.325679225131273,48.88778206868795],[2.3256165133688764,48.887581659897215],[2.3255901614290497,48.88749744584191],[2.325378504408929,48.88759827782613],[2.3246266374771913,48.88803300145407],[2.323177005599383,48.88708700327698],[2.323039354954995,48.886972940204195],[2.322132902273783,48.8875060593977],[2.321045115960845,48.88813523318984],[2.3195434419020713,48.88900284781528],[2.318681496458321,48.889461321495176],[2.317210277038245,48.890259814260936],[2.3173344847236725,48.89039300770867],[2.317253024949564,48.89043014772894],[2.3172257724087246,48.890443198055095],[2.3163777474009826,48.8908492719535],[2.315629695827534,48.89120746356919],[2.3155138870339083,48.89126292680441],[2.3154601361979132,48.8912897198447],[2.3149988687927245,48.891520180256826],[2.3149272829202823,48.891555947029325],[2.314443213982058,48.891797794289694],[2.3138863792119984,48.892087702625254],[2.3131932632507155,48.892459146554124],[2.312339159645301,48.89290563884558],[2.3119828337283983,48.89309189105284],[2.3116468432136923,48.89326745008848],[2.3116267872059475,48.89327796482322],[2.311553933975986,48.89331607579756],[2.3114990996537115,48.89334476017925],[2.3112851921731212,48.89345676235557],[2.313183181812432,48.89421026602044],[2.3132389564623543,48.894232407996064],[2.313285107250659,48.894250729287165],[2.31342007007676,48.894304306970646],[2.3136167130352288,48.89438237140688],[2.313624552777327,48.89438548303662],[2.313585909935802,48.894407421788635],[2.313463164052625,48.89447708396469],[2.3134211364758013,48.89450093680449],[2.312056482936511,48.89527552846539],[2.3103839346868913,48.89623024759516],[2.310264093921253,48.89629865241152],[2.310124321647379,48.89637843563451],[2.3098265213334903,48.8965484157502],[2.3095455017456525,48.8967088178464],[2.309679111562785,48.89675919022224],[2.3096800100425243,48.89675952815069],[2.3098537472874705,48.89682502980257],[2.3099544874151743,48.89686301132886],[2.309955163317416,48.89686326523499],[2.3108448550633374,48.897198682366685],[2.3114652639116176,48.89743256993787],[2.3117717291577,48.89754810379589],[2.3119265163518428,48.89760645537047],[2.312274434228998,48.89773761165882],[2.3130831980590076,48.8979834089565],[2.3133865352094665,48.89807559585214],[2.313417843632531,48.898085110297515],[2.313818578807526,48.89820689528927],[2.313868516284037,48.89822207235411],[2.3141406779444145,48.89830478241208],[2.3149565214264265,48.898552711784646],[2.316115658730189,48.898904950629905],[2.316287479551741,48.89895716322135],[2.3165449784403958,48.899035409715424],[2.3170623819758465,48.89919263058978],[2.3172074422700457,48.899236707773284],[2.317376401272798,48.899288048104864],[2.3175375063045656,48.89933700071156],[2.317828620534812,48.89942545706245],[2.3180476198792843,48.899492000257354],[2.3185163884329323,48.89963443357042],[2.318606750949779,48.89968871531395],[2.318750111105197,48.89977483398396],[2.318780667427128,48.899793190224656],[2.319112254479212,48.899992376511044],[2.3198184328847216,48.90041657512827],[2.319906999363285,48.90046977544751],[2.3202314094433554,48.90066464235006],[2.3203545824489593,48.90073862952296],[2.3203874245681826,48.90075835807137],[2.321060332563202,48.90078167355536],[2.3216611473122364,48.90080248604226],[2.3218928512459645,48.90081051244514],[2.323212970317498,48.900856231055805],[2.3232986350618052,48.900859197217635],[2.3234775727920045,48.90086539356563],[2.3237436642924227,48.90087460616579],[2.323874482157675,48.90087913446639],[2.3243470090879437,48.90089549229581],[2.3261846882833748,48.90095909195343],[2.3263911691339363,48.90096623569335],[2.326588497337619,48.900969974960255],[2.3274941094530055,48.90098712958296],[2.329629625186415,48.901027555061766],[2.330149980869913,48.901037398408725],[2.3300918056929296,48.90086497431874],[2.329970565864793,48.90050563668842],[2.3299365265228387,48.90040474697575],[2.3299032497608714,48.90030608822039],[2.329460411327856,48.89899354052009],[2.3290920292038724,48.89793618030298],[2.329055617346252,48.897831675017514],[2.32900976294846,48.89770004907792],[2.3289847424481476,48.897628228600595],[2.328976970330009,48.89760505274643],[2.3282909943785612,48.89555932175492],[2.3274434022357244,48.893055039018805],[2.327284587706272,48.89258048917903],[2.3268730620405482,48.89135077279654],[2.3266160891131613,48.89058285976096],[2.3262815201307037,48.88960575642486],[2.3259142140908415,48.88853299519871]]],"type":"Polygon"},"properties":{"id":"P68","nom":"Epinettes","commune":"75056","arr":17,"zone":"Z11","secteur":"11"}},{"type":"Feature","geometry":{"coordinates":[[[2.340216773881389,48.89310518571166],[2.3399163417826645,48.892124188014044],[2.339614942652227,48.89115967869407],[2.340655700220408,48.89126989644762],[2.3401667127176107,48.88962451441365],[2.339861515736218,48.8885948182541],[2.3397563181587335,48.888244980323044],[2.3397340035122847,48.88778451439154],[2.3396979508574622,48.88703325860837],[2.3394868026719964,48.88704631237281],[2.339320503528105,48.88690683636325],[2.3391361949771374,48.88675379056759],[2.33908744971193,48.88671331346231],[2.338994941537334,48.886598375007566],[2.3387578026120095,48.88630309593728],[2.3382668199425747,48.886337044531935],[2.338186533077264,48.88632618476117],[2.338049632648784,48.88627256096394],[2.338009201371674,48.886238878818375],[2.337957002040071,48.8860888709026],[2.33788919707622,48.88589401166195],[2.33788990180437,48.88588845860717],[2.337902551830051,48.88578879390503],[2.337956281433293,48.88564850163407],[2.337532295988389,48.88502545749799],[2.3377397744722757,48.88478748797569],[2.338040583507851,48.88453392350337],[2.338555227253427,48.8841734483955],[2.3386254627130407,48.8841372318643],[2.3391018927794645,48.883934524964516],[2.3378239523485767,48.88230779313137],[2.3373039092708328,48.88239538037586],[2.337303034793614,48.88239562644897],[2.3371990934248905,48.8824247928607],[2.3371494867912816,48.88243871147494],[2.3370497383413054,48.88246670036321],[2.3369538485832955,48.88249534906364],[2.3349742676938163,48.88308673907022],[2.334887760509779,48.883112581053055],[2.3328452928294756,48.88372270529644],[2.3326861956845684,48.883770229636994],[2.3326006088667954,48.883798134561424],[2.3325003367343027,48.88383083552288],[2.332472586015401,48.883839704690594],[2.332441837991906,48.88384953111528],[2.332122369294016,48.88392450822928],[2.330554907629764,48.884292370539164],[2.330471163550379,48.884312023890466],[2.329708011227593,48.88449111389433],[2.3294428390272395,48.88455334123225],[2.3292610679516432,48.88443538849391],[2.329203792867229,48.88439822113728],[2.329130458636692,48.884350633156444],[2.3285192839341833,48.883954026706775],[2.3283531459165934,48.88384621380236],[2.3281404819211087,48.88370820802972],[2.327836696355674,48.88360845690433],[2.327734810636101,48.88358679283678],[2.327558869931376,48.88354938187104],[2.327429281833641,48.88352182601088],[2.327389518613703,48.883607514878996],[2.3267836230192143,48.88491312994435],[2.3263574473009614,48.88583116138138],[2.3255901614290497,48.88749744584191],[2.3256165133688764,48.887581659897215],[2.325679225131273,48.88778206868795],[2.325754138708431,48.888021460943065],[2.3259142140908415,48.88853299519871],[2.3262815201307037,48.88960575642486],[2.3266160891131613,48.89058285976096],[2.3268730620405482,48.89135077279654],[2.327284587706272,48.89258048917903],[2.3274434022357244,48.893055039018805],[2.3282909943785612,48.89555932175492],[2.328976970330009,48.89760505274643],[2.3289847424481476,48.897628228600595],[2.32900976294846,48.89770004907792],[2.329055617346252,48.897831675017514],[2.3290920292038724,48.89793618030298],[2.329460411327856,48.89899354052009],[2.3299032497608714,48.90030608822039],[2.3299365265228387,48.90040474697575],[2.329970565864793,48.90050563668842],[2.3300918056929296,48.90086497431874],[2.330149980869913,48.901037398408725],[2.3303112939209503,48.901040449870244],[2.330554865284998,48.90104505629245],[2.331507255873632,48.90106306434091],[2.3352163446670726,48.9011496993407],[2.336467996461256,48.90117890812861],[2.3373219843943005,48.90119586875901],[2.337512738443099,48.901199656165105],[2.3377246430305725,48.9012038623934],[2.3379930344574906,48.901209189867515],[2.3384753352446315,48.90121877138646],[2.341506784745781,48.901278884892754],[2.3441167501866933,48.90133140360175],[2.344115413169935,48.90117031808582],[2.344111816532341,48.90073721401719],[2.344101070504536,48.89944278251223],[2.344108829392826,48.89930797961102],[2.3441619685008006,48.89794817320689],[2.3441578871583593,48.89794808160902],[2.3438562414206534,48.89794120880089],[2.342729811556885,48.89791553933375],[2.34269478304906,48.89786005969011],[2.3426827770563095,48.89784104245806],[2.342043515733345,48.89683251897189],[2.3413618694864677,48.89577699145603],[2.340746249882654,48.894838671184544],[2.340216773881389,48.89310518571166]]],"type":"Polygon"},"properties":{"id":"P69","nom":"Grandes-Carrières","commune":"75056","arr":18,"zone":"Z9","secteur":"7"}},{"type":"Feature","geometry":{"coordinates":[[[2.351678069925047,48.89138757000039],[2.351451265623875,48.89042754989515],[2.3516353350246715,48.88915670626102],[2.351632493111006,48.88903369472313],[2.351570934948423,48.88836915854937],[2.351429198832482,48.88809633146291],[2.3513705810420875,48.88795867432204],[2.351087839204678,48.88733813357068],[2.3509987042589024,48.88716523971938],[2.350741082910929,48.88670129600215],[2.3501059203735033,48.88598063314857],[2.349512037035004,48.885327266115596],[2.349492329744342,48.88447934149463],[2.3494749803717405,48.883801743118575],[2.349505641130355,48.88372538847323],[2.3493369032838123,48.88370526549934],[2.3488163378347418,48.88364318120608],[2.3472407443210255,48.88345525339856],[2.3471343231257804,48.8834425600602],[2.3470007966745974,48.88342663229517],[2.3469503876273143,48.883420618724976],[2.3467752425048705,48.88338648248881],[2.3466609032826873,48.883364197340924],[2.346656128621728,48.88336326566055],[2.346629952240909,48.88335816480778],[2.3445147533814152,48.88294587136561],[2.3444466956562953,48.882932605035],[2.3444366876582565,48.88293057710487],[2.3439039931717485,48.88282265597416],[2.341988741273266,48.88244829909136],[2.3418887942591398,48.88242876215583],[2.3415754300990566,48.88236750798414],[2.3398160433395843,48.8820235754977],[2.3397765417084346,48.882029348116795],[2.339678103876271,48.8820437314389],[2.3395977125443554,48.88205548025939],[2.3395864310275827,48.88205712945716],[2.339499348577562,48.882069514901524],[2.338049144434429,48.882275767656346],[2.3378881360666433,48.88229866555385],[2.3378239523485767,48.88230779313137],[2.3391018927794645,48.883934524964516],[2.3386254627130407,48.8841372318643],[2.338555227253427,48.8841734483955],[2.338040583507851,48.88453392350337],[2.3377397744722757,48.88478748797569],[2.337532295988389,48.88502545749799],[2.337956281433293,48.88564850163407],[2.337902551830051,48.88578879390503],[2.33788990180437,48.88588845860717],[2.33788919707622,48.88589401166195],[2.337957002040071,48.8860888709026],[2.338009201371674,48.886238878818375],[2.338049632648784,48.88627256096394],[2.338186533077264,48.88632618476117],[2.3382668199425747,48.886337044531935],[2.3387578026120095,48.88630309593728],[2.338994941537334,48.886598375007566],[2.33908744971193,48.88671331346231],[2.3391361949771374,48.88675379056759],[2.339320503528105,48.88690683636325],[2.3394868026719964,48.88704631237281],[2.3396979508574622,48.88703325860837],[2.3397340035122847,48.88778451439154],[2.3397563181587335,48.888244980323044],[2.339861515736218,48.8885948182541],[2.3401667127176107,48.88962451441365],[2.340655700220408,48.89126989644762],[2.339614942652227,48.89115967869407],[2.3399163417826645,48.892124188014044],[2.340216773881389,48.89310518571166],[2.340746249882654,48.894838671184544],[2.3413618694864677,48.89577699145603],[2.342043515733345,48.89683251897189],[2.3426827770563095,48.89784104245806],[2.34269478304906,48.89786005969011],[2.342729811556885,48.89791553933375],[2.3438562414206534,48.89794120880089],[2.3441578871583593,48.89794808160902],[2.3441619685008006,48.89794817320689],[2.344108829392826,48.89930797961102],[2.344101070504536,48.89944278251223],[2.344111816532341,48.90073721401719],[2.344115413169935,48.90117031808582],[2.3441167501866933,48.90133140360175],[2.346498394694606,48.901379274377774],[2.34715950321483,48.90139313286656],[2.3480061430334924,48.90141087653774],[2.3481257600360426,48.9014133820283],[2.3514958950420577,48.901483941019265],[2.3518375862656744,48.90149016131668],[2.3519568448927672,48.901492332789736],[2.3522453454390893,48.90001094528422],[2.352359830289412,48.8994176543557],[2.352500508412024,48.89822703083244],[2.3525409390423726,48.89793400183132],[2.3525771724597893,48.89769951990973],[2.3527241052525083,48.89712449801673],[2.352910178712915,48.89595498024827],[2.3529652931387677,48.8956016333762],[2.3529262151734303,48.895117073935225],[2.3528617816430546,48.894311953046675],[2.352663704912103,48.893403247513184],[2.3526180529587597,48.893179674083434],[2.352340507565566,48.892649511639206],[2.351678069925047,48.89138757000039]]],"type":"Polygon"},"properties":{"id":"P70","nom":"Clignancourt","commune":"75056","arr":18,"zone":"Z9","secteur":"7"}},{"type":"Feature","geometry":{"coordinates":[[[2.349667597643656,48.88373754588644],[2.349505641130355,48.88372538847323],[2.3494749803717405,48.883801743118575],[2.349492329744342,48.88447934149463],[2.349512037035004,48.885327266115596],[2.3501059203735033,48.88598063314857],[2.350741082910929,48.88670129600215],[2.3509987042589024,48.88716523971938],[2.351087839204678,48.88733813357068],[2.3513705810420875,48.88795867432204],[2.351429198832482,48.88809633146291],[2.351570934948423,48.88836915854937],[2.351632493111006,48.88903369472313],[2.3516353350246715,48.88915670626102],[2.351451265623875,48.89042754989515],[2.351678069925047,48.89138757000039],[2.352340507565566,48.892649511639206],[2.3526180529587597,48.893179674083434],[2.352663704912103,48.893403247513184],[2.3528617816430546,48.894311953046675],[2.3529262151734303,48.895117073935225],[2.3529652931387677,48.8956016333762],[2.352910178712915,48.89595498024827],[2.3527241052525083,48.89712449801673],[2.3525771724597893,48.89769951990973],[2.3525409390423726,48.89793400183132],[2.352500508412024,48.89822703083244],[2.352359830289412,48.8994176543557],[2.3522453454390893,48.90001094528422],[2.3519568448927672,48.901492332789736],[2.3520452599080284,48.901493940686386],[2.3520703906009475,48.90149439859536],[2.352132263363563,48.90149552559388],[2.352223385522754,48.90149718307592],[2.3543809698591502,48.901536428413564],[2.356581526767487,48.90157641430824],[2.3577648981747523,48.901601554130934],[2.3577704322852,48.90160167103941],[2.3583494784835928,48.901613968275896],[2.358395228266653,48.901614940010134],[2.358597190409871,48.90161922779741],[2.358849571868533,48.90162458644628],[2.358853332988444,48.90157461372522],[2.358857505338448,48.901519161885055],[2.358862437676101,48.901453615714175],[2.3588708064101405,48.901342418071245],[2.3588976695481545,48.90098543791589],[2.358918424280939,48.9007096231571],[2.3589266787250738,48.900599932974764],[2.3589446228573623,48.9003614723011],[2.358950083447059,48.90028890074005],[2.3589780401418365,48.899917354477964],[2.3589907288968273,48.899748729734995],[2.3590181034342996,48.899357171293744],[2.359026375202919,48.89923784129851],[2.3590689709563377,48.89862864688372],[2.359081379706756,48.89845113968805],[2.359307370841263,48.89562835337598],[2.3593813266244195,48.89478572556939],[2.3597180651994742,48.89270374673548],[2.3598287680169827,48.89200471337798],[2.3599012040147986,48.89034273844134],[2.3599230356931273,48.890069952859164],[2.3599240085341604,48.8900432904288],[2.3598987341832083,48.88906406980607],[2.3598735788949434,48.888231323757175],[2.3598396992378206,48.887796694970916],[2.359798204326994,48.887554682353304],[2.359637257921167,48.88685887237797],[2.3596265240475875,48.886810636285894],[2.3596107159204323,48.88673599851991],[2.359494035002173,48.88624649801042],[2.3593533093566186,48.88536812185032],[2.3593066695405747,48.884425949064145],[2.359299085562219,48.884426003809246],[2.3591115896641806,48.88442154510418],[2.3591068008621456,48.88442129373911],[2.3589411376370486,48.88441258719416],[2.3572926426193557,48.884292033040296],[2.3565111454067744,48.884234868544326],[2.3559327117644155,48.884192553891985],[2.355697966863382,48.8841753799549],[2.3556591651522663,48.88417254240523],[2.355475666841216,48.8841605163752],[2.3553425078889743,48.884151789157315],[2.3541207498626653,48.88407170962558],[2.351328317756173,48.88386271149803],[2.351195407257237,48.883852761513495],[2.3509702804725006,48.88383590919766],[2.3507665087065135,48.883820023923796],[2.350665095427167,48.883812842303776],[2.35039313939722,48.88379200179937],[2.350297072952964,48.88378482909196],[2.3501480222845847,48.88377360593913],[2.3498211742467463,48.88374908020373],[2.349667597643656,48.88373754588644]]],"type":"Polygon"},"properties":{"id":"P71","nom":"Goutte-d'Or","commune":"75056","arr":18,"zone":"Z11","secteur":"7"}},{"type":"Feature","geometry":{"coordinates":[[[2.365803615285393,48.885544295479654],[2.3646858877450176,48.88436904429999],[2.3645445303191037,48.88437615155824],[2.3643443249574094,48.88438621708676],[2.3639772394782814,48.88439269161966],[2.363326542376853,48.88439733706126],[2.3625967624825663,48.884402543641194],[2.3615366579057593,48.88441010456702],[2.36141356067521,48.88441098143173],[2.359759144854321,48.88442274869758],[2.3595625195769387,48.88442413967174],[2.359520856248891,48.88442442942145],[2.3593568715355606,48.8844255944605],[2.35933957202232,48.88442571683267],[2.3593066695405747,48.884425949064145],[2.3593533093566186,48.88536812185032],[2.359494035002173,48.88624649801042],[2.3596107159204323,48.88673599851991],[2.3596265240475875,48.886810636285894],[2.359637257921167,48.88685887237797],[2.359798204326994,48.887554682353304],[2.3598396992378206,48.887796694970916],[2.3598735788949434,48.888231323757175],[2.3598987341832083,48.88906406980607],[2.3599240085341604,48.8900432904288],[2.3599230356931273,48.890069952859164],[2.3599012040147986,48.89034273844134],[2.3598287680169827,48.89200471337798],[2.3597180651994742,48.89270374673548],[2.3593813266244195,48.89478572556939],[2.359307370841263,48.89562835337598],[2.359081379706756,48.89845113968805],[2.3590689709563377,48.89862864688372],[2.359026375202919,48.89923784129851],[2.3590181034342996,48.899357171293744],[2.3589907288968273,48.899748729734995],[2.3589780401418365,48.899917354477964],[2.358950083447059,48.90028890074005],[2.3589446228573623,48.9003614723011],[2.3589266787250738,48.900599932974764],[2.358918424280939,48.9007096231571],[2.3588976695481545,48.90098543791589],[2.3588708064101405,48.901342418071245],[2.358862437676101,48.901453615714175],[2.358857505338448,48.901519161885055],[2.358853332988444,48.90157461372522],[2.358849571868533,48.90162458644628],[2.359111501029459,48.901630145838354],[2.3592292242579593,48.90163264538854],[2.359389508871285,48.901636047861466],[2.360503323356261,48.9016596824003],[2.3620882742168905,48.90169329642092],[2.362295605981063,48.90169736555146],[2.363545431413064,48.90172189553012],[2.3636089373745155,48.90172314128714],[2.3643554074177606,48.90173778461301],[2.3656360427484846,48.901762894240235],[2.3657390808638388,48.90176491480957],[2.367361954576385,48.90179671281252],[2.3673958897052323,48.90179737768456],[2.3688942732753024,48.901829530628824],[2.369286803902193,48.90183795108276],[2.370015543643335,48.90185357909389],[2.37029345197318,48.901859538006924],[2.3702614129819186,48.90180812312691],[2.3702332732789664,48.901760379947824],[2.3702127027265885,48.90171548421494],[2.3701921326866264,48.90167201478913],[2.3701737195975947,48.90161927849078],[2.3701661204940025,48.90157437811043],[2.3701650034365582,48.90152092517596],[2.370167109508606,48.90143468405243],[2.3702093245676306,48.900869553734196],[2.3702227779062772,48.900389384735064],[2.3702484689164276,48.899845317950465],[2.3702954645089545,48.89832534887033],[2.3703347307596005,48.89770326572487],[2.370334739243299,48.89770312817414],[2.37038844010153,48.89663234805413],[2.3704003236416415,48.89662260078138],[2.3704480658248834,48.89658343740463],[2.370711238222671,48.89636755459619],[2.3712078697166836,48.89596015912335],[2.371251753378081,48.895924160531386],[2.3712590836268457,48.895918146610825],[2.3712813784490443,48.89585775668805],[2.3713012506469857,48.89580393344617],[2.371403789485655,48.89571981895958],[2.371731491488459,48.89545668418705],[2.3717885960316365,48.89541077231884],[2.371789014724431,48.89541043637175],[2.370519119001935,48.8946393269263],[2.370424258849657,48.89452308596551],[2.3700236367144267,48.89402905262566],[2.3695213739220953,48.89291790360386],[2.3683104742321786,48.890076149283864],[2.3681254570895045,48.88970309097566],[2.367579858007283,48.88864506436505],[2.367089533457171,48.88739637451677],[2.3667930299960305,48.88664142248757],[2.3665680115606564,48.88638491827161],[2.3661945314445303,48.88595534300976],[2.365803615285393,48.885544295479654]]],"type":"Polygon"},"properties":{"id":"P72","nom":"La Chapelle","commune":"75056","arr":18,"zone":"Z13","secteur":"7"}},{"type":"Feature","geometry":{"coordinates":[[[2.370498649617153,48.87819784234085],[2.370276538336682,48.87799256449043],[2.3702732116337195,48.87836095473123],[2.3702724804079445,48.878441840382145],[2.3702717013035097,48.878515070663994],[2.370271192957651,48.87856297628709],[2.370256455675845,48.8799611715266],[2.370255808688261,48.880023133792015],[2.370254784673384,48.88012394334484],[2.370254728615411,48.880128240949816],[2.370247009174819,48.88072906798082],[2.3702393604455296,48.881447279119264],[2.3702389270285673,48.88148796879117],[2.370238427692789,48.88152272074321],[2.3702374385931866,48.88159154570093],[2.370226824145522,48.88233081104636],[2.3702256288585017,48.882414089776155],[2.370225181621678,48.88244520868604],[2.37022473434082,48.882476331192095],[2.3702246909391946,48.88247935630473],[2.370222247704526,48.88264947749663],[2.370222149798935,48.88265024410866],[2.370221518044698,48.882655125936864],[2.370221062189764,48.882658655201205],[2.3702203627908136,48.88266405648531],[2.3702202124202087,48.88266521492852],[2.370217977800722,48.88267296707506],[2.370215840130896,48.882680369892796],[2.370215723438789,48.88268077307735],[2.3702129438959334,48.88268724171378],[2.3702096073833103,48.88269500155365],[2.37020918791124,48.88269597331961],[2.370204761598176,48.88270330474232],[2.3702006261227644,48.88271015295679],[2.3702003366692663,48.88271063437344],[2.370190525413689,48.882723493518476],[2.370176628458904,48.88273806957092],[2.370161774475179,48.88275048399786],[2.3701452841228017,48.8827619985799],[2.370127155188856,48.882772345304964],[2.3701117511810312,48.882779725090394],[2.370041953402103,48.88281668537159],[2.37002541317027,48.88282544323336],[2.370011159344807,48.8828329918361],[2.369971085350149,48.88285260934919],[2.3698253628863575,48.882917037422004],[2.369825324511685,48.882917053407915],[2.3696337444909745,48.88299455261934],[2.3696331538910944,48.88299479052969],[2.369553680413041,48.88302466953094],[2.369553604961403,48.88302470690542],[2.369449946760859,48.88307514932437],[2.36935057822664,48.883129314982725],[2.369280246938551,48.88317151058869],[2.369279882322783,48.88317177936559],[2.369233102329642,48.883206300037465],[2.3692224595614437,48.88321415355569],[2.3691836721115425,48.883246727002465],[2.3691792705379258,48.883250424330825],[2.3691689010308576,48.883259132746026],[2.369135080484852,48.88329154078952],[2.3691270109888607,48.883299270260764],[2.369119708519911,48.8833062690223],[2.3690818266291043,48.883347376431104],[2.369039726570391,48.88339909614831],[2.3690026740727137,48.88345243426122],[2.36897052789245,48.88350711933218],[2.368948599414473,48.883552009710144],[2.368915690430931,48.8836205691657],[2.3689145237083227,48.88362299929445],[2.36890979518612,48.88363285438347],[2.3688779384732417,48.88371505767327],[2.3688597050371767,48.88377279551288],[2.368822525670824,48.883836113621825],[2.368816663715415,48.8838460985287],[2.3688040397034285,48.88386540079175],[2.3688011330923664,48.883869845233065],[2.3688010667479107,48.883869918628164],[2.3687872167545936,48.88388540037811],[2.368785266245954,48.88388757905781],[2.3687835811260727,48.883889463257965],[2.3687753809019463,48.883898628238754],[2.3687698989498203,48.88390381183856],[2.3687548767813853,48.88391800856087],[2.368746354542722,48.88392606387038],[2.368740902216925,48.88393049039129],[2.3687238704407716,48.88394431498426],[2.3687143264607116,48.88395206273012],[2.368701652229524,48.883961329121874],[2.368679043654944,48.88397364760729],[2.3686517705818066,48.88398850817192],[2.3686438555228673,48.883992820077786],[2.368624233828178,48.88400217123438],[2.3685916000313068,48.88401772297747],[2.3685830578880065,48.884021793250426],[2.3685600890698155,48.88403131560311],[2.368530314171226,48.88404365831849],[2.3685248923386184,48.88404590502069],[2.3685196692251056,48.88404807003256],[2.368473443073777,48.88406481360724],[2.3683853858680055,48.88409199262454],[2.3683732493475738,48.88409503217732],[2.3683689161253705,48.88409611908717],[2.3683584510672024,48.88409873937657],[2.368315307755799,48.88410954740578],[2.3682437298458248,48.88412404551266],[2.3682020091081926,48.88413089227608],[2.3681164602554654,48.884143728370375],[2.368114338649073,48.88414404632706],[2.3680699571410533,48.88414877907261],[2.3680262610393106,48.88415344077544],[2.3680255756140522,48.884153512700976],[2.3679790389291284,48.884156608952544],[2.3679382833231437,48.884159321115426],[2.3679359932670696,48.8841594736028],[2.367848997252736,48.88416165563004],[2.36757726035379,48.88417947248285],[2.367480351695148,48.88418582602234],[2.366889788229583,48.884224544050014],[2.366781221784765,48.884231661860476],[2.366756816118182,48.884233263087296],[2.366471566293451,48.88425195295459],[2.364854974517756,48.88435795786456],[2.3646858877450176,48.88436904429999],[2.365803615285393,48.885544295479654],[2.3661945314445303,48.88595534300976],[2.3665680115606564,48.88638491827161],[2.3667930299960305,48.88664142248757],[2.367089533457171,48.88739637451677],[2.367579858007283,48.88864506436505],[2.3681254570895045,48.88970309097566],[2.3683104742321786,48.890076149283864],[2.3695213739220953,48.89291790360386],[2.3700236367144267,48.89402905262566],[2.370424258849657,48.89452308596551],[2.3733345798613636,48.893745208591525],[2.373404769336308,48.8937403004713],[2.373429445328225,48.893738575189445],[2.376181888522015,48.89354519432855],[2.3767784124469937,48.893503726474925],[2.3784857655106824,48.892639312572534],[2.3791268442349547,48.89231305825357],[2.3821291831975993,48.89072775451591],[2.382693604435063,48.89023287081969],[2.38269888401274,48.89022824584972],[2.3827217760829633,48.89020818129941],[2.3827421047464514,48.89019036981938],[2.3829864529782436,48.8899762606381],[2.383036273007859,48.889932605287825],[2.3830366823151,48.8899322458696],[2.3836848765206233,48.889362649623045],[2.383778500271552,48.889281296803276],[2.384316554298808,48.888287003338675],[2.384539941203042,48.88787582944859],[2.3848318506129877,48.88661796852956],[2.382944386570407,48.88612565287591],[2.3822686071006336,48.88586810281286],[2.379640452876114,48.88486337726561],[2.378755059772767,48.884526930744656],[2.377848954897076,48.88402861434056],[2.3756390107664704,48.88280194204142],[2.374168799160577,48.88201515815797],[2.3738816435529992,48.88178848826244],[2.3733738806396865,48.88132780709513],[2.373147111589293,48.88120123998636],[2.372848066535982,48.88081592547279],[2.3727452698649754,48.88053067263807],[2.3722184034177047,48.87997718466794],[2.3712688239834634,48.87897958037968],[2.3707945541269537,48.87847927809749],[2.370708276527342,48.878391204511985],[2.370498649617153,48.87819784234085]]],"type":"Polygon"},"properties":{"id":"P73","nom":"Villette","commune":"75056","arr":19,"zone":"Z13","secteur":"7"}},{"type":"Feature","geometry":{"coordinates":[[[2.3848786359681178,48.88663051164196],[2.3848318506129877,48.88661796852956],[2.384539941203042,48.88787582944859],[2.384316554298808,48.888287003338675],[2.383778500271552,48.889281296803276],[2.3836848765206233,48.889362649623045],[2.3830366823151,48.8899322458696],[2.383036273007859,48.889932605287825],[2.3829864529782436,48.8899762606381],[2.3827421047464514,48.89019036981938],[2.3827217760829633,48.89020818129941],[2.38269888401274,48.89022824584972],[2.382693604435063,48.89023287081969],[2.3821291831975993,48.89072775451591],[2.3791268442349547,48.89231305825357],[2.3784857655106824,48.892639312572534],[2.3767784124469937,48.893503726474925],[2.376181888522015,48.89354519432855],[2.373429445328225,48.893738575189445],[2.373404769336308,48.8937403004713],[2.3733345798613636,48.893745208591525],[2.370424258849657,48.89452308596551],[2.370519119001935,48.8946393269263],[2.371789014724431,48.89541043637175],[2.3717885960316365,48.89541077231884],[2.371731491488459,48.89545668418705],[2.371403789485655,48.89571981895958],[2.3713012506469857,48.89580393344617],[2.3712813784490443,48.89585775668805],[2.3712590836268457,48.895918146610825],[2.371251753378081,48.895924160531386],[2.3712078697166836,48.89596015912335],[2.370711238222671,48.89636755459619],[2.3704480658248834,48.89658343740463],[2.3704003236416415,48.89662260078138],[2.37038844010153,48.89663234805413],[2.370334739243299,48.89770312817414],[2.3703347307596005,48.89770326572487],[2.3702954645089545,48.89832534887033],[2.3702484689164276,48.899845317950465],[2.3702227779062772,48.900389384735064],[2.3702093245676306,48.900869553734196],[2.370167109508606,48.90143468405243],[2.3701650034365582,48.90152092517596],[2.3701661204940025,48.90157437811043],[2.3701737195975947,48.90161927849078],[2.3701921326866264,48.90167201478913],[2.3702127027265885,48.90171548421494],[2.3702332732789664,48.901760379947824],[2.3702614129819186,48.90180812312691],[2.37029345197318,48.901859538006924],[2.370537157265864,48.90186476254716],[2.3707703193674323,48.90186976123189],[2.3719967361495025,48.901896044091124],[2.3721586501556846,48.901899512652854],[2.372610801452212,48.90190919878727],[2.372806041817732,48.90191337972814],[2.3729108729057224,48.901915624744305],[2.3752630590814894,48.90196599932523],[2.376478019178794,48.901992001147185],[2.3783945084911724,48.902032989191234],[2.3793193583957764,48.90205274827462],[2.3796545186035596,48.90205990572556],[2.379715380953864,48.90206120568723],[2.379766175962033,48.902062289810196],[2.379813232852828,48.9020632961001],[2.3798425348313947,48.902063921761794],[2.3802765904015866,48.90207319026892],[2.380347427410724,48.902074702496606],[2.3805323057238437,48.902078649054936],[2.3810308038506625,48.90208929131316],[2.381350658896866,48.90209611850713],[2.38188330761178,48.902107484884375],[2.3835191598966325,48.90214237913905],[2.3835309756371306,48.902142631508916],[2.384435134167061,48.902161907325564],[2.384760788003354,48.90210036440549],[2.3883002471889387,48.90143141807839],[2.3883994821247794,48.90141266071127],[2.388563691394836,48.901381623037665],[2.3888024036955313,48.90133650173475],[2.3888576863883078,48.90132605145388],[2.3889168516974033,48.90131486823366],[2.389014431952648,48.90129642386832],[2.389049943129488,48.901289711796075],[2.3891022289759003,48.90127982796979],[2.3891382158937957,48.901273025668885],[2.389420896688451,48.90121959201458],[2.3894309300232397,48.90121769525516],[2.3907099422043117,48.90097591958608],[2.3910051264053602,48.90080955180579],[2.3913148762232788,48.90063497374861],[2.3914386456832624,48.90056521447793],[2.392767358927778,48.8998163089881],[2.3934345002322592,48.89944027066783],[2.3934662331011745,48.89942238577423],[2.393686650504871,48.89929814487258],[2.3955192954516487,48.89826511048797],[2.3955198680033565,48.898264786927115],[2.395520441898031,48.89826446517166],[2.3959277132352983,48.89760257943558],[2.3965635597379302,48.89656918511159],[2.396732468760581,48.896294663240916],[2.3967632465313353,48.89624464100802],[2.3967671806336006,48.89623824691134],[2.3967909312164237,48.89619964294606],[2.3969665924546257,48.89591414256207],[2.396994507534595,48.895868770586986],[2.3974190493618637,48.89517874585638],[2.397771692020233,48.89460556735874],[2.398004966007137,48.89371107864566],[2.39807685371806,48.893435421665686],[2.398200074781445,48.892962916491015],[2.3986217063451334,48.89134604370245],[2.3986611830044917,48.89112978312248],[2.3987213553048288,48.89080015033061],[2.398791161907107,48.89041774336152],[2.3988174307086303,48.89027383484617],[2.397455327431513,48.889917241257024],[2.3972013453867067,48.88985074695967],[2.3971632976237256,48.8898407861025],[2.397121914593788,48.88982995228805],[2.3966894007662303,48.88971671504374],[2.3958345380775365,48.88949289782076],[2.395094366197492,48.889299089526034],[2.393516227901784,48.8888908540148],[2.391943332758089,48.888478220075335],[2.389296559720598,48.88778421136621],[2.38715748033222,48.887226190817415],[2.384996077337537,48.88666112715685],[2.3848786359681178,48.88663051164196]]],"type":"Polygon"},"properties":{"id":"P74","nom":"Pont-de-Flandre","commune":"75056","arr":19,"zone":"Z13","secteur":"7"}},{"type":"Feature","geometry":{"coordinates":[[[2.4094021722353656,48.880192041781555],[2.4099507301979863,48.879516761956786],[2.4106833272074017,48.878614897667696],[2.4108387683708346,48.87842353928471],[2.410838937078179,48.878423330571486],[2.410824518860004,48.8784191676699],[2.4098177191504613,48.878130598071316],[2.4096902491050542,48.87809406209393],[2.409436713474307,48.87802139145943],[2.4093810936830224,48.87800544896327],[2.4093435576423388,48.87799469036277],[2.4089112453917854,48.87787077488933],[2.4084775503260802,48.87774646068916],[2.4084556396829626,48.87774018032848],[2.4083981980057954,48.877723714849246],[2.4083710034006813,48.877715919071434],[2.4080791042012173,48.877632247780454],[2.4072005176997764,48.87731713175207],[2.406964906326654,48.87723262573934],[2.4069375008430054,48.87722279520145],[2.406678528515341,48.87717673073553],[2.4064630610245317,48.877138644425735],[2.4059717902444144,48.87700935631533],[2.4025674709029214,48.87600687749812],[2.4025322884413765,48.87600204427283],[2.3993267824531004,48.87556831990478],[2.3989642980594,48.875486778324984],[2.398932388131729,48.87548032098539],[2.3979394355050765,48.87545406192645],[2.397300688616711,48.87543488904756],[2.3953300428153574,48.87525363912073],[2.393531636879969,48.875349248869256],[2.3930517744563526,48.87537322568921],[2.3919684163098833,48.87545001497465],[2.3919645191409966,48.87545029285866],[2.3917693715259416,48.875464193520635],[2.391768839361778,48.875464230387344],[2.3903973004065495,48.875445732424176],[2.3897767269819563,48.875335142620514],[2.389508703416363,48.87521269708713],[2.388976473323318,48.87496654209419],[2.388548067861398,48.87478733168134],[2.388210846222737,48.87471482667854],[2.387440933639891,48.87467092567803],[2.3874008903876764,48.875609659385475],[2.3874027528502513,48.87567271752036],[2.38741311775309,48.87587000404664],[2.387609313628483,48.87632077196308],[2.3878373417948477,48.876852240874186],[2.387869955348528,48.87710574569213],[2.3878847235642486,48.877216605322005],[2.387927735066554,48.87754787259111],[2.3882158323394953,48.87861268206893],[2.3883131186313533,48.87919484859101],[2.3883747477319117,48.87956607657145],[2.389504205470863,48.87955370836822],[2.3883433135263963,48.88056667377271],[2.385938923362633,48.882665063379974],[2.3855432891573907,48.88301091562617],[2.383274282887329,48.884990722988974],[2.3822686071006336,48.88586810281286],[2.382944386570407,48.88612565287591],[2.3848318506129877,48.88661796852956],[2.3848786359681178,48.88663051164196],[2.384996077337537,48.88666112715685],[2.38715748033222,48.887226190817415],[2.389296559720598,48.88778421136621],[2.391943332758089,48.888478220075335],[2.393516227901784,48.8888908540148],[2.395094366197492,48.889299089526034],[2.3958345380775365,48.88949289782076],[2.3966894007662303,48.88971671504374],[2.397121914593788,48.88982995228805],[2.3971632976237256,48.8898407861025],[2.3972013453867067,48.88985074695967],[2.397455327431513,48.889917241257024],[2.3988174307086303,48.89027383484617],[2.398844123005668,48.89012760728904],[2.3988947962315468,48.88985001054256],[2.3989407419279285,48.88959829579117],[2.398949861352592,48.88954834026899],[2.398956226525899,48.88951345431653],[2.399144576435588,48.888481584800275],[2.399159467705702,48.88840000297581],[2.399190593840471,48.88822947341056],[2.3991952607503837,48.887670404898365],[2.3991960141640383,48.88758005023333],[2.3992016728976826,48.88690215082977],[2.399204805058281,48.88652678757146],[2.399206302833056,48.886347447669095],[2.399206786317337,48.88628946806018],[2.3992071938566726,48.886240671052256],[2.3992081698957426,48.88612357062483],[2.3992093731017246,48.88597968858641],[2.399210449698657,48.88585056198776],[2.399214074917856,48.88541625828635],[2.399215843407541,48.88541308445442],[2.3992504483551644,48.88535100691602],[2.3994694431523476,48.88495814419403],[2.39955162123501,48.88481071919048],[2.3997740940222387,48.88441160579261],[2.399830554810505,48.88431031464695],[2.3999314590400442,48.88412929178219],[2.3999318740044187,48.884128545624],[2.3999319394392344,48.884128429039755],[2.4001080683437395,48.88381244632731],[2.4001084030241215,48.88381215842169],[2.400108734977338,48.883811870502356],[2.4007125411371346,48.88329002225372],[2.4010049506866724,48.883037300280755],[2.4010407910002702,48.88300632336166],[2.4012604734207756,48.88281645493768],[2.4014351127968796,48.88266551483791],[2.401490949415098,48.88261725558163],[2.4014913989774653,48.88261705548073],[2.401491849903278,48.88261685538665],[2.401622292790315,48.882559026959214],[2.40242468287233,48.88220330789979],[2.4025004038889377,48.88216973896857],[2.4026781056030098,48.88209095710389],[2.4033954130316246,48.8817729446562],[2.4034480912513105,48.88174958904954],[2.403491085163115,48.88173052801441],[2.4037245756994743,48.881627009571986],[2.4046275055834867,48.88122668586148],[2.4059425969019643,48.880957932042044],[2.4066968069958263,48.88080379260084],[2.406948147407026,48.88075242460971],[2.407167457918284,48.880707601069886],[2.407425625588928,48.8806548368535],[2.407635581374936,48.88061192488662],[2.4082160464434432,48.88049328484526],[2.408498834828404,48.88043548507364],[2.4093448919459965,48.88026255240356],[2.4094021722353656,48.880192041781555]]],"type":"Polygon"},"properties":{"id":"P75","nom":"Amérique","commune":"75056","arr":19,"zone":"Z13","secteur":"12"}},{"type":"Feature","geometry":{"coordinates":[[[2.3883433135263963,48.88056667377271],[2.389504205470863,48.87955370836822],[2.3883747477319117,48.87956607657145],[2.3883131186313533,48.87919484859101],[2.3882158323394953,48.87861268206893],[2.387927735066554,48.87754787259111],[2.3878847235642486,48.877216605322005],[2.387869955348528,48.87710574569213],[2.3878373417948477,48.876852240874186],[2.387609313628483,48.87632077196308],[2.38741311775309,48.87587000404664],[2.3874027528502513,48.87567271752036],[2.3874008903876764,48.875609659385475],[2.387440933639891,48.87467092567803],[2.3870000084430343,48.874643514203925],[2.386928980527023,48.87463682184712],[2.386843324242336,48.87461940011695],[2.386768197573496,48.87459676397184],[2.386300260478524,48.87441162671428],[2.3856941052415013,48.874104519362575],[2.385213440752332,48.873859224306],[2.3850673745850672,48.87380038334211],[2.3849607294997672,48.87376427756801],[2.3849224089425993,48.87375251433201],[2.3844462508158006,48.87365496570946],[2.383100535895399,48.873483581208795],[2.382568774996596,48.87339611771874],[2.3822347198987313,48.87334004737761],[2.3818964227680706,48.87327489699144],[2.380589626252265,48.87300894639828],[2.380204427873054,48.872924478077294],[2.37985276876553,48.87284061844646],[2.379546787769302,48.87276654548864],[2.379263847386871,48.87269300042159],[2.3789734072720465,48.87261460162307],[2.376988736543216,48.87206217934375],[2.376916676643023,48.87212756463513],[2.3751940231282185,48.873690573773565],[2.375119252976397,48.873758411539015],[2.375017613130042,48.873844317805755],[2.374780558263393,48.874044673921965],[2.374713936616006,48.87410314963284],[2.3743969966093497,48.87438162744187],[2.3742499140444018,48.87451085838823],[2.374216880603839,48.874539883500134],[2.3737226589933482,48.8749741181627],[2.37359249046116,48.87508848440864],[2.3724339136735346,48.87610639317681],[2.3723901957645075,48.876144800244596],[2.372114233179368,48.876387249618325],[2.370463764212839,48.877829019079684],[2.370276538336682,48.87799256449043],[2.370498649617153,48.87819784234085],[2.370708276527342,48.878391204511985],[2.3707945541269537,48.87847927809749],[2.3712688239834634,48.87897958037968],[2.3722184034177047,48.87997718466794],[2.3727452698649754,48.88053067263807],[2.372848066535982,48.88081592547279],[2.373147111589293,48.88120123998636],[2.3733738806396865,48.88132780709513],[2.3738816435529992,48.88178848826244],[2.374168799160577,48.88201515815797],[2.3756390107664704,48.88280194204142],[2.377848954897076,48.88402861434056],[2.378755059772767,48.884526930744656],[2.379640452876114,48.88486337726561],[2.3822686071006336,48.88586810281286],[2.383274282887329,48.884990722988974],[2.3855432891573907,48.88301091562617],[2.385938923362633,48.882665063379974],[2.3883433135263963,48.88056667377271]]],"type":"Polygon"},"properties":{"id":"P76","nom":"Combat","commune":"75056","arr":19,"zone":"Z14","secteur":"12"}},{"type":"Feature","geometry":{"coordinates":[[[2.3832266916750324,48.86709755024514],[2.383136036636736,48.86707551238079],[2.3830959286507882,48.867152281952634],[2.3830811979377127,48.867180478569885],[2.382981583840799,48.86725488637239],[2.382804178012913,48.867387397706175],[2.3806320617347,48.86900976456085],[2.3805590058195625,48.869067020603616],[2.3793229358803787,48.870035720119766],[2.3791905740224273,48.87013944679455],[2.378400410099215,48.87075866416155],[2.3783592447816515,48.87079092274744],[2.3782789048793314,48.87085494388802],[2.3779781962954387,48.871094566715904],[2.377156854453655,48.87189777690322],[2.3770591968696513,48.87199327737028],[2.377016728664941,48.87203480714051],[2.376988736543216,48.87206217934375],[2.3789734072720465,48.87261460162307],[2.379263847386871,48.87269300042159],[2.379546787769302,48.87276654548864],[2.37985276876553,48.87284061844646],[2.380204427873054,48.872924478077294],[2.380589626252265,48.87300894639828],[2.3818964227680706,48.87327489699144],[2.3822347198987313,48.87334004737761],[2.382568774996596,48.87339611771874],[2.383100535895399,48.873483581208795],[2.3844462508158006,48.87365496570946],[2.3849224089425993,48.87375251433201],[2.3849607294997672,48.87376427756801],[2.3850673745850672,48.87380038334211],[2.385213440752332,48.873859224306],[2.3856941052415013,48.874104519362575],[2.386300260478524,48.87441162671428],[2.386768197573496,48.87459676397184],[2.386843324242336,48.87461940011695],[2.386928980527023,48.87463682184712],[2.3870000084430343,48.874643514203925],[2.387440933639891,48.87467092567803],[2.388210846222737,48.87471482667854],[2.388548067861398,48.87478733168134],[2.388976473323318,48.87496654209419],[2.389508703416363,48.87521269708713],[2.3897767269819563,48.875335142620514],[2.3903973004065495,48.875445732424176],[2.391768839361778,48.875464230387344],[2.3917693715259416,48.875464193520635],[2.3919645191409966,48.87545029285866],[2.3919684163098833,48.87545001497465],[2.3930517744563526,48.87537322568921],[2.393531636879969,48.875349248869256],[2.3953300428153574,48.87525363912073],[2.395809953714842,48.87438998360039],[2.39589701792956,48.873591163206534],[2.3961546465776853,48.87273425768415],[2.3956596232333185,48.87147015841661],[2.395369646927233,48.87070833641931],[2.395517080272035,48.87041336503038],[2.395800694408768,48.87006499660045],[2.395299001983495,48.86999073111591],[2.3942690292368694,48.86994408808728],[2.3931110482148936,48.869501831747684],[2.3925227929490096,48.869299280223714],[2.3918047360231123,48.86919095354424],[2.391270727608748,48.86906947238172],[2.3896495656725607,48.86866959716015],[2.38704803352448,48.86803241270788],[2.386626561445066,48.86792713534436],[2.3832266916750324,48.86709755024514]]],"type":"Polygon"},"properties":{"id":"P77","nom":"Belleville","commune":"75056","arr":20,"zone":"Z11","secteur":"13"}},{"type":"Feature","geometry":{"coordinates":[[[2.4138132969473216,48.87081017440517],[2.4138289153562735,48.87065954496225],[2.4138445858428375,48.870508398634946],[2.41395117998771,48.869480248850834],[2.4139948110658334,48.86905939364491],[2.4140112221424377,48.86890110188823],[2.4139725364444713,48.86765512860715],[2.4139646048465644,48.867399609769855],[2.413960469446888,48.86726638962329],[2.4139534691432694,48.8670409113191],[2.4139518479406683,48.86698871843931],[2.413946240605092,48.86680809865363],[2.413942139018967,48.866676000973534],[2.413927461529244,48.866203212930095],[2.413919087569982,48.865933497332946],[2.4138953922733615,48.86517025128275],[2.41357655309155,48.865167504127804],[2.413521784434484,48.865167031609396],[2.4130984238737203,48.86516338243782],[2.4129089362261618,48.86516174799571],[2.412805238082852,48.86516085345476],[2.4124947447480833,48.86515817584074],[2.412349514202358,48.8651569232344],[2.4118718527020975,48.86515279983926],[2.411719437742463,48.86515148418321],[2.4115539241689348,48.865113977485834],[2.411284357223343,48.865052887123205],[2.4101069553065995,48.86478607718884],[2.4093743125422162,48.86462026889086],[2.409286301428254,48.86460034943455],[2.4090124654506724,48.86453837485954],[2.4088369917560355,48.86449866126272],[2.4087033917797194,48.864468720571196],[2.40832282462181,48.86438343046679],[2.4082879169548628,48.86436897097285],[2.4082624002293316,48.86435100101123],[2.406776025952933,48.86280193814396],[2.4063315926070574,48.862345282682604],[2.405935895466842,48.86250158706164],[2.4057673078101045,48.86255220411638],[2.40543727487373,48.862648947508994],[2.404973966489125,48.86280428503374],[2.4046441966408936,48.86296480882784],[2.4044883188097383,48.8630577230634],[2.4043098523969393,48.863186057629285],[2.4042691336402195,48.863219702550545],[2.4041071184436063,48.863354976165354],[2.4039616749459283,48.86347691301569],[2.404331407418574,48.8644482761866],[2.4041588939954526,48.86468245276687],[2.4022588559550715,48.86723858489965],[2.4021129021377523,48.86743454110693],[2.401527516728659,48.868222958821256],[2.401326536753959,48.86841077586564],[2.400702894099199,48.8691300364746],[2.4005211037686345,48.86933762650685],[2.3992552774436207,48.870784516999905],[2.398671003724543,48.8706230105186],[2.3982247122547546,48.87048130132391],[2.397806401972644,48.8703168251274],[2.397629403366843,48.87026265964252],[2.3968474779109283,48.87018163632105],[2.3960850734708528,48.87010714741373],[2.395800694408768,48.87006499660045],[2.395517080272035,48.87041336503038],[2.395369646927233,48.87070833641931],[2.3956596232333185,48.87147015841661],[2.3961546465776853,48.87273425768415],[2.39589701792956,48.873591163206534],[2.395809953714842,48.87438998360039],[2.3953300428153574,48.87525363912073],[2.397300688616711,48.87543488904756],[2.3979394355050765,48.87545406192645],[2.398932388131729,48.87548032098539],[2.3989642980594,48.875486778324984],[2.3993267824531004,48.87556831990478],[2.4025322884413765,48.87600204427283],[2.4025674709029214,48.87600687749812],[2.4059717902444144,48.87700935631533],[2.4064630610245317,48.877138644425735],[2.406678528515341,48.87717673073553],[2.4069375008430054,48.87722279520145],[2.406964906326654,48.87723262573934],[2.4072005176997764,48.87731713175207],[2.4080791042012173,48.877632247780454],[2.4083710034006813,48.877715919071434],[2.4083981980057954,48.877723714849246],[2.4084556396829626,48.87774018032848],[2.4084775503260802,48.87774646068916],[2.4089112453917854,48.87787077488933],[2.4093435576423388,48.87799469036277],[2.4093810936830224,48.87800544896327],[2.409436713474307,48.87802139145943],[2.4096902491050542,48.87809406209393],[2.4098177191504613,48.878130598071316],[2.410824518860004,48.8784191676699],[2.410838937078179,48.878423330571486],[2.411151721432566,48.87803826263439],[2.411634822764355,48.8774435043774],[2.412244093593836,48.876693390936225],[2.4122782549319117,48.876651332438875],[2.4124883846224354,48.87639262221303],[2.4124970690002914,48.87638193043437],[2.4125046801390426,48.876356148031014],[2.4127005650851885,48.87569274266639],[2.4127403784873347,48.87555790713862],[2.412765011265135,48.87547447838593],[2.4128356486260936,48.87523524952495],[2.412849067088178,48.875189794822106],[2.4131647192287904,48.87412071329305],[2.413179944256798,48.87406914921398],[2.4134343971562173,48.87320730843365],[2.4134373538605867,48.87319729716634],[2.4134484211571836,48.87315980517559],[2.4134631608498958,48.87310988441828],[2.4136185806028765,48.87258345086102],[2.4136262127730586,48.87254213782891],[2.413643322225428,48.87244953190744],[2.413672262529482,48.87217042089947],[2.4137147419273743,48.871760718286836],[2.413753908211051,48.87138295890539],[2.413803205055131,48.87090752016778],[2.4138132969473216,48.87081017440517]]],"type":"Polygon"},"properties":{"id":"P78","nom":"Saint-Fargeau","commune":"75056","arr":20,"zone":"Z13","secteur":"13"}},{"type":"Feature","geometry":{"coordinates":[[[2.3953588187146417,48.85669837121318],[2.3944371706512273,48.85657201998931],[2.392470648991509,48.85758576539201],[2.39227492809148,48.857686582112144],[2.3921559649901947,48.857722129828176],[2.3899775092641393,48.85837304623037],[2.3897976394508733,48.8584267869454],[2.3897315321833887,48.858450784345024],[2.3897257058546986,48.85845307854283],[2.3896868849315895,48.85846919379981],[2.3896637921625254,48.858480120893184],[2.38963410374781,48.8584964167136],[2.3895814634963934,48.85853336045651],[2.3895812515349273,48.85853353654649],[2.3895584600951545,48.85855410524813],[2.389541044899283,48.85857287120172],[2.3895382924178703,48.85857583309689],[2.389520882286381,48.85859858587463],[2.3890730674422795,48.859532686795845],[2.3889558797317827,48.859777158290264],[2.3888515243570114,48.85999484970569],[2.388708685898932,48.86029281780321],[2.3883676475574105,48.86100422944764],[2.387613739593753,48.86256345586015],[2.3875193604578024,48.862758645647304],[2.387479226124668,48.8628333887841],[2.3874582566579785,48.862869301939725],[2.387450099280609,48.86288326835227],[2.3874404116073595,48.86289986200601],[2.3874354175392947,48.8629084152756],[2.3873887178467017,48.862968592288084],[2.387328154439928,48.86304739384433],[2.3872978830002323,48.86308643762273],[2.3872555840339293,48.863124049214306],[2.3860777363864516,48.86415324410963],[2.3852267913578595,48.86489687920767],[2.385027962251848,48.86507063211895],[2.3849537708327806,48.8651354648082],[2.384891770174968,48.86518965254695],[2.3848891449085383,48.865191947663334],[2.384749218047835,48.86531423941356],[2.3840870007068253,48.865894484039465],[2.3836979017956352,48.86623541041864],[2.383556928289954,48.86635893189199],[2.3834572700115313,48.86644624723896],[2.3833203110466172,48.866714538797694],[2.383282946411252,48.86678773422253],[2.3831802901963774,48.86698882465083],[2.383136036636736,48.86707551238079],[2.3832266916750324,48.86709755024514],[2.386626561445066,48.86792713534436],[2.38704803352448,48.86803241270788],[2.3896495656725607,48.86866959716015],[2.391270727608748,48.86906947238172],[2.3918047360231123,48.86919095354424],[2.3925227929490096,48.869299280223714],[2.3931110482148936,48.869501831747684],[2.3942690292368694,48.86994408808728],[2.395299001983495,48.86999073111591],[2.395800694408768,48.87006499660045],[2.3960850734708528,48.87010714741373],[2.3968474779109283,48.87018163632105],[2.397629403366843,48.87026265964252],[2.397806401972644,48.8703168251274],[2.3982247122547546,48.87048130132391],[2.398671003724543,48.8706230105186],[2.3992552774436207,48.870784516999905],[2.4005211037686345,48.86933762650685],[2.400702894099199,48.8691300364746],[2.401326536753959,48.86841077586564],[2.401527516728659,48.868222958821256],[2.4021129021377523,48.86743454110693],[2.4022588559550715,48.86723858489965],[2.4041588939954526,48.86468245276687],[2.404331407418574,48.8644482761866],[2.4039616749459283,48.86347691301569],[2.4041071184436063,48.863354976165354],[2.4042691336402195,48.863219702550545],[2.4043098523969393,48.863186057629285],[2.4044883188097383,48.8630577230634],[2.4046441966408936,48.86296480882784],[2.404973966489125,48.86280428503374],[2.40543727487373,48.862648947508994],[2.4057673078101045,48.86255220411638],[2.405935895466842,48.86250158706164],[2.4063315926070574,48.862345282682604],[2.405312687264564,48.861288530490405],[2.4049414538304754,48.86091591311123],[2.404656987169113,48.86065511965866],[2.404172478914523,48.86021223963202],[2.4038124596155894,48.86005022312452],[2.4028554293376843,48.85954188175739],[2.402804138125818,48.85951466076681],[2.4022353601259634,48.85922151710673],[2.4019698596149603,48.8590610065912],[2.4015210279434225,48.858826730888694],[2.400372366550765,48.85817887605324],[2.3993324524876423,48.85758039278218],[2.3989079005839113,48.85733971025323],[2.397852092751498,48.85698758976572],[2.3971810085345884,48.85685925751801],[2.39687023687795,48.8568214640629],[2.3953588187146417,48.85669837121318]]],"type":"Polygon"},"properties":{"id":"P79","nom":"Père-Lachaise","commune":"75056","arr":20,"zone":"Z14","secteur":"13"}},{"type":"Feature","geometry":{"coordinates":[[[2.4160210576126833,48.84674809957611],[2.415993784019717,48.846612504918795],[2.4154839378096566,48.84665766460559],[2.415288895494186,48.84667493872982],[2.414565150387199,48.846739039754475],[2.4144905069978067,48.84674565076003],[2.4141438909806707,48.84677634774244],[2.4139415420512282,48.846794267401606],[2.4136363535869174,48.84682129502595],[2.4136142045230886,48.846823256780766],[2.413342083410245,48.84684666753925],[2.411706005668424,48.84698741110801],[2.411574377272921,48.84699873328547],[2.411275410835626,48.84702444905663],[2.411155246660877,48.84703478483555],[2.4110980216782654,48.84703992807117],[2.4109841759399995,48.84705016167529],[2.4106362710434293,48.847081432137884],[2.4104306101401614,48.84709991682843],[2.409560994828016,48.84717807295646],[2.409452139637248,48.847188575257],[2.408005156293681,48.84730551334909],[2.4077283173895823,48.84732788523025],[2.4063251428874413,48.84744126149323],[2.406314101803262,48.847442152825145],[2.4062736988226616,48.84744604618645],[2.4040803242951725,48.84765733470465],[2.403452116529008,48.847717869263064],[2.399453228634635,48.84806842596657],[2.3994070995461394,48.84807246993873],[2.3992635247286707,48.84808504876141],[2.399117692180047,48.84809783461589],[2.399142750817968,48.84822536741744],[2.3991690181571155,48.84835905874652],[2.3992637308686833,48.84884109582181],[2.3992371324282407,48.848921430093405],[2.398953002953573,48.849779567619755],[2.398778630020185,48.850298566603115],[2.398758580757881,48.85035824218793],[2.398754035261842,48.85037176628562],[2.398742159800161,48.85040711139915],[2.398731319788479,48.85043999659022],[2.3987269321665914,48.85045330113808],[2.398712221429389,48.85049791780645],[2.398471439488493,48.8512282419394],[2.3984436834435394,48.851312430070465],[2.398437794439281,48.85133029035795],[2.398434913427229,48.851339032856266],[2.398432636842917,48.851345942817474],[2.398372561109768,48.85142278170919],[2.397693577575758,48.85229121264745],[2.3971727739650137,48.85295732609966],[2.3971175014377075,48.85302802072518],[2.3970750340833153,48.85308233163489],[2.3962365762994087,48.85415458838644],[2.3961179362239564,48.854306309754534],[2.3960842249190373,48.85434941899],[2.3960416685702857,48.854403578838784],[2.3950667928627385,48.85564427721693],[2.3949002492459193,48.85588943110587],[2.394460979362749,48.85653603617273],[2.3944371706512273,48.85657201998931],[2.3953588187146417,48.85669837121318],[2.39687023687795,48.8568214640629],[2.3971810085345884,48.85685925751801],[2.397852092751498,48.85698758976572],[2.3989079005839113,48.85733971025323],[2.3993324524876423,48.85758039278218],[2.400372366550765,48.85817887605324],[2.4015210279434225,48.858826730888694],[2.4019698596149603,48.8590610065912],[2.4022353601259634,48.85922151710673],[2.402804138125818,48.85951466076681],[2.4028554293376843,48.85954188175739],[2.4038124596155894,48.86005022312452],[2.404172478914523,48.86021223963202],[2.404656987169113,48.86065511965866],[2.4049414538304754,48.86091591311123],[2.405312687264564,48.861288530490405],[2.4063315926070574,48.862345282682604],[2.406776025952933,48.86280193814396],[2.4082624002293316,48.86435100101123],[2.4082879169548628,48.86436897097285],[2.40832282462181,48.86438343046679],[2.4087033917797194,48.864468720571196],[2.4088369917560355,48.86449866126272],[2.4090124654506724,48.86453837485954],[2.409286301428254,48.86460034943455],[2.4093743125422162,48.86462026889086],[2.4101069553065995,48.86478607718884],[2.411284357223343,48.865052887123205],[2.4115539241689348,48.865113977485834],[2.411719437742463,48.86515148418321],[2.4118718527020975,48.86515279983926],[2.412349514202358,48.8651569232344],[2.4124947447480833,48.86515817584074],[2.412805238082852,48.86516085345476],[2.4129089362261618,48.86516174799571],[2.4130984238737203,48.86516338243782],[2.413521784434484,48.865167031609396],[2.41357655309155,48.865167504127804],[2.4138953922733615,48.86517025128275],[2.413861596105784,48.86408153553402],[2.413912422957969,48.86369500000069],[2.4139153520092065,48.86367272960052],[2.4139615436593576,48.86332144423152],[2.4140178978139852,48.86289284812253],[2.414094382528524,48.862311154842445],[2.4141393879101045,48.86203968960845],[2.414632598830718,48.85906440462428],[2.414667765701821,48.85886103177923],[2.4147361103055487,48.85846578962501],[2.4147508588292323,48.85838050590401],[2.414751543937642,48.858376543146896],[2.414774271749879,48.858245101824075],[2.41522686416199,48.8556275961752],[2.4152933298903587,48.8552464865366],[2.4153029449682304,48.8551913550037],[2.4156721746100698,48.85307411778731],[2.415813666104421,48.852262732775806],[2.4158257702698984,48.852194563655885],[2.4158444899229936,48.852089154202545],[2.4160023838914175,48.85119995206801],[2.4160539777757237,48.85090939546791],[2.416319970660002,48.84941133996377],[2.4163466532162383,48.8492610572146],[2.416352337339017,48.84922904195116],[2.4164310050074187,48.84878597339111],[2.4161774885523233,48.84752574316822],[2.41612767175671,48.847278090769485],[2.416115811968168,48.84721913875563],[2.4160629469282178,48.84695633256842],[2.4160504212504232,48.846894069458685],[2.4160210576126833,48.84674809957611]]],"type":"Polygon"},"properties":{"id":"P80","nom":"Charonne","commune":"75056","arr":20,"zone":"Z13","secteur":"13"}},{"type":"Feature","geometry":{"type":"Polygon","coordinates":[[[2.25022867,48.83879546],[2.25118918,48.83870344],[2.25176772,48.83864411],[2.25184284,48.83863108],[2.25193026,48.83861634],[2.25191492,48.83864053],[2.25170931,48.83882182],[2.25130855,48.84205975],[2.25129936,48.84213075],[2.25123093,48.84272031],[2.25121976,48.84273912],[2.25121623,48.8428902],[2.2517348,48.84397449],[2.25190875,48.84429125],[2.25234688,48.84519067],[2.25247755,48.84548558],[2.2517946,48.84550379],[2.25076677,48.84553064],[2.25060857,48.84553954],[2.25051569,48.84555514],[2.24986727,48.84573006],[2.24913005,48.84592059],[2.2483395,48.84612338],[2.24790316,48.84623756],[2.24759953,48.8463148],[2.24706746,48.84645265],[2.24676654,48.8465308],[2.24647659,48.84660452],[2.24593493,48.84674501],[2.24551498,48.84685568],[2.24323501,48.84743127],[2.24265911,48.84758321],[2.24236231,48.84765778],[2.24223391,48.84777298],[2.24195692,48.84798438],[2.24184871,48.84792883],[2.24156178,48.84779391],[2.24133559,48.84769894],[2.24118914,48.84764945],[2.24048084,48.84734726],[2.24015975,48.84721931],[2.23975504,48.84703147],[2.23968329,48.84699863],[2.23939915,48.84686012],[2.23924323,48.84680607],[2.23913331,48.84677479],[2.23875397,48.84662308],[2.23862932,48.84657372],[2.23871766,48.84649694],[2.23897559,48.84553715],[2.23879612,48.84560346],[2.23847259,48.84573631],[2.23799718,48.84591136],[2.23757071,48.84609481],[2.23704233,48.84588549],[2.2369439,48.84627968],[2.23684741,48.84672696],[2.23636972,48.84677787],[2.23601769,48.8468089],[2.23603855,48.84640881],[2.23606039,48.84622008],[2.23609991,48.84575536],[2.23612572,48.84548212],[2.23615779,48.84533932],[2.23622094,48.84502854],[2.23630398,48.84466213],[2.23645052,48.84414682],[2.23658823,48.84348936],[2.23660682,48.84333659],[2.23681456,48.84236389],[2.23696801,48.84165436],[2.23701628,48.84142893],[2.2373217,48.8403903],[2.23736969,48.84018375],[2.23745931,48.8399253],[2.23976359,48.83971962],[2.24004053,48.83969529],[2.24042118,48.83966084],[2.24252476,48.83948171],[2.24276218,48.83945803],[2.24396691,48.83934514],[2.24410605,48.83933342],[2.24452215,48.83929648],[2.24554536,48.83920401],[2.24684414,48.83908718],[2.25022867,48.83879546]]]},"properties":{"id":"B1","nom":"Les Princes Marmottan","commune":"92012","arr":null,"zone":null,"secteur":null}},{"type":"Feature","geometry":{"type":"Polygon","coordinates":[[[2.25357829,48.83285173],[2.25403479,48.83351023],[2.25463813,48.83438009],[2.25499272,48.83483019],[2.25503845,48.83487185],[2.2550721,48.83489994],[2.25514424,48.83480955],[2.2553039,48.83479076],[2.2565376,48.83464284],[2.2569946,48.83460071],[2.25850261,48.8344185],[2.26140515,48.83408031],[2.26149249,48.83407005],[2.26279152,48.83392337],[2.26204139,48.8331165],[2.26137858,48.8323983],[2.26099708,48.83201731],[2.26051342,48.83163658],[2.25978359,48.83113111],[2.25929341,48.83082678],[2.25880435,48.83053955],[2.25833017,48.8302605],[2.25784358,48.82999216],[2.25714386,48.8295759],[2.25666283,48.8293004],[2.25623641,48.82901714],[2.25579312,48.82867531],[2.25480753,48.82796226],[2.25394636,48.82731383],[2.25291959,48.82662659],[2.25169395,48.82575102],[2.25115225,48.82543644],[2.25050049,48.82510408],[2.24992073,48.8248792],[2.24912641,48.82460979],[2.2487222,48.82449213],[2.24867187,48.82458175],[2.24853474,48.82483452],[2.24849292,48.82490081],[2.24837473,48.82506825],[2.24832093,48.82511468],[2.24820875,48.82533793],[2.24819066,48.82536389],[2.24807048,48.82557449],[2.24755137,48.82643374],[2.24717194,48.82714546],[2.24711609,48.82724045],[2.24697231,48.82748058],[2.24696814,48.82748685],[2.24675407,48.82787763],[2.24662655,48.82812416],[2.24621011,48.82885094],[2.24616515,48.82894509],[2.24590952,48.82938417],[2.24582012,48.82953741],[2.24571238,48.82973369],[2.24561022,48.82992192],[2.24561159,48.82992103],[2.24550126,48.8301083],[2.24542726,48.83023285],[2.2453271,48.83037612],[2.24511977,48.83077144],[2.24481901,48.83065622],[2.24474732,48.83062069],[2.24470828,48.83058896],[2.24470456,48.83056376],[2.24445251,48.8306593],[2.24365291,48.83093755],[2.2432148,48.83108767],[2.2423151,48.83141025],[2.24223168,48.83152574],[2.24246342,48.83160906],[2.24244699,48.83170878],[2.24266238,48.8320735],[2.24344145,48.83339962],[2.24346383,48.83345282],[2.24345345,48.83351122],[2.24346018,48.83351666],[2.24356334,48.83363693],[2.24360626,48.83368307],[2.24367372,48.83363493],[2.24373693,48.83359755],[2.24382326,48.83356302],[2.24392985,48.83354031],[2.2453705,48.83321304],[2.24629154,48.83301739],[2.24635302,48.83300518],[2.24667941,48.83295058],[2.24783658,48.83281756],[2.24847664,48.83273974],[2.24877623,48.83218041],[2.24941029,48.83242362],[2.24990924,48.83258954],[2.25003372,48.83264878],[2.2506636,48.83289916],[2.25122458,48.83310953],[2.25280973,48.83372203],[2.25357829,48.83285173]]]},"properties":{"id":"B2","nom":"République Point du Jour","commune":"92012","arr":null,"zone":null,"secteur":null}},{"type":"Feature","geometry":{"type":"Polygon","coordinates":[[[2.22421911,48.85351692],[2.22591214,48.85303503],[2.22623348,48.85296246],[2.22659415,48.8528119],[2.22735168,48.85264232],[2.2292277,48.85222362],[2.23001095,48.85206498],[2.23153666,48.85174022],[2.23229665,48.85158681],[2.2331937,48.85138031],[2.23357642,48.85130362],[2.2344981,48.85108918],[2.23566319,48.85081782],[2.23737911,48.85043485],[2.23742696,48.85042436],[2.23777829,48.85034925],[2.23896628,48.8500942],[2.23917963,48.85004249],[2.23957264,48.84991279],[2.23977005,48.8498322],[2.2400079,48.84968891],[2.24018405,48.84957131],[2.24049984,48.8493161],[2.24151605,48.84840789],[2.24157456,48.84832012],[2.24168378,48.84821289],[2.24176122,48.84813513],[2.24195692,48.84798438],[2.24184871,48.84792883],[2.24156178,48.84779391],[2.24133559,48.84769894],[2.24118914,48.84764945],[2.24048084,48.84734726],[2.24015975,48.84721931],[2.23975504,48.84703147],[2.23968329,48.84699863],[2.23939915,48.84686012],[2.23924323,48.84680607],[2.23913331,48.84677479],[2.23875397,48.84662308],[2.23862932,48.84657372],[2.23871766,48.84649694],[2.23897559,48.84553715],[2.23879612,48.84560346],[2.23847259,48.84573631],[2.23799718,48.84591136],[2.23757071,48.84609481],[2.23704233,48.84588549],[2.2369439,48.84627968],[2.23684741,48.84672696],[2.23636972,48.84677787],[2.23601769,48.8468089],[2.23603855,48.84640881],[2.23606039,48.84622008],[2.23609991,48.84575536],[2.23612572,48.84548212],[2.23615779,48.84533932],[2.23622094,48.84502854],[2.23630398,48.84466213],[2.23645052,48.84414682],[2.23658823,48.84348936],[2.23660682,48.84333659],[2.23681456,48.84236389],[2.23696801,48.84165436],[2.23586708,48.84165363],[2.23514415,48.84161304],[2.2348813,48.84160506],[2.2337281,48.84154461],[2.23339186,48.84152357],[2.2329698,48.84150108],[2.23269893,48.84148226],[2.2326268,48.8414764],[2.23167285,48.84139473],[2.23129327,48.84135631],[2.23028285,48.84113127],[2.22917987,48.84090112],[2.22905905,48.84087066],[2.22885403,48.84082167],[2.22887222,48.84078941],[2.22887945,48.84076158],[2.22888285,48.84071573],[2.22887399,48.84066981],[2.2288501,48.84062738],[2.22882596,48.84060114],[2.22879637,48.84057487],[2.22875316,48.84054851],[2.2287139,48.84053117],[2.22865561,48.84051101],[2.22859583,48.84049983],[2.22852911,48.8404967],[2.22845407,48.84050341],[2.22838983,48.84051739],[2.22833091,48.84053949],[2.22828142,48.84056885],[2.22823317,48.84060721],[2.22820258,48.84064839],[2.22818684,48.84069955],[2.22796925,48.8407629],[2.2277807,48.84079856],[2.2261243,48.84104328],[2.22565903,48.84108704],[2.22554175,48.84109347],[2.22527998,48.84110437],[2.22515716,48.84111706],[2.22499354,48.841125],[2.22486798,48.84113857],[2.22471778,48.84116008],[2.22418022,48.84120876],[2.2237286,48.8412499],[2.22359353,48.84126162],[2.22360914,48.84131118],[2.22378771,48.84185557],[2.22454591,48.84401179],[2.22532531,48.84630484],[2.22536961,48.84653357],[2.22545685,48.84699012],[2.22552891,48.84764263],[2.2254832,48.84970999],[2.22491532,48.85133237],[2.22454428,48.85236334],[2.22436577,48.85281996],[2.22433521,48.85295017],[2.22424189,48.85335968],[2.22421911,48.85351692]]]},"properties":{"id":"B3","nom":"Jean-Baptiste Clément","commune":"92012","arr":null,"zone":null,"secteur":null}},{"type":"Feature","geometry":{"type":"Polygon","coordinates":[[[2.23662069,48.83615695],[2.23675364,48.83582323],[2.2367902,48.83574612],[2.23698136,48.83525178],[2.23710419,48.83495757],[2.23722231,48.83461296],[2.23730559,48.83441472],[2.2373268,48.8343618],[2.23746372,48.83394266],[2.23749223,48.8338565],[2.23862469,48.83401931],[2.23966471,48.83416892],[2.23979002,48.83379738],[2.23987271,48.83354518],[2.23998779,48.83322123],[2.24018628,48.83268826],[2.24020897,48.83262725],[2.23973688,48.83249024],[2.2394462,48.83243173],[2.23927243,48.83239015],[2.23816045,48.83203951],[2.23703103,48.83167166],[2.23673939,48.83158615],[2.23665397,48.83155863],[2.23556239,48.83121349],[2.23505509,48.83106364],[2.23468477,48.83095605],[2.23463324,48.83093953],[2.23385763,48.83069353],[2.23303995,48.83043736],[2.23231042,48.83020873],[2.23223606,48.83017048],[2.23201774,48.83010252],[2.23153362,48.82995281],[2.23144675,48.82993157],[2.23145725,48.82986598],[2.23142769,48.82983791],[2.23137078,48.82981776],[2.2312528,48.82978103],[2.2311865,48.82975092],[2.23114058,48.82972364],[2.23105509,48.82970151],[2.23087196,48.82964907],[2.23067806,48.82958756],[2.22945351,48.82921183],[2.22938201,48.8291646],[2.22935777,48.82914556],[2.22917232,48.82906611],[2.22901946,48.82899408],[2.22875298,48.82895908],[2.22854368,48.82892625],[2.22849884,48.82891877],[2.22846086,48.82890773],[2.2283605,48.8288774],[2.22758081,48.82863493],[2.22714419,48.828499],[2.22694514,48.82841857],[2.22692073,48.82841122],[2.22684839,48.82878849],[2.22675108,48.82919528],[2.22662837,48.82966217],[2.22653651,48.830069],[2.22642085,48.83051884],[2.22635753,48.83093035],[2.2262671,48.83169964],[2.22611302,48.83225986],[2.22591931,48.83273618],[2.22559179,48.83323232],[2.22528884,48.83363328],[2.22494003,48.8340951],[2.22404969,48.8351497],[2.2236902,48.83559526],[2.22345606,48.83585636],[2.22361784,48.83578815],[2.22466071,48.83602066],[2.22475185,48.83603025],[2.22538111,48.83540026],[2.22559409,48.83518669],[2.22568397,48.83509733],[2.22580567,48.8349758],[2.22590952,48.83486315],[2.2260333,48.83469307],[2.22604026,48.83468322],[2.22669776,48.83481069],[2.22786182,48.83504666],[2.22804935,48.83507934],[2.22931937,48.83524493],[2.22946755,48.83526657],[2.22998294,48.83533104],[2.230191,48.83535757],[2.23072421,48.83541496],[2.23059878,48.83634411],[2.2304841,48.83719059],[2.23044393,48.83769668],[2.2303621,48.83853258],[2.23031965,48.83928508],[2.23030353,48.8395467],[2.23029508,48.83965727],[2.23029222,48.83975888],[2.23028249,48.83986404],[2.23034008,48.83983923],[2.23135406,48.83935919],[2.23153104,48.83927668],[2.23164218,48.83922343],[2.23172586,48.8391853],[2.23203868,48.83903801],[2.23256428,48.83878236],[2.23262333,48.83875036],[2.23307052,48.83854548],[2.23371127,48.8382411],[2.23388716,48.83813969],[2.2341794,48.83800126],[2.23521642,48.83752403],[2.23586557,48.8372026],[2.23624961,48.83702788],[2.23638267,48.83696667],[2.23654584,48.83689576],[2.2376573,48.83644956],[2.23794358,48.83634436],[2.23662069,48.83615695]]]},"properties":{"id":"B4","nom":"Mail Maréchal Juin","commune":"92012","arr":null,"zone":null,"secteur":null}},{"type":"Feature","geometry":{"type":"Polygon","coordinates":[[[2.24675407,48.82787763],[2.24696814,48.82748685],[2.24697231,48.82748058],[2.24711609,48.82724045],[2.24717194,48.82714546],[2.24755137,48.82643374],[2.24807048,48.82557449],[2.24819066,48.82536389],[2.24820875,48.82533793],[2.24832093,48.82511468],[2.24837473,48.82506825],[2.24849292,48.82490081],[2.24853474,48.82483452],[2.24867187,48.82458175],[2.2487222,48.82449213],[2.24630776,48.8237925],[2.24497468,48.82338836],[2.24438049,48.82322272],[2.2438932,48.82310542],[2.24346141,48.82301275],[2.24284328,48.82290181],[2.24248336,48.82283117],[2.24218751,48.82275645],[2.24187966,48.82266456],[2.24120577,48.82236079],[2.24058238,48.82214457],[2.23957631,48.82183149],[2.2390822,48.82171682],[2.23793393,48.82153503],[2.23737773,48.82147572],[2.23696918,48.82147131],[2.23659179,48.8214788],[2.23610725,48.82154855],[2.23486751,48.82184642],[2.23423525,48.82205103],[2.23361776,48.82226923],[2.23320804,48.82243658],[2.23263835,48.82273782],[2.23148864,48.82339329],[2.23068229,48.82394753],[2.22983679,48.82456806],[2.22914055,48.82513469],[2.22849927,48.82576012],[2.22798609,48.82638009],[2.22763737,48.82684012],[2.22735758,48.82733657],[2.22706135,48.82802269],[2.2269281,48.82837349],[2.22692073,48.82841122],[2.22694514,48.82841857],[2.22714419,48.828499],[2.22758081,48.82863493],[2.2283605,48.8288774],[2.22846086,48.82890773],[2.22849884,48.82891877],[2.22854368,48.82892625],[2.22859026,48.82890857],[2.22863,48.82889263],[2.22867263,48.82886503],[2.22871133,48.8288275],[2.22874753,48.82877467],[2.22883764,48.82866913],[2.22897766,48.82850454],[2.22905649,48.8284241],[2.22918903,48.82830444],[2.22935163,48.82817868],[2.22945362,48.82809839],[2.22952672,48.8280377],[2.23028405,48.82748766],[2.23057964,48.82730338],[2.23060577,48.82728646],[2.23096536,48.82738051],[2.23125259,48.82748579],[2.23146395,48.8275636],[2.23234732,48.82788765],[2.23275243,48.82803685],[2.23295151,48.82811548],[2.23395686,48.82848347],[2.23469667,48.82875353],[2.23525623,48.82896037],[2.23616509,48.82931514],[2.23633181,48.82937197],[2.23622081,48.82941713],[2.23608923,48.82947205],[2.23585212,48.82957036],[2.2356723,48.82966365],[2.23560362,48.82970189],[2.23551015,48.82975885],[2.23537251,48.829856],[2.23529528,48.82992026],[2.23524426,48.82996221],[2.23523874,48.82996667],[2.23517658,48.83002563],[2.23511288,48.83009628],[2.23507139,48.83013828],[2.2349809,48.83027081],[2.23476065,48.83061207],[2.23474895,48.83066686],[2.23475814,48.8306903],[2.23476867,48.83071555],[2.23472806,48.83079084],[2.23463324,48.83093953],[2.23468477,48.83095605],[2.23505509,48.83106364],[2.23556239,48.83121349],[2.23665397,48.83155863],[2.23673939,48.83158615],[2.23703103,48.83167166],[2.23816045,48.83203951],[2.23927243,48.83239015],[2.2394462,48.83243173],[2.23973688,48.83249024],[2.24020897,48.83262725],[2.24048553,48.83271984],[2.24093028,48.83286387],[2.24100059,48.83290029],[2.24134105,48.83300228],[2.2417736,48.83314173],[2.24182676,48.83314027],[2.24235058,48.83328029],[2.24241432,48.83330048],[2.2432146,48.83354119],[2.24337046,48.83359703],[2.24360626,48.83368307],[2.24356334,48.83363693],[2.24346018,48.83351666],[2.24345345,48.83351122],[2.24346383,48.83345282],[2.24344145,48.83339962],[2.24266238,48.8320735],[2.24244699,48.83170878],[2.24246342,48.83160906],[2.24223168,48.83152574],[2.2423151,48.83141025],[2.2432148,48.83108767],[2.24365291,48.83093755],[2.24445251,48.8306593],[2.24470456,48.83056376],[2.24470828,48.83058896],[2.24474732,48.83062069],[2.24481901,48.83065622],[2.24511977,48.83077144],[2.2453271,48.83037612],[2.24542726,48.83023285],[2.24550126,48.8301083],[2.24561159,48.82992103],[2.24561022,48.82992192],[2.24571238,48.82973369],[2.24582012,48.82953741],[2.24590952,48.82938417],[2.24616515,48.82894509],[2.24621011,48.82885094],[2.24662655,48.82812416],[2.24675407,48.82787763]]]},"properties":{"id":"B5","nom":"Trapèze","commune":"92012","arr":null,"zone":null,"secteur":null}},{"type":"Feature","geometry":{"type":"MultiPolygon","coordinates":[[[[2.2348813,48.84160506],[2.23514415,48.84161304],[2.23586708,48.84165363],[2.23696801,48.84165436],[2.23701628,48.84142893],[2.2373217,48.8403903],[2.23736969,48.84018375],[2.23745931,48.8399253],[2.23750418,48.83955864],[2.2375471,48.83932597],[2.23755442,48.83929094],[2.23758433,48.83910946],[2.2376336,48.83881478],[2.23769266,48.83850307],[2.23776335,48.8379549],[2.23784189,48.83733573],[2.23788092,48.83680984],[2.23794358,48.83634436],[2.2376573,48.83644956],[2.23654584,48.83689576],[2.23638267,48.83696667],[2.23624961,48.83702788],[2.23586557,48.8372026],[2.23521642,48.83752403],[2.2341794,48.83800126],[2.23388716,48.83813969],[2.23371127,48.8382411],[2.23307052,48.83854548],[2.23262333,48.83875036],[2.23256428,48.83878236],[2.23203868,48.83903801],[2.23172586,48.8391853],[2.23164218,48.83922343],[2.23153104,48.83927668],[2.23135406,48.83935919],[2.23034008,48.83983923],[2.23028249,48.83986404],[2.23007936,48.83996437],[2.22989958,48.84005135],[2.22962938,48.84017192],[2.2293854,48.84027018],[2.22916731,48.84036861],[2.22913569,48.84038729],[2.22903679,48.84044151],[2.22894061,48.84049576],[2.22879637,48.84057487],[2.22882596,48.84060114],[2.2288501,48.84062738],[2.22887399,48.84066981],[2.22888285,48.84071573],[2.22887945,48.84076158],[2.22887222,48.84078941],[2.22885403,48.84082167],[2.22905905,48.84087066],[2.22917987,48.84090112],[2.23028285,48.84113127],[2.23129327,48.84135631],[2.23167285,48.84139473],[2.2326268,48.8414764],[2.23269893,48.84148226],[2.2329698,48.84150108],[2.23339186,48.84152357],[2.2337281,48.84154461],[2.2348813,48.84160506]]],[[[2.24252476,48.83948171],[2.24276218,48.83945803],[2.24396691,48.83934514],[2.24410605,48.83933342],[2.24452215,48.83929648],[2.24554536,48.83920401],[2.24684414,48.83908718],[2.25022867,48.83879546],[2.25118918,48.83870344],[2.25176772,48.83864411],[2.25184284,48.83863108],[2.25193026,48.83861634],[2.25201105,48.83849273],[2.25222862,48.83823777],[2.25230493,48.83814202],[2.25225464,48.83813361],[2.25223017,48.83812986],[2.25211869,48.83811297],[2.25132582,48.83801178],[2.25034802,48.83788604],[2.24957141,48.83779213],[2.24816669,48.83760523],[2.24795998,48.83757875],[2.24726243,48.83748262],[2.246936,48.83744459],[2.24575672,48.83730855],[2.24519771,48.83724297],[2.24470547,48.83717601],[2.24364746,48.83704071],[2.2434407,48.83748729],[2.2433295,48.83773302],[2.24302172,48.83828689],[2.24290339,48.83855415],[2.24276573,48.83883838],[2.24271503,48.83895228],[2.24258334,48.83929501],[2.24252476,48.83948171]]]]},"properties":{"id":"B6","nom":"Route de la Reine","commune":"92012","arr":null,"zone":null,"secteur":null}},{"type":"Feature","geometry":{"type":"Polygon","coordinates":[[[2.24519771,48.83724297],[2.24575672,48.83730855],[2.246936,48.83744459],[2.24726243,48.83748262],[2.24795998,48.83757875],[2.24816669,48.83760523],[2.24957141,48.83779213],[2.25034802,48.83788604],[2.25132582,48.83801178],[2.25211869,48.83811297],[2.25223017,48.83812986],[2.25225464,48.83813361],[2.25230493,48.83814202],[2.25238957,48.83803552],[2.2534968,48.83673474],[2.25353975,48.83668464],[2.25354669,48.83667569],[2.25483099,48.83518354],[2.25495005,48.83505117],[2.2550721,48.83489994],[2.25503845,48.83487185],[2.25499272,48.83483019],[2.25463813,48.83438009],[2.25403479,48.83351023],[2.25357829,48.83285173],[2.25280973,48.83372203],[2.25122458,48.83310953],[2.2506636,48.83289916],[2.25003372,48.83264878],[2.24990924,48.83258954],[2.24941029,48.83242362],[2.24877623,48.83218041],[2.24847664,48.83273974],[2.24783658,48.83281756],[2.24667941,48.83295058],[2.24635302,48.83300518],[2.24629154,48.83301739],[2.2453705,48.83321304],[2.24392985,48.83354031],[2.24382326,48.83356302],[2.24373693,48.83359755],[2.24367372,48.83363493],[2.24360626,48.83368307],[2.24390125,48.8337272],[2.24397333,48.83373575],[2.24487113,48.83401753],[2.24519933,48.83412034],[2.24570653,48.83428093],[2.24625331,48.83443637],[2.24632923,48.83446203],[2.24695044,48.83465301],[2.24698027,48.8346631],[2.24693985,48.8347258],[2.24690455,48.83481192],[2.24616388,48.83638116],[2.2461486,48.83640175],[2.24613467,48.83642235],[2.24609186,48.83646255],[2.2459318,48.83660185],[2.24584769,48.83667147],[2.2456465,48.83682849],[2.2455284,48.8368925],[2.24536452,48.83691935],[2.24531329,48.83697658],[2.24520734,48.8371423],[2.24519771,48.83724297]]]},"properties":{"id":"B7","nom":"Édouard Vaillant","commune":"92012","arr":null,"zone":null,"secteur":null}},{"type":"Feature","geometry":{"type":"Polygon","coordinates":[[[2.23662069,48.83615695],[2.23794358,48.83634436],[2.23788092,48.83680984],[2.23784189,48.83733573],[2.23776335,48.8379549],[2.23769266,48.83850307],[2.2376336,48.83881478],[2.23758433,48.83910946],[2.23755442,48.83929094],[2.2375471,48.83932597],[2.23750418,48.83955864],[2.23745931,48.8399253],[2.23976359,48.83971962],[2.24004053,48.83969529],[2.24042118,48.83966084],[2.24252476,48.83948171],[2.24258334,48.83929501],[2.24271503,48.83895228],[2.24276573,48.83883838],[2.24290339,48.83855415],[2.24302172,48.83828689],[2.2433295,48.83773302],[2.2434407,48.83748729],[2.24364746,48.83704071],[2.24470547,48.83717601],[2.24519771,48.83724297],[2.24520734,48.8371423],[2.24531329,48.83697658],[2.24536452,48.83691935],[2.2455284,48.8368925],[2.2456465,48.83682849],[2.24584769,48.83667147],[2.2459318,48.83660185],[2.24609186,48.83646255],[2.24613467,48.83642235],[2.2461486,48.83640175],[2.24616388,48.83638116],[2.24690455,48.83481192],[2.24693985,48.8347258],[2.24698027,48.8346631],[2.24695044,48.83465301],[2.24632923,48.83446203],[2.24625331,48.83443637],[2.24570653,48.83428093],[2.24519933,48.83412034],[2.24487113,48.83401753],[2.24397333,48.83373575],[2.24390125,48.8337272],[2.24360626,48.83368307],[2.24337046,48.83359703],[2.2432146,48.83354119],[2.24241432,48.83330048],[2.24235058,48.83328029],[2.24182676,48.83314027],[2.2417736,48.83314173],[2.24134105,48.83300228],[2.24100059,48.83290029],[2.24093028,48.83286387],[2.24048553,48.83271984],[2.24020897,48.83262725],[2.24018628,48.83268826],[2.23998779,48.83322123],[2.23987271,48.83354518],[2.23979002,48.83379738],[2.23966471,48.83416892],[2.23862469,48.83401931],[2.23749223,48.8338565],[2.23746372,48.83394266],[2.2373268,48.8343618],[2.23730559,48.83441472],[2.23722231,48.83461296],[2.23710419,48.83495757],[2.23698136,48.83525178],[2.2367902,48.83574612],[2.23675364,48.83582323],[2.23662069,48.83615695]]]},"properties":{"id":"B8","nom":"Centre Ville","commune":"92012","arr":null,"zone":null,"secteur":null}},{"type":"Feature","geometry":{"type":"Polygon","coordinates":[[[2.22292866,48.83833342],[2.22293498,48.83891536],[2.22297046,48.83927714],[2.2230399,48.83964544],[2.22333978,48.84055126],[2.22356493,48.84116969],[2.22357668,48.84120395],[2.22359353,48.84126162],[2.2237286,48.8412499],[2.22418022,48.84120876],[2.22471778,48.84116008],[2.22486798,48.84113857],[2.22499354,48.841125],[2.22515716,48.84111706],[2.22527998,48.84110437],[2.22554175,48.84109347],[2.22565903,48.84108704],[2.2261243,48.84104328],[2.2277807,48.84079856],[2.22796925,48.8407629],[2.22818684,48.84069955],[2.22820258,48.84064839],[2.22823317,48.84060721],[2.22828142,48.84056885],[2.22833091,48.84053949],[2.22838983,48.84051739],[2.22845407,48.84050341],[2.22852911,48.8404967],[2.22859583,48.84049983],[2.22865561,48.84051101],[2.2287139,48.84053117],[2.22875316,48.84054851],[2.22879637,48.84057487],[2.22894061,48.84049576],[2.22903679,48.84044151],[2.22913569,48.84038729],[2.22916731,48.84036861],[2.2293854,48.84027018],[2.22962938,48.84017192],[2.22989958,48.84005135],[2.23007936,48.83996437],[2.23028249,48.83986404],[2.23029222,48.83975888],[2.23029508,48.83965727],[2.23030353,48.8395467],[2.23031965,48.83928508],[2.2303621,48.83853258],[2.23044393,48.83769668],[2.2304841,48.83719059],[2.23059878,48.83634411],[2.23072421,48.83541496],[2.230191,48.83535757],[2.22998294,48.83533104],[2.22946755,48.83526657],[2.22931937,48.83524493],[2.22804935,48.83507934],[2.22786182,48.83504666],[2.22669776,48.83481069],[2.22604026,48.83468322],[2.2260333,48.83469307],[2.22590952,48.83486315],[2.22580567,48.8349758],[2.22568397,48.83509733],[2.22559409,48.83518669],[2.22538111,48.83540026],[2.22475185,48.83603025],[2.22466071,48.83602066],[2.22361784,48.83578815],[2.22345606,48.83585636],[2.22320228,48.83624684],[2.22311726,48.83655837],[2.22304856,48.83696265],[2.22293803,48.83797913],[2.22292866,48.83833342]]]},"properties":{"id":"B9","nom":"Le Gallo","commune":"92012","arr":null,"zone":null,"secteur":null}},{"type":"Feature","geometry":{"type":"Polygon","coordinates":[[[2.23524426,48.82996221],[2.23529528,48.82992026],[2.23537251,48.829856],[2.23551015,48.82975885],[2.23560362,48.82970189],[2.2356723,48.82966365],[2.23585212,48.82957036],[2.23608923,48.82947205],[2.23622081,48.82941713],[2.23633181,48.82937197],[2.23616509,48.82931514],[2.23525623,48.82896037],[2.23469667,48.82875353],[2.23395686,48.82848347],[2.23295151,48.82811548],[2.23275243,48.82803685],[2.23234732,48.82788765],[2.23146395,48.8275636],[2.23125259,48.82748579],[2.23096536,48.82738051],[2.23060577,48.82728646],[2.23057964,48.82730338],[2.23028405,48.82748766],[2.22952672,48.8280377],[2.22945362,48.82809839],[2.22935163,48.82817868],[2.22918903,48.82830444],[2.22905649,48.8284241],[2.22897766,48.82850454],[2.22883764,48.82866913],[2.22874753,48.82877467],[2.22871133,48.8288275],[2.22867263,48.82886503],[2.22863,48.82889263],[2.22859026,48.82890857],[2.22854368,48.82892625],[2.22875298,48.82895908],[2.22901946,48.82899408],[2.22917232,48.82906611],[2.22935777,48.82914556],[2.22938201,48.8291646],[2.22945351,48.82921183],[2.23067806,48.82958756],[2.23087196,48.82964907],[2.23105509,48.82970151],[2.23114058,48.82972364],[2.2311865,48.82975092],[2.2312528,48.82978103],[2.23137078,48.82981776],[2.23142769,48.82983791],[2.23145725,48.82986598],[2.23144675,48.82993157],[2.23153362,48.82995281],[2.23201774,48.83010252],[2.23223606,48.83017048],[2.23231042,48.83020873],[2.23303995,48.83043736],[2.23385763,48.83069353],[2.23463324,48.83093953],[2.23472806,48.83079084],[2.23476867,48.83071555],[2.23475814,48.8306903],[2.23474895,48.83066686],[2.23476065,48.83061207],[2.2349809,48.83027081],[2.23507139,48.83013828],[2.23511288,48.83009628],[2.23517658,48.83002563],[2.23523874,48.82996667],[2.23524426,48.82996221]]]},"properties":{"id":"B10","nom":"Pont de Sèvres","commune":"92012","arr":null,"zone":null,"secteur":null}},{"type":"Feature","geometry":{"type":"Polygon","coordinates":[[[2.30075585,48.90492984],[2.30134253,48.90522914],[2.30182083,48.90547295],[2.30299655,48.90610212],[2.30321184,48.90622298],[2.30347332,48.90595111],[2.3036853,48.90570773],[2.30405429,48.90525122],[2.30453087,48.90460379],[2.30463302,48.90451355],[2.30511862,48.90410898],[2.3052663,48.90398033],[2.30569983,48.90359254],[2.30583936,48.90346115],[2.30631708,48.90292972],[2.30681007,48.9023777],[2.30703602,48.90210741],[2.30714136,48.90198212],[2.3065162,48.90170421],[2.30530253,48.90116388],[2.30551196,48.90090519],[2.30556602,48.90084075],[2.30572547,48.90064742],[2.30572688,48.90064383],[2.30593905,48.90038426],[2.30622749,48.9000307],[2.3052245,48.89954915],[2.3045353,48.89926905],[2.30424765,48.89915407],[2.30358566,48.89888042],[2.3035341,48.89885944],[2.30219949,48.89829229],[2.30107047,48.89785583],[2.30063353,48.89768691],[2.30021295,48.89751808],[2.29898401,48.89700907],[2.29816762,48.89746744],[2.29581887,48.89877296],[2.29631938,48.89898184],[2.29643574,48.89905177],[2.29670375,48.89920533],[2.29755595,48.89973554],[2.29759521,48.89975735],[2.29780505,48.89987549],[2.29800692,48.8999774],[2.29821825,48.90008656],[2.29863303,48.90028144],[2.29895814,48.90044972],[2.29922257,48.90056638],[2.29937309,48.90063291],[2.29958712,48.90074388],[2.29977681,48.90083942],[2.30011374,48.90094121],[2.30032948,48.90102701],[2.3001432,48.9011851],[2.29930832,48.90189788],[2.2992876,48.90191664],[2.29890518,48.90225525],[2.29908388,48.90235702],[2.29942412,48.90251729],[2.29954475,48.90257465],[2.29966673,48.90263382],[2.29988359,48.90273851],[2.30011401,48.90284867],[2.30036765,48.90295717],[2.3001392,48.90340999],[2.30011838,48.90343685],[2.29987063,48.9037016],[2.29978081,48.90378741],[2.29940634,48.90414225],[2.29934415,48.90420214],[2.29927647,48.9042638],[2.29938797,48.90429053],[2.29953183,48.90434623],[2.2997244,48.90443099],[2.30075585,48.90492984]]]},"properties":{"id":"CL1","nom":"Centre Ville – Vendôme","commune":"92024","arr":null,"zone":null,"secteur":null}},{"type":"Feature","geometry":{"type":"Polygon","coordinates":[[[2.28864273,48.90425597],[2.28889748,48.90438159],[2.29034776,48.90507188],[2.29101466,48.90538699],[2.29207603,48.90588789],[2.29230652,48.90599268],[2.29318757,48.90661391],[2.29356736,48.90697678],[2.29402718,48.90747501],[2.29435257,48.90772604],[2.29500465,48.90813187],[2.29507098,48.90817003],[2.29682973,48.90906619],[2.29816606,48.90972423],[2.29838329,48.90980375],[2.29925484,48.91012631],[2.29988758,48.90872977],[2.29993412,48.90871836],[2.30012235,48.90851891],[2.30020373,48.90845283],[2.30028969,48.90835081],[2.30037876,48.90822004],[2.30046227,48.90809732],[2.30077151,48.90792825],[2.30141156,48.90760823],[2.3019155,48.90736566],[2.30213032,48.90721673],[2.30225557,48.90713472],[2.30236029,48.90705709],[2.30255642,48.90687747],[2.3026145,48.90681935],[2.30265878,48.90677284],[2.30317576,48.90626864],[2.30321184,48.90622298],[2.30299655,48.90610212],[2.30182083,48.90547295],[2.30134253,48.90522914],[2.30075585,48.90492984],[2.2997244,48.90443099],[2.29953183,48.90434623],[2.29938797,48.90429053],[2.29927647,48.9042638],[2.29934415,48.90420214],[2.29940634,48.90414225],[2.29978081,48.90378741],[2.29987063,48.9037016],[2.30011838,48.90343685],[2.3001392,48.90340999],[2.30036765,48.90295717],[2.30011401,48.90284867],[2.29988359,48.90273851],[2.29966673,48.90263382],[2.29954475,48.90257465],[2.29942412,48.90251729],[2.29908388,48.90235702],[2.29890518,48.90225525],[2.2992876,48.90191664],[2.29930832,48.90189788],[2.3001432,48.9011851],[2.30032948,48.90102701],[2.30011374,48.90094121],[2.29977681,48.90083942],[2.29958712,48.90074388],[2.29937309,48.90063291],[2.29922257,48.90056638],[2.29895814,48.90044972],[2.29863303,48.90028144],[2.29821825,48.90008656],[2.29800692,48.8999774],[2.29780505,48.89987549],[2.29759521,48.89975735],[2.29755595,48.89973554],[2.29670375,48.89920533],[2.29643574,48.89905177],[2.29631938,48.89898184],[2.29581887,48.89877296],[2.295254,48.89908709],[2.29393274,48.89985363],[2.29285768,48.90046872],[2.28881656,48.9028163],[2.28869968,48.90288395],[2.28864192,48.90291778],[2.28860755,48.90293736],[2.28852917,48.90298276],[2.28846455,48.90302015],[2.28739473,48.90364151],[2.28775664,48.90381094],[2.28864273,48.90425597]]]},"properties":{"id":"CL2","nom":"Teinturiers – Bac d'Asnières-Bérégovoy","commune":"92024","arr":null,"zone":null,"secteur":null}},{"type":"Feature","geometry":{"type":"Polygon","coordinates":[[[2.29925484,48.91012631],[2.30004087,48.91041868],[2.30061644,48.91063518],[2.301275,48.91087015],[2.30226789,48.91120238],[2.30422796,48.91154833],[2.30750938,48.91215639],[2.30914196,48.91261277],[2.30978772,48.91278826],[2.31051111,48.91297499],[2.31095543,48.91311424],[2.31172857,48.913357],[2.3137675,48.91404498],[2.31450055,48.91308691],[2.31472577,48.91276895],[2.31521469,48.91211165],[2.31558439,48.91159666],[2.31601177,48.91105232],[2.31659638,48.91027416],[2.31650396,48.91024755],[2.31626911,48.91015718],[2.31675895,48.90963478],[2.31680036,48.90959814],[2.31795073,48.90843379],[2.31801043,48.90835499],[2.31805198,48.90830756],[2.31832273,48.9080519],[2.31836055,48.90797658],[2.31799866,48.90789987],[2.31782179,48.90786289],[2.31740275,48.90777417],[2.31730479,48.90775383],[2.31715388,48.9077143],[2.31699871,48.90768643],[2.31676781,48.90760868],[2.31662791,48.90756111],[2.31651801,48.90751552],[2.31645019,48.90748546],[2.315579,48.90702633],[2.31499187,48.90675318],[2.31493357,48.90672587],[2.31394025,48.90632268],[2.31292903,48.90614062],[2.31025465,48.90535274],[2.30982714,48.90570011],[2.30966442,48.90583137],[2.30956633,48.90592434],[2.30928077,48.90585434],[2.30903167,48.90581244],[2.30856027,48.90576565],[2.3082264,48.90614863],[2.30819454,48.90618532],[2.30812591,48.9062164],[2.30808505,48.90621166],[2.30727413,48.90584365],[2.30728786,48.90573491],[2.30700416,48.90573058],[2.30697551,48.90573041],[2.30695373,48.90572669],[2.3065781,48.90555724],[2.30563849,48.90512282],[2.30477636,48.90471043],[2.30453087,48.90460379],[2.30405429,48.90525122],[2.3036853,48.90570773],[2.30347332,48.90595111],[2.30321184,48.90622298],[2.30317576,48.90626864],[2.30265878,48.90677284],[2.3026145,48.90681935],[2.30255642,48.90687747],[2.30236029,48.90705709],[2.30225557,48.90713472],[2.30213032,48.90721673],[2.3019155,48.90736566],[2.30141156,48.90760823],[2.30077151,48.90792825],[2.30046227,48.90809732],[2.30037876,48.90822004],[2.30028969,48.90835081],[2.30020373,48.90845283],[2.30012235,48.90851891],[2.29993412,48.90871836],[2.29988758,48.90872977],[2.29925484,48.91012631]]]},"properties":{"id":"CL3","nom":"Berges de Seine-Beaujon – Quartier Nord","commune":"92024","arr":null,"zone":null,"secteur":null}},{"type":"Feature","geometry":{"type":"Polygon","coordinates":[[[2.31147934,48.90001784],[2.312024,48.90029796],[2.31266893,48.90062902],[2.31283153,48.90071179],[2.31269203,48.90084229],[2.31158422,48.90188633],[2.3123603,48.90220465],[2.31238742,48.9022165],[2.31184792,48.90268014],[2.31223442,48.90285233],[2.31252872,48.90298263],[2.31268185,48.90305995],[2.31289112,48.90322482],[2.3127189,48.90335334],[2.31242794,48.90358999],[2.31232178,48.90367481],[2.31224316,48.90374001],[2.31218387,48.90378733],[2.31177429,48.90412222],[2.31117019,48.90461967],[2.31056214,48.9051063],[2.31025465,48.90535274],[2.31292903,48.90614062],[2.31394025,48.90632268],[2.31493357,48.90672587],[2.31499187,48.90675318],[2.315579,48.90702633],[2.31645019,48.90748546],[2.31651801,48.90751552],[2.31662791,48.90756111],[2.31676781,48.90760868],[2.31699871,48.90768643],[2.31715388,48.9077143],[2.31730479,48.90775383],[2.31740275,48.90777417],[2.31782179,48.90786289],[2.31799866,48.90789987],[2.31854085,48.90723117],[2.31928688,48.90641344],[2.3202052,48.90535477],[2.32085127,48.90466596],[2.32086562,48.90461208],[2.32058497,48.90374715],[2.3204615,48.90348655],[2.32026234,48.90296381],[2.32024517,48.90292055],[2.31960948,48.90135483],[2.31965971,48.90116445],[2.31970774,48.90103792],[2.31988717,48.90045978],[2.31852021,48.89963813],[2.31510605,48.89859433],[2.3147851,48.89883171],[2.31474668,48.89884948],[2.31381218,48.89937652],[2.31372671,48.89944438],[2.31339388,48.89923743],[2.31309894,48.89905408],[2.31300424,48.89899508],[2.31279995,48.8988671],[2.31147934,48.90001784]]]},"properties":{"id":"CL4","nom":"Mozart – Morel","commune":"92024","arr":null,"zone":null,"secteur":null}},{"type":"Feature","geometry":{"type":"Polygon","coordinates":[[[2.31147934,48.90001784],[2.31279995,48.8988671],[2.31300424,48.89899508],[2.31309894,48.89905408],[2.31339388,48.89923743],[2.31372671,48.89944438],[2.31381218,48.89937652],[2.31474668,48.89884948],[2.3147851,48.89883171],[2.31510605,48.89859433],[2.31245145,48.89778232],[2.31231853,48.8977249],[2.31067321,48.89713088],[2.30953449,48.89670344],[2.30867536,48.89638102],[2.30768732,48.89601019],[2.30571502,48.89508955],[2.30377436,48.89415378],[2.30257953,48.89486898],[2.300986,48.89581657],[2.29928499,48.89684086],[2.29898401,48.89700907],[2.30021295,48.89751808],[2.30063353,48.89768691],[2.30107047,48.89785583],[2.30219949,48.89829229],[2.3035341,48.89885944],[2.30358566,48.89888042],[2.30424765,48.89915407],[2.3045353,48.89926905],[2.3052245,48.89954915],[2.30622749,48.9000307],[2.30791225,48.90084174],[2.30803435,48.90089191],[2.30807875,48.90083551],[2.30829069,48.90059212],[2.30891896,48.90084126],[2.31098562,48.90166165],[2.31158422,48.90188633],[2.31269203,48.90084229],[2.31283153,48.90071179],[2.31266893,48.90062902],[2.312024,48.90029796],[2.31147934,48.90001784]]]},"properties":{"id":"CL5","nom":"Chance-Milly – Calmette","commune":"92024","arr":null,"zone":null,"secteur":null}},{"type":"Feature","geometry":{"type":"Polygon","coordinates":[[[2.30453087,48.90460379],[2.30477636,48.90471043],[2.30563849,48.90512282],[2.3065781,48.90555724],[2.30695373,48.90572669],[2.30697551,48.90573041],[2.30700416,48.90573058],[2.30728786,48.90573491],[2.30727413,48.90584365],[2.30808505,48.90621166],[2.30812591,48.9062164],[2.30819454,48.90618532],[2.3082264,48.90614863],[2.30856027,48.90576565],[2.30903167,48.90581244],[2.30928077,48.90585434],[2.30956633,48.90592434],[2.30966442,48.90583137],[2.30982714,48.90570011],[2.31025465,48.90535274],[2.31056214,48.9051063],[2.31117019,48.90461967],[2.31177429,48.90412222],[2.31218387,48.90378733],[2.31224316,48.90374001],[2.31232178,48.90367481],[2.31242794,48.90358999],[2.3127189,48.90335334],[2.31289112,48.90322482],[2.31268185,48.90305995],[2.31252872,48.90298263],[2.31223442,48.90285233],[2.31184792,48.90268014],[2.31238742,48.9022165],[2.3123603,48.90220465],[2.31158422,48.90188633],[2.31098562,48.90166165],[2.30891896,48.90084126],[2.30829069,48.90059212],[2.30807875,48.90083551],[2.30803435,48.90089191],[2.30791225,48.90084174],[2.30622749,48.9000307],[2.30593905,48.90038426],[2.30572688,48.90064383],[2.30572547,48.90064742],[2.30556602,48.90084075],[2.30551196,48.90090519],[2.30530253,48.90116388],[2.3065162,48.90170421],[2.30714136,48.90198212],[2.30703602,48.90210741],[2.30681007,48.9023777],[2.30631708,48.90292972],[2.30583936,48.90346115],[2.30569983,48.90359254],[2.3052663,48.90398033],[2.30511862,48.90410898],[2.30463302,48.90451355],[2.30453087,48.90460379]]]},"properties":{"id":"CL6","nom":"Palloy-Paymal – Gambetta","commune":"92024","arr":null,"zone":null,"secteur":null}},{"type":"Feature","geometry":{"type":"Polygon","coordinates":[[[2.29634834,48.89502229],[2.29687359,48.89551821],[2.29746636,48.89596325],[2.29765139,48.89609924],[2.29789722,48.89627785],[2.29792696,48.8962978],[2.29824166,48.89652808],[2.29835365,48.89661867],[2.29853575,48.89676992],[2.29898401,48.89700907],[2.29928499,48.89684086],[2.300986,48.89581657],[2.30257953,48.89486898],[2.30377436,48.89415378],[2.3037432,48.89413831],[2.30344096,48.89399536],[2.30338001,48.89396353],[2.30331902,48.89393439],[2.30183621,48.89323957],[2.3017821,48.89320688],[2.30058827,48.89262884],[2.29960832,48.89217255],[2.29862838,48.89171715],[2.2981097,48.89144431],[2.29799447,48.89139238],[2.29752848,48.89115672],[2.29734156,48.89106119],[2.29732666,48.89105391],[2.29557954,48.89014971],[2.29547525,48.89009604],[2.29501318,48.88987478],[2.29495999,48.88987537],[2.29457078,48.88981282],[2.29404119,48.88974405],[2.29294094,48.88961884],[2.29274762,48.88959342],[2.29258869,48.88974807],[2.29257903,48.8897561],[2.29243987,48.8898605],[2.29174019,48.89056504],[2.29216413,48.89098214],[2.29226509,48.89107986],[2.29260024,48.8914074],[2.29283713,48.89163902],[2.2934498,48.89222001],[2.2935131,48.89227884],[2.29374875,48.89250236],[2.29421845,48.89296649],[2.29502092,48.89373564],[2.29503168,48.8937465],[2.29533988,48.89405228],[2.29565221,48.8943554],[2.29634834,48.89502229]]]},"properties":{"id":"LV1","nom":"Eiffel","commune":"92044","arr":null,"zone":null,"secteur":null}},{"type":"Feature","geometry":{"type":"Polygon","coordinates":[[[2.28931237,48.89707527],[2.290559,48.89738034],[2.29069088,48.8974117],[2.29197567,48.89772057],[2.2927982,48.89791879],[2.29376494,48.89814572],[2.29437547,48.89828782],[2.29517197,48.89849576],[2.29537425,48.89856709],[2.29547193,48.89860634],[2.29581751,48.89877295],[2.29581887,48.89877296],[2.29816762,48.89746744],[2.29898401,48.89700907],[2.29853575,48.89676992],[2.29835365,48.89661867],[2.29824166,48.89652808],[2.29792696,48.8962978],[2.29789722,48.89627785],[2.29765139,48.89609924],[2.29746636,48.89596325],[2.29687359,48.89551821],[2.29634834,48.89502229],[2.29565221,48.8943554],[2.29533988,48.89405228],[2.29503168,48.8937465],[2.29502092,48.89373564],[2.29421845,48.89296649],[2.29374875,48.89250236],[2.2935131,48.89227884],[2.2934498,48.89222001],[2.29330389,48.8924188],[2.29272748,48.8930845],[2.29196516,48.89398022],[2.29117793,48.89490007],[2.29082321,48.89530716],[2.29056095,48.89563566],[2.29051792,48.89569026],[2.2902589,48.89598101],[2.2898433,48.89645069],[2.28931237,48.89707527]]]},"properties":{"id":"LV2","nom":"Trézel","commune":"92044","arr":null,"zone":null,"secteur":null}},{"type":"Feature","geometry":{"type":"Polygon","coordinates":[[[2.27641967,48.89325956],[2.27706421,48.89349818],[2.27731679,48.89357795],[2.2782034,48.89386748],[2.27871656,48.89404145],[2.27892547,48.89412274],[2.27968232,48.89442768],[2.28093005,48.89494149],[2.28204778,48.89538797],[2.28221681,48.89519743],[2.28244125,48.89494516],[2.28248004,48.89490133],[2.28251054,48.89486554],[2.28265456,48.89470812],[2.2826698,48.89469112],[2.28346337,48.89381633],[2.284304,48.89289056],[2.28474958,48.89242377],[2.28492947,48.89223598],[2.28511498,48.89203564],[2.28551506,48.89160365],[2.2857852,48.89129859],[2.28510044,48.89100852],[2.28435142,48.89073065],[2.28363834,48.89041792],[2.2823411,48.88984177],[2.28170248,48.88957084],[2.28074159,48.88913339],[2.27957516,48.89024515],[2.27884685,48.89093685],[2.27767594,48.89207104],[2.27772205,48.8920902],[2.27712306,48.89269723],[2.27682459,48.892878],[2.27641967,48.89325956]]]},"properties":{"id":"LV3","nom":"Villiers-Danton","commune":"92044","arr":null,"zone":null,"secteur":null}},{"type":"Feature","geometry":{"type":"Polygon","coordinates":[[[2.28204778,48.89538797],[2.28303081,48.89581205],[2.28398658,48.89623595],[2.28437178,48.89639384],[2.28449001,48.89642512],[2.28466728,48.89642888],[2.28511351,48.89641356],[2.28638202,48.89641303],[2.28659044,48.89643316],[2.28673895,48.89624608],[2.2868763,48.89607693],[2.28703583,48.89588182],[2.28763938,48.89513448],[2.2879665,48.89475241],[2.28812857,48.89456991],[2.28833356,48.8943409],[2.28875468,48.89386676],[2.28920054,48.89337748],[2.28958823,48.8929526],[2.28904451,48.89271824],[2.28862417,48.89253768],[2.28769013,48.89212293],[2.28691586,48.89179457],[2.28674508,48.89171621],[2.2857852,48.89129859],[2.28551506,48.89160365],[2.28511498,48.89203564],[2.28492947,48.89223598],[2.28474958,48.89242377],[2.284304,48.89289056],[2.28346337,48.89381633],[2.2826698,48.89469112],[2.28265456,48.89470812],[2.28251054,48.89486554],[2.28248004,48.89490133],[2.28244125,48.89494516],[2.28221681,48.89519743],[2.28204778,48.89538797]]]},"properties":{"id":"LV4","nom":"Hôtel de Ville-Planchette","commune":"92044","arr":null,"zone":null,"secteur":null}},{"type":"Feature","geometry":{"type":"Polygon","coordinates":[[[2.28659044,48.89643316],[2.28677313,48.89643874],[2.2868819,48.89646457],[2.28751508,48.89664281],[2.28837839,48.89684939],[2.28931237,48.89707527],[2.2898433,48.89645069],[2.2902589,48.89598101],[2.29051792,48.89569026],[2.29056095,48.89563566],[2.29082321,48.89530716],[2.29117793,48.89490007],[2.29196516,48.89398022],[2.29272748,48.8930845],[2.29330389,48.8924188],[2.2934498,48.89222001],[2.29283713,48.89163902],[2.29260024,48.8914074],[2.29226509,48.89107986],[2.29216413,48.89098214],[2.29174019,48.89056504],[2.29159485,48.89072246],[2.29133996,48.89101233],[2.29102159,48.89135669],[2.29056323,48.8918648],[2.2903098,48.89214658],[2.28988876,48.89261803],[2.28958823,48.8929526],[2.28920054,48.89337748],[2.28875468,48.89386676],[2.28833356,48.8943409],[2.28812857,48.89456991],[2.2879665,48.89475241],[2.28763938,48.89513448],[2.28703583,48.89588182],[2.2868763,48.89607693],[2.28673895,48.89624608],[2.28659044,48.89643316]]]},"properties":{"id":"LV5","nom":"Wilson-Rivay","commune":"92044","arr":null,"zone":null,"secteur":null}},{"type":"Feature","geometry":{"type":"Polygon","coordinates":[[[2.28074159,48.88913339],[2.28170248,48.88957084],[2.2823411,48.88984177],[2.28363834,48.89041792],[2.28435142,48.89073065],[2.28510044,48.89100852],[2.2857852,48.89129859],[2.28609713,48.89092903],[2.28638777,48.89062049],[2.28678254,48.89017678],[2.28709952,48.88983602],[2.28792637,48.88891013],[2.28837527,48.88839569],[2.28868818,48.8880522],[2.28711408,48.88727841],[2.28564162,48.88655466],[2.28445957,48.88563928],[2.28358832,48.88642099],[2.28336646,48.88668766],[2.28321947,48.88686395],[2.28157628,48.8883389],[2.28074159,48.88913339]]]},"properties":{"id":"LV6","nom":"Villiers-L. Michel","commune":"92044","arr":null,"zone":null,"secteur":null}},{"type":"Feature","geometry":{"type":"Polygon","coordinates":[[[2.2857852,48.89129859],[2.28674508,48.89171621],[2.28691586,48.89179457],[2.28769013,48.89212293],[2.28862417,48.89253768],[2.28904451,48.89271824],[2.28958823,48.8929526],[2.28988876,48.89261803],[2.2903098,48.89214658],[2.29056323,48.8918648],[2.29102159,48.89135669],[2.29133996,48.89101233],[2.29159485,48.89072246],[2.29174019,48.89056504],[2.29243987,48.8898605],[2.29257903,48.8897561],[2.29258869,48.88974807],[2.29274762,48.88959342],[2.29271087,48.88958871],[2.29177959,48.88947348],[2.29163391,48.88945554],[2.29114776,48.88930157],[2.29052922,48.88895616],[2.28868818,48.8880522],[2.28837527,48.88839569],[2.28792637,48.88891013],[2.28709952,48.88983602],[2.28678254,48.89017678],[2.28638777,48.89062049],[2.28609713,48.89092903],[2.2857852,48.89129859]]]},"properties":{"id":"LV7","nom":"Henri Barbusse","commune":"92044","arr":null,"zone":null,"secteur":null}},{"type":"Feature","geometry":{"type":"MultiPolygon","coordinates":[[[[2.27731439,48.90033367],[2.27937821,48.90082994],[2.28255457,48.90156846],[2.28305352,48.90070001],[2.28312857,48.90059884],[2.28321321,48.90049502],[2.28326185,48.90042966],[2.28334782,48.90032855],[2.28387095,48.89968417],[2.28394856,48.8995947],[2.28417468,48.89931996],[2.28453367,48.89890572],[2.2855528,48.89928952],[2.28616702,48.8984649],[2.28516513,48.89811809],[2.28396395,48.89768283],[2.28297721,48.89732709],[2.28193606,48.89696112],[2.28153854,48.89680675],[2.28098366,48.89659028],[2.27991586,48.89775838],[2.27965291,48.898032],[2.27920276,48.89852661],[2.27914879,48.89858205],[2.27914961,48.89862162],[2.27908748,48.89867521],[2.27900491,48.89872777],[2.27893195,48.8987759],[2.27888909,48.89881791],[2.27886259,48.89886001],[2.27882415,48.89887777],[2.27876227,48.89891337],[2.27872912,48.89894285],[2.27870418,48.89897148],[2.27869422,48.89900109],[2.27868142,48.89903879],[2.2787054,48.8990803],[2.2786116,48.89915528],[2.27854258,48.89921422],[2.27851772,48.89923655],[2.27849423,48.899258],[2.27846797,48.89928302],[2.27831189,48.89942327],[2.2781157,48.89960285],[2.27805492,48.89965735],[2.27791676,48.89978422],[2.27788223,48.89981459],[2.27779379,48.89989679],[2.27731439,48.90033367]]]]},"properties":{"id":"LV8","nom":"Georges Pompidou","commune":"92044","arr":null,"zone":null,"secteur":null}},{"type":"Feature","geometry":{"type":"MultiPolygon","coordinates":[[[[2.28312857,48.90059884],[2.28384014,48.90083242],[2.28430016,48.90100784],[2.28487899,48.901273],[2.28503073,48.90134855],[2.28508737,48.90139655],[2.28555758,48.90162509],[2.28564906,48.90151951],[2.2856505,48.90151412],[2.28568105,48.90147474],[2.28581439,48.90130106],[2.28617405,48.90083736],[2.28647819,48.90044347],[2.28703359,48.89973002],[2.28771559,48.89893548],[2.28899214,48.89745198],[2.28931237,48.89707527],[2.28837839,48.89684939],[2.28751508,48.89664281],[2.28616702,48.8984649],[2.2855528,48.89928952],[2.28453367,48.89890572],[2.28417468,48.89931996],[2.28394856,48.8995947],[2.28387095,48.89968417],[2.28334782,48.90032855],[2.28326185,48.90042966],[2.28321321,48.90049502],[2.28312857,48.90059884]]]]},"properties":{"id":"LV9","nom":"Front de Seine","commune":"92044","arr":null,"zone":null,"secteur":null}},{"type":"Feature","geometry":{"type":"MultiPolygon","coordinates":[[[[2.28255457,48.90156846],[2.28341146,48.90194861],[2.28427441,48.90228562],[2.28471267,48.90245731],[2.28542207,48.90275203],[2.28616086,48.90309278],[2.28720889,48.90356487],[2.28739473,48.90364151],[2.28846455,48.90302015],[2.28852917,48.90298276],[2.28860755,48.90293736],[2.28864192,48.90291778],[2.28869968,48.90288395],[2.28881656,48.9028163],[2.29285768,48.90046872],[2.29393274,48.89985363],[2.295254,48.89908709],[2.29581887,48.89877296],[2.29581751,48.89877295],[2.29547193,48.89860634],[2.29537425,48.89856709],[2.29517197,48.89849576],[2.29437547,48.89828782],[2.29376494,48.89814572],[2.2927982,48.89791879],[2.29197567,48.89772057],[2.29069088,48.8974117],[2.290559,48.89738034],[2.28931237,48.89707527],[2.28899214,48.89745198],[2.28771559,48.89893548],[2.28703359,48.89973002],[2.28647819,48.90044347],[2.28617405,48.90083736],[2.28581439,48.90130106],[2.28568105,48.90147474],[2.2856505,48.90151412],[2.28564906,48.90151951],[2.28555758,48.90162509],[2.28508737,48.90139655],[2.28503073,48.90134855],[2.28487899,48.901273],[2.28430016,48.90100784],[2.28384014,48.90083242],[2.28312857,48.90059884],[2.28305352,48.90070001],[2.28255457,48.90156846]]]]},"properties":{"id":"LV10","nom":"Maurice Ravel","commune":"92044","arr":null,"zone":null,"secteur":null}},{"type":"Feature","geometry":{"type":"MultiPolygon","coordinates":[[[[2.27106396,48.89839821],[2.27234892,48.89888357],[2.27365349,48.89933396],[2.27452531,48.89961443],[2.27553067,48.8999056],[2.27731439,48.90033367],[2.27779379,48.89989679],[2.27788223,48.89981459],[2.27791676,48.89978422],[2.27805492,48.89965735],[2.2781157,48.89960285],[2.27831189,48.89942327],[2.27846797,48.89928302],[2.27849423,48.899258],[2.27851772,48.89923655],[2.27854258,48.89921422],[2.2786116,48.89915528],[2.2787054,48.8990803],[2.27868142,48.89903879],[2.27869422,48.89900109],[2.27870418,48.89897148],[2.27872912,48.89894285],[2.27876227,48.89891337],[2.27882415,48.89887777],[2.27886259,48.89886001],[2.27888909,48.89881791],[2.27893195,48.8987759],[2.27900491,48.89872777],[2.27908748,48.89867521],[2.27914961,48.89862162],[2.27914879,48.89858205],[2.27920276,48.89852661],[2.27965291,48.898032],[2.27991586,48.89775838],[2.28098366,48.89659028],[2.28128572,48.89624855],[2.28136885,48.89615552],[2.28204778,48.89538797],[2.28093005,48.89494149],[2.27968232,48.89442768],[2.27892547,48.89412274],[2.27871656,48.89404145],[2.2782034,48.89386748],[2.27731679,48.89357795],[2.27706421,48.89349818],[2.27641967,48.89325956],[2.27625106,48.89341862],[2.2763646,48.89349216],[2.27639961,48.89352474],[2.27656638,48.89389088],[2.27673889,48.89433439],[2.27749184,48.89462492],[2.27817254,48.89491321],[2.27757285,48.8955688],[2.27723874,48.895958],[2.27721385,48.89598213],[2.27642854,48.89684074],[2.27621236,48.89708495],[2.2758009,48.89754202],[2.2757674,48.89759667],[2.27572165,48.89764946],[2.27570087,48.89767271],[2.27568977,48.89768613],[2.2755719,48.89782482],[2.27555384,48.89784809],[2.27554555,48.89785613],[2.27554417,48.89785703],[2.27553061,48.89785155],[2.27455657,48.89746883],[2.2739299,48.89721772],[2.2737144,48.89711929],[2.27362774,48.8970738],[2.27343553,48.89696741],[2.27321072,48.89685183],[2.27292122,48.8966801],[2.27284901,48.89667427],[2.27259183,48.89692362],[2.27160672,48.89782235],[2.27127419,48.89819175],[2.27106396,48.89839821]]]]},"properties":{"id":"LV11","nom":"Île de la Jatte-Square Baudin","commune":"92044","arr":null,"zone":null,"secteur":null}},{"type":"Feature","geometry":{"type":"MultiPolygon","coordinates":[[[[2.27284901,48.89667427],[2.27292122,48.8966801],[2.27321072,48.89685183],[2.27343553,48.89696741],[2.27362774,48.8970738],[2.2737144,48.89711929],[2.2739299,48.89721772],[2.27455657,48.89746883],[2.27553061,48.89785155],[2.27554417,48.89785703],[2.27554555,48.89785613],[2.27555384,48.89784809],[2.2755719,48.89782482],[2.27568977,48.89768613],[2.27570087,48.89767271],[2.27572165,48.89764946],[2.2757674,48.89759667],[2.2758009,48.89754202],[2.27621236,48.89708495],[2.27642854,48.89684074],[2.27721385,48.89598213],[2.27723874,48.895958],[2.27757285,48.8955688],[2.27817254,48.89491321],[2.27749184,48.89462492],[2.27673889,48.89433439],[2.27656638,48.89389088],[2.27639961,48.89352474],[2.2763646,48.89349216],[2.27625106,48.89341862],[2.27376318,48.89577329],[2.27330691,48.89621479],[2.27324447,48.89629086],[2.27313248,48.89639899],[2.27284901,48.89667427]]]]},"properties":{"id":"LV12","nom":"Villiers-Cerdan","commune":"92044","arr":null,"zone":null,"secteur":null}},{"type":"Feature","geometry":{"type":"MultiPolygon","coordinates":[[[[2.28098366,48.89659028],[2.28153854,48.89680675],[2.28193606,48.89696112],[2.28297721,48.89732709],[2.28396395,48.89768283],[2.28516513,48.89811809],[2.28616702,48.8984649],[2.28751508,48.89664281],[2.2868819,48.89646457],[2.28677313,48.89643874],[2.28659044,48.89643316],[2.28638202,48.89641303],[2.28511351,48.89641356],[2.28466728,48.89642888],[2.28449001,48.89642512],[2.28437178,48.89639384],[2.28398658,48.89623595],[2.28303081,48.89581205],[2.28204778,48.89538797],[2.28136885,48.89615552],[2.28128572,48.89624855],[2.28098366,48.89659028]]]]},"properties":{"id":"LV13","nom":"Square Girault","commune":"92044","arr":null,"zone":null,"secteur":null}},{"type":"Feature","geometry":{"type":"Polygon","coordinates":[[[2.28204112,48.90665194],[2.28231138,48.90683972],[2.28238286,48.90680057],[2.28366056,48.9060519],[2.28380634,48.90596643],[2.28420396,48.9057224],[2.284891,48.90526425],[2.28553003,48.9048247],[2.2857502,48.90468662],[2.28601687,48.90453982],[2.28612425,48.90446852],[2.28625644,48.90437937],[2.28630873,48.90434641],[2.28635966,48.90431344],[2.28644777,48.90425461],[2.28668729,48.90409775],[2.28739473,48.90364151],[2.28720889,48.90356487],[2.28616086,48.90309278],[2.28542207,48.90275203],[2.28471267,48.90245731],[2.28427441,48.90228562],[2.28351848,48.90299336],[2.28319632,48.9033071],[2.2830815,48.90342242],[2.28243038,48.90404625],[2.28216192,48.90432253],[2.28184541,48.9046201],[2.28166171,48.9044877],[2.28126823,48.90423443],[2.28106519,48.904119],[2.28087027,48.90400901],[2.2805627,48.90385698],[2.28034733,48.90374597],[2.28013319,48.90364486],[2.27959706,48.90413806],[2.27947503,48.90408426],[2.27895848,48.90454251],[2.27884895,48.9044726],[2.27831606,48.90492714],[2.27797905,48.90522638],[2.27775469,48.90536982],[2.27756075,48.90548376],[2.27714842,48.90570431],[2.2770742,48.90574433],[2.27695953,48.90584796],[2.27688493,48.90591496],[2.27652441,48.90623563],[2.27643319,48.90632052],[2.27637792,48.90637055],[2.27625872,48.90650562],[2.27619462,48.90660236],[2.27616387,48.90665524],[2.2761541,48.90667137],[2.27613681,48.90673691],[2.27613228,48.90686639],[2.27612988,48.90694101],[2.27574128,48.90692607],[2.2757265,48.90700782],[2.27514694,48.90757718],[2.27510674,48.9076228],[2.27504455,48.90767998],[2.27478207,48.90791492],[2.27460928,48.90807665],[2.27448796,48.90816674],[2.27435302,48.90825586],[2.27429532,48.90828429],[2.2726219,48.9076581],[2.27222293,48.90750549],[2.27211157,48.90746884],[2.2713991,48.90719921],[2.27038526,48.90682342],[2.26959543,48.90652633],[2.26879899,48.9062148],[2.26859138,48.9061353],[2.26815311,48.90596624],[2.26804985,48.90593594],[2.26795872,48.90591649],[2.26784841,48.90590323],[2.26773385,48.90590073],[2.26752615,48.90592464],[2.26703924,48.90601249],[2.26661317,48.90613939],[2.26655415,48.90616511],[2.26645642,48.90622656],[2.2663941,48.90629273],[2.26635399,48.90642828],[2.26616301,48.90691094],[2.26611611,48.90704466],[2.26610044,48.90709132],[2.26607114,48.90723414],[2.26604705,48.90729784],[2.26603034,48.90732202],[2.26600047,48.90740817],[2.26576407,48.90801556],[2.26568141,48.90826596],[2.26551662,48.908729],[2.26535181,48.90919294],[2.26498381,48.91022939],[2.26494365,48.91027141],[2.26504853,48.91028375],[2.26510156,48.91029666],[2.26544261,48.91039588],[2.26560974,48.91044457],[2.26609511,48.91056535],[2.26650791,48.91060835],[2.26670013,48.91061942],[2.26814126,48.91059316],[2.26882957,48.91044808],[2.26899396,48.91040052],[2.26911724,48.9103653],[2.26920334,48.91035503],[2.26933865,48.91033787],[2.27040925,48.91027065],[2.27215428,48.91017065],[2.27215125,48.91029024],[2.2721426,48.91032346],[2.27218914,48.91099553],[2.27224958,48.91174683],[2.27225406,48.911817],[2.2722651,48.91200323],[2.27226251,48.91209045],[2.27226545,48.9121732],[2.27227918,48.91226411],[2.27232995,48.91273207],[2.27242803,48.91284058],[2.27275123,48.91314561],[2.27279333,48.91315935],[2.27285397,48.91311656],[2.27293668,48.9130559],[2.27351861,48.91261607],[2.27466385,48.91179654],[2.27478238,48.91171093],[2.27512953,48.91147201],[2.27550702,48.9112099],[2.27617518,48.91074719],[2.27675349,48.91036758],[2.27725743,48.91003697],[2.27773642,48.9097341],[2.27781484,48.9096869],[2.27806604,48.90947888],[2.2780065,48.90944345],[2.27795506,48.90941436],[2.27787119,48.90936259],[2.27795778,48.90931635],[2.27822443,48.90917407],[2.27883096,48.90882339],[2.27887776,48.90879309],[2.27889705,48.90877972],[2.27936375,48.90847676],[2.28032604,48.90785123],[2.28066045,48.9076419],[2.28057551,48.90747052],[2.28059889,48.90745717],[2.28069923,48.90740291],[2.28115971,48.90715297],[2.28180872,48.90678544],[2.28184995,48.90676321],[2.28204112,48.90665194]]]},"properties":{"id":"AS1","nom":"Flachat – Becon","commune":"92004","arr":null,"zone":null,"secteur":null}},{"type":"Feature","geometry":{"type":"Polygon","coordinates":[[[2.27275123,48.91314561],[2.2728648,48.91322004],[2.27294049,48.91327176],[2.27304034,48.91335151],[2.27313889,48.91342675],[2.27336804,48.91362779],[2.273395,48.91365133],[2.27363912,48.91385516],[2.27370791,48.91391223],[2.27429039,48.91441128],[2.2743931,48.91448205],[2.27462412,48.91464712],[2.27484974,48.91480857],[2.27494298,48.91487388],[2.275124,48.91500448],[2.27557526,48.91532556],[2.27624672,48.91580626],[2.27636012,48.91589418],[2.27686823,48.91624977],[2.27715612,48.91644756],[2.27786554,48.91694826],[2.27796314,48.91699471],[2.27826314,48.91720516],[2.2786199,48.91745641],[2.27906248,48.9178161],[2.27912964,48.91789295],[2.2796451,48.91831243],[2.27996486,48.91857515],[2.28014027,48.91871829],[2.28045085,48.91895488],[2.28064943,48.91910086],[2.2807305,48.91905998],[2.28083326,48.91903002],[2.2809169,48.91900084],[2.28091818,48.91890822],[2.28091824,48.91890373],[2.28112404,48.91862618],[2.28116869,48.9185545],[2.28118696,48.91851594],[2.28125303,48.91837604],[2.28144091,48.91801205],[2.28155452,48.91778881],[2.28167092,48.91756108],[2.28185893,48.91718719],[2.28242999,48.91604849],[2.28278342,48.91535365],[2.28290836,48.91509989],[2.28292095,48.91507748],[2.28300502,48.91491701],[2.28307938,48.91476907],[2.28317479,48.91457808],[2.28354925,48.91384109],[2.28358142,48.91378373],[2.28360097,48.91375147],[2.2838125,48.91345057],[2.28400855,48.91318464],[2.28426982,48.91283817],[2.28440059,48.91265549],[2.28445367,48.91256588],[2.28458259,48.91241826],[2.2846257,48.91235916],[2.28480934,48.91210126],[2.28517096,48.9116007],[2.28536498,48.9112826],[2.28584818,48.91047161],[2.28602547,48.91017859],[2.28587845,48.91015433],[2.28485699,48.91002413],[2.28462685,48.90999218],[2.28425608,48.90996838],[2.28378859,48.90993321],[2.28300617,48.90988177],[2.28249756,48.90986073],[2.28208452,48.90983578],[2.28141518,48.90979579],[2.28116436,48.9097799],[2.28101306,48.90976999],[2.28075299,48.90973246],[2.27999048,48.90962266],[2.27928785,48.90952401],[2.27896101,48.90948067],[2.27869817,48.90944671],[2.27835076,48.90941135],[2.2782483,48.90942062],[2.27817529,48.90947144],[2.2781161,48.90950886],[2.27809849,48.90949976],[2.27806604,48.90947888],[2.27781484,48.9096869],[2.27773642,48.9097341],[2.27725743,48.91003697],[2.27675349,48.91036758],[2.27617518,48.91074719],[2.27550702,48.9112099],[2.27512953,48.91147201],[2.27478238,48.91171093],[2.27466385,48.91179654],[2.27351861,48.91261607],[2.27293668,48.9130559],[2.27285397,48.91311656],[2.27279333,48.91315935],[2.27275123,48.91314561]]]},"properties":{"id":"AS2","nom":"Magenta – Champs","commune":"92004","arr":null,"zone":null,"secteur":null}},{"type":"Feature","geometry":{"type":"Polygon","coordinates":[[[2.28629632,48.90972874],[2.28638681,48.90959708],[2.28674906,48.90904796],[2.28710439,48.90850509],[2.2872913,48.90820673],[2.28732755,48.90814939],[2.28734584,48.90810903],[2.28738446,48.90797886],[2.2874649,48.90798294],[2.28790427,48.9081771],[2.28858793,48.90846535],[2.28907768,48.90866791],[2.28946024,48.90882666],[2.2903474,48.90920063],[2.29162248,48.90974327],[2.2917173,48.9097933],[2.29228006,48.91014645],[2.29234768,48.91019002],[2.29278174,48.91047677],[2.29289141,48.91053857],[2.29298724,48.91061558],[2.29301262,48.91065529],[2.29305008,48.9108102],[2.29305988,48.91089209],[2.29318403,48.91089283],[2.29330111,48.9109115],[2.29344182,48.91099867],[2.29355119,48.91108295],[2.29356452,48.91110641],[2.29356008,48.91113156],[2.29354616,48.91115217],[2.29340987,48.91124219],[2.29374602,48.91140515],[2.29388975,48.91147075],[2.29435074,48.9116848],[2.29464894,48.91182955],[2.29473555,48.91188222],[2.29408832,48.91232177],[2.29404831,48.91235481],[2.29401191,48.91242294],[2.29383275,48.91285625],[2.29351921,48.9136404],[2.29352967,48.91367374],[2.29356423,48.91374139],[2.29371393,48.91407142],[2.29410672,48.91498923],[2.29399668,48.91505423],[2.29384162,48.91511897],[2.29345655,48.9152408],[2.29341955,48.91525227],[2.29274692,48.91544885],[2.29229616,48.91558468],[2.29193574,48.91569946],[2.29187682,48.9157171],[2.29136031,48.91587143],[2.2908246,48.91603283],[2.29063131,48.91609823],[2.29047109,48.91614045],[2.29022857,48.91621366],[2.28962436,48.91639444],[2.28919276,48.91652497],[2.28896394,48.91659376],[2.28826516,48.91680455],[2.28797752,48.91688468],[2.28573033,48.91756736],[2.28376263,48.91816535],[2.28319258,48.9183391],[2.28251435,48.91854008],[2.28163739,48.91880372],[2.28146763,48.91884407],[2.28136498,48.91886594],[2.28100057,48.91896987],[2.2809169,48.91900084],[2.28091818,48.91890822],[2.28091824,48.91890373],[2.28112404,48.91862618],[2.28116869,48.9185545],[2.28118696,48.91851594],[2.28125303,48.91837604],[2.28144091,48.91801205],[2.28155452,48.91778881],[2.28167092,48.91756108],[2.28185893,48.91718719],[2.28242999,48.91604849],[2.28278342,48.91535365],[2.28290836,48.91509989],[2.28292095,48.91507748],[2.28300502,48.91491701],[2.28307938,48.91476907],[2.28317479,48.91457808],[2.28354925,48.91384109],[2.28358142,48.91378373],[2.28360097,48.91375147],[2.2838125,48.91345057],[2.28400855,48.91318464],[2.28426982,48.91283817],[2.28440059,48.91265549],[2.28445367,48.91256588],[2.28458259,48.91241826],[2.2846257,48.91235916],[2.28480934,48.91210126],[2.28517096,48.9116007],[2.28536498,48.9112826],[2.28584818,48.91047161],[2.28602547,48.91017859],[2.28629632,48.90972874]]]},"properties":{"id":"AS3","nom":"Philosophes – Alma","commune":"92004","arr":null,"zone":null,"secteur":null}},{"type":"Feature","geometry":{"type":"Polygon","coordinates":[[[2.2874649,48.90798294],[2.28790427,48.9081771],[2.28858793,48.90846535],[2.28907768,48.90866791],[2.28946024,48.90882666],[2.2903474,48.90920063],[2.29162248,48.90974327],[2.2917173,48.9097933],[2.29228006,48.91014645],[2.29234768,48.91019002],[2.29278174,48.91047677],[2.29289141,48.91053857],[2.29298724,48.91061558],[2.29301262,48.91065529],[2.29305008,48.9108102],[2.29305988,48.91089209],[2.29318403,48.91089283],[2.29330111,48.9109115],[2.29344182,48.91099867],[2.29355119,48.91108295],[2.29356452,48.91110641],[2.29356008,48.91113156],[2.29354616,48.91115217],[2.29340987,48.91124219],[2.29374602,48.91140515],[2.29388975,48.91147075],[2.29435074,48.9116848],[2.29464894,48.91182955],[2.29473555,48.91188222],[2.29550397,48.91135795],[2.29570662,48.91120356],[2.2961995,48.91138002],[2.29649108,48.91060203],[2.29708864,48.91080608],[2.29732084,48.91088838],[2.29743084,48.9109259],[2.29746531,48.91089912],[2.29757784,48.9107496],[2.29746256,48.91069856],[2.29748348,48.91066541],[2.29749603,48.9106448],[2.29751819,48.91062065],[2.29755284,48.91058038],[2.29757087,48.9105589],[2.29765483,48.91050454],[2.29770785,48.91051834],[2.29784949,48.91033481],[2.29798134,48.91016921],[2.29799107,48.91015578],[2.29807992,48.91004209],[2.29838329,48.90980375],[2.29816606,48.90972423],[2.29682973,48.90906619],[2.29507098,48.90817003],[2.29500465,48.90813187],[2.29435257,48.90772604],[2.29402718,48.90747501],[2.29356736,48.90697678],[2.29318757,48.90661391],[2.29230652,48.90599268],[2.29207603,48.90588789],[2.29101466,48.90538699],[2.29034776,48.90507188],[2.28889748,48.90438159],[2.28864273,48.90425597],[2.28775664,48.90381094],[2.28739473,48.90364151],[2.28668729,48.90409775],[2.28644777,48.90425461],[2.28635966,48.90431344],[2.28630873,48.90434641],[2.28625644,48.90437937],[2.28612425,48.90446852],[2.28601687,48.90453982],[2.2857502,48.90468662],[2.28553003,48.9048247],[2.284891,48.90526425],[2.28420396,48.9057224],[2.28380634,48.90596643],[2.28366056,48.9060519],[2.28238286,48.90680057],[2.28231138,48.90683972],[2.28204112,48.90665194],[2.28184995,48.90676321],[2.28180872,48.90678544],[2.28115971,48.90715297],[2.28069923,48.90740291],[2.28059889,48.90745717],[2.28057551,48.90747052],[2.28066045,48.9076419],[2.28032604,48.90785123],[2.27936375,48.90847676],[2.27889705,48.90877972],[2.27887776,48.90879309],[2.27883096,48.90882339],[2.27822443,48.90917407],[2.27795778,48.90931635],[2.27787119,48.90936259],[2.27795506,48.90941436],[2.2780065,48.90944345],[2.27806604,48.90947888],[2.27809849,48.90949976],[2.2781161,48.90950886],[2.27817529,48.90947144],[2.2782483,48.90942062],[2.27835076,48.90941135],[2.27869817,48.90944671],[2.27896101,48.90948067],[2.27928785,48.90952401],[2.27999048,48.90962266],[2.28075299,48.90973246],[2.28101306,48.90976999],[2.28116436,48.9097799],[2.28141518,48.90979579],[2.28208452,48.90983578],[2.28249756,48.90986073],[2.28300617,48.90988177],[2.28378859,48.90993321],[2.28425608,48.90996838],[2.28462685,48.90999218],[2.28485699,48.91002413],[2.28587845,48.91015433],[2.28602547,48.91017859],[2.28629632,48.90972874],[2.28638681,48.90959708],[2.28674906,48.90904796],[2.28710439,48.90850509],[2.2872913,48.90820673],[2.28732755,48.90814939],[2.28734584,48.90810903],[2.28738446,48.90797886],[2.2874649,48.90798294]]]},"properties":{"id":"AS4","nom":"Mairie","commune":"92004","arr":null,"zone":null,"secteur":null}},{"type":"Feature","geometry":{"type":"Polygon","coordinates":[[[2.29136031,48.91587143],[2.29143817,48.91596542],[2.29150461,48.91599638],[2.29151003,48.91599911],[2.29197651,48.91621321],[2.29247678,48.91645088],[2.2933366,48.91683906],[2.29347629,48.91690194],[2.29241267,48.91755306],[2.29239063,48.91756822],[2.29230664,48.91762348],[2.29217049,48.91770181],[2.29189756,48.91790344],[2.29195021,48.91794512],[2.29204885,48.91801675],[2.29211657,48.91805402],[2.29214482,48.91808386],[2.29238832,48.91823998],[2.29286997,48.9185441],[2.2928808,48.91855045],[2.29392176,48.91916812],[2.29427093,48.91938152],[2.29502344,48.9198392],[2.2950993,48.91988011],[2.29524754,48.91991695],[2.29528542,48.91974001],[2.29530734,48.9195324],[2.29533265,48.91937607],[2.2953484,48.91922059],[2.2953932,48.91893577],[2.29541157,48.91878839],[2.29541792,48.91872188],[2.29546519,48.91835524],[2.29547139,48.91830042],[2.29549344,48.91808292],[2.29560272,48.91726789],[2.29565199,48.91705504],[2.29582695,48.91592384],[2.29583551,48.91579529],[2.29596985,48.91494264],[2.29597606,48.91488692],[2.29611525,48.91387691],[2.29622932,48.91311047],[2.29624017,48.91301431],[2.29626731,48.91282291],[2.29627782,48.91275193],[2.29633403,48.91273248],[2.2963835,48.91270669],[2.29695506,48.91291778],[2.29742338,48.9130959],[2.2977574,48.91321656],[2.2979189,48.91328046],[2.29801255,48.91331698],[2.29870847,48.91361603],[2.29892004,48.9137117],[2.29893088,48.91371716],[2.29904462,48.91378167],[2.29931866,48.91389929],[2.29963595,48.91404683],[2.30015233,48.91430525],[2.30052201,48.91451425],[2.30083893,48.91469057],[2.30115192,48.91485427],[2.30161444,48.91506021],[2.30173387,48.91510767],[2.30209338,48.91526265],[2.30234171,48.91536482],[2.302795,48.91554732],[2.3030801,48.9156551],[2.30332308,48.91574914],[2.30351178,48.91582128],[2.303748,48.91591078],[2.30388379,48.91596014],[2.30426124,48.91610082],[2.30447172,48.91617669],[2.30461294,48.91622877],[2.3049266,48.9163439],[2.30506779,48.91639778],[2.30523739,48.91646981],[2.30551432,48.91657663],[2.30561751,48.916615],[2.30573427,48.91665884],[2.30646217,48.91692026],[2.30656269,48.91695412],[2.30669171,48.91699983],[2.30697556,48.9171004],[2.30750118,48.9172842],[2.30772932,48.91736735],[2.30781083,48.9173939],[2.30819636,48.91754451],[2.30836739,48.91761205],[2.30866305,48.91774865],[2.30926901,48.91804892],[2.30960126,48.91820461],[2.3099634,48.91837037],[2.31011124,48.91843777],[2.31031633,48.91851],[2.31153068,48.91893066],[2.31226423,48.91918129],[2.31276824,48.91935145],[2.31307664,48.91945484],[2.31377893,48.91969718],[2.31398272,48.91976579],[2.31453026,48.91994699],[2.31461315,48.91997354],[2.31494876,48.92008338],[2.31501129,48.92010172],[2.31528736,48.92017345],[2.31568861,48.92027286],[2.31601097,48.92035294],[2.31675491,48.92054334],[2.31754488,48.92076188],[2.31776361,48.92083597],[2.31797264,48.92071395],[2.31820065,48.92060014],[2.31841759,48.92049885],[2.31903677,48.9202128],[2.31939239,48.92004575],[2.31952548,48.91998985],[2.320164,48.91968502],[2.32037823,48.91958191],[2.32073015,48.91938336],[2.32103813,48.91920615],[2.32120172,48.91911355],[2.32129788,48.91906463],[2.32135147,48.91903616],[2.3214174,48.91900325],[2.32148886,48.91896499],[2.32201531,48.9186712],[2.32154042,48.91825483],[2.32126969,48.91798261],[2.32115586,48.91781739],[2.32105297,48.91765044],[2.32019467,48.91639733],[2.31981862,48.91593745],[2.31884026,48.91562613],[2.31728811,48.91516225],[2.31635586,48.91487455],[2.31406081,48.91415188],[2.3137675,48.91404498],[2.31172857,48.913357],[2.31095543,48.91311424],[2.31051111,48.91297499],[2.30978772,48.91278826],[2.30914196,48.91261277],[2.30750938,48.91215639],[2.30422796,48.91154833],[2.30226789,48.91120238],[2.301275,48.91087015],[2.30061644,48.91063518],[2.30004087,48.91041868],[2.29925484,48.91012631],[2.29838329,48.90980375],[2.29807992,48.91004209],[2.29799107,48.91015578],[2.29798134,48.91016921],[2.29784949,48.91033481],[2.29770785,48.91051834],[2.29765483,48.91050454],[2.29757087,48.9105589],[2.29755284,48.91058038],[2.29751819,48.91062065],[2.29749603,48.9106448],[2.29748348,48.91066541],[2.29746256,48.91069856],[2.29757784,48.9107496],[2.29746531,48.91089912],[2.29743084,48.9109259],[2.29732084,48.91088838],[2.29708864,48.91080608],[2.29649108,48.91060203],[2.2961995,48.91138002],[2.29570662,48.91120356],[2.29550397,48.91135795],[2.29473555,48.91188222],[2.29408832,48.91232177],[2.29404831,48.91235481],[2.29401191,48.91242294],[2.29383275,48.91285625],[2.29351921,48.9136404],[2.29352967,48.91367374],[2.29356423,48.91374139],[2.29371393,48.91407142],[2.29410672,48.91498923],[2.29399668,48.91505423],[2.29384162,48.91511897],[2.29345655,48.9152408],[2.29341955,48.91525227],[2.29274692,48.91544885],[2.29229616,48.91558468],[2.29193574,48.91569946],[2.29187682,48.9157171],[2.29136031,48.91587143]]]},"properties":{"id":"AS5","nom":"Grésillons","commune":"92004","arr":null,"zone":null,"secteur":null}},{"type":"Feature","geometry":{"type":"Polygon","coordinates":[[[2.27999613,48.92598021],[2.28088064,48.92695677],[2.28095091,48.92710647],[2.28097872,48.92716779],[2.28115111,48.92753214],[2.28169328,48.92869369],[2.2817502,48.92882173],[2.28182718,48.92897957],[2.28190221,48.92917967],[2.28189115,48.92938824],[2.2818779,48.9294583],[2.28184237,48.92955971],[2.28198644,48.92960374],[2.28204769,48.9296158],[2.28222631,48.92962856],[2.2823611,48.92965275],[2.28284085,48.92980131],[2.28319146,48.92991132],[2.28339686,48.92996201],[2.28362934,48.93002815],[2.28380327,48.93008405],[2.28393677,48.93010283],[2.2842696,48.93021633],[2.28437034,48.93023582],[2.28436584,48.93006672],[2.28437928,48.92938693],[2.28440104,48.92929354],[2.28440152,48.92925847],[2.28440395,48.92918114],[2.28443297,48.92826223],[2.28446016,48.92737659],[2.28447341,48.92700885],[2.28449394,48.92630932],[2.28450338,48.92611962],[2.28497415,48.92533015],[2.28562133,48.92411635],[2.2862797,48.92288014],[2.28594809,48.92268031],[2.28617643,48.92244965],[2.28630655,48.92231553],[2.28645747,48.92215726],[2.28657932,48.92202848],[2.28680772,48.92179243],[2.28750106,48.92118772],[2.28836145,48.92044012],[2.28895755,48.91995803],[2.28992907,48.91916341],[2.29012211,48.91901707],[2.29024895,48.91892159],[2.29044185,48.91878514],[2.29051629,48.91872983],[2.29150002,48.91813761],[2.29177913,48.91798278],[2.29189756,48.91790344],[2.29217049,48.91770181],[2.29230664,48.91762348],[2.29239063,48.91756822],[2.29241267,48.91755306],[2.29347629,48.91690194],[2.2933366,48.91683906],[2.29247678,48.91645088],[2.29197651,48.91621321],[2.29151003,48.91599911],[2.29150461,48.91599638],[2.29143817,48.91596542],[2.29136031,48.91587143],[2.2908246,48.91603283],[2.29063131,48.91609823],[2.29047109,48.91614045],[2.29022857,48.91621366],[2.28962436,48.91639444],[2.28919276,48.91652497],[2.28896394,48.91659376],[2.28826516,48.91680455],[2.28797752,48.91688468],[2.28573033,48.91756736],[2.28376263,48.91816535],[2.28319258,48.9183391],[2.28251435,48.91854008],[2.28163739,48.91880372],[2.28146763,48.91884407],[2.28136498,48.91886594],[2.28100057,48.91896987],[2.2809169,48.91900084],[2.28083326,48.91903002],[2.2807305,48.91905998],[2.28064943,48.91910086],[2.2805627,48.9191561],[2.28039822,48.91930709],[2.28034445,48.91934724],[2.28000426,48.91967254],[2.27998075,48.91969488],[2.27970421,48.91995672],[2.27955901,48.92009524],[2.27940273,48.92024538],[2.27924237,48.9203946],[2.27914827,48.92048846],[2.27878724,48.92083972],[2.27871396,48.92090852],[2.27845,48.92114795],[2.27834216,48.92124892],[2.27810171,48.9214651],[2.27802174,48.92152397],[2.27796789,48.92156951],[2.27757446,48.92189449],[2.27727497,48.92213639],[2.2771563,48.92223011],[2.27679762,48.92250852],[2.27657669,48.92269425],[2.27666154,48.9227757],[2.27720078,48.92325288],[2.27743005,48.92344942],[2.27751364,48.92352276],[2.27761612,48.92361151],[2.27839907,48.92432848],[2.27846627,48.9243046],[2.27901213,48.92489783],[2.27929038,48.92520437],[2.27930517,48.92522064],[2.27959413,48.92554253],[2.27963179,48.92558233],[2.27999613,48.92598021]]]},"properties":{"id":"AS6","nom":"Renoir – Métro","commune":"92004","arr":null,"zone":null,"secteur":null}},{"type":"Feature","geometry":{"type":"Polygon","coordinates":[[[2.27625487,48.93356754],[2.27653466,48.93356923],[2.27688833,48.93355877],[2.27763145,48.93351739],[2.27836456,48.93340939],[2.27879837,48.93332837],[2.27928755,48.93329084],[2.28103102,48.9330621],[2.28120802,48.93299572],[2.28165928,48.93273763],[2.28228206,48.93231509],[2.28246761,48.93222178],[2.28263789,48.93214726],[2.2828645,48.93204609],[2.2831117,48.93193606],[2.28334495,48.9317486],[2.28367022,48.93112374],[2.28407322,48.93060186],[2.28428025,48.9303351],[2.28437034,48.93023582],[2.2842696,48.93021633],[2.28393677,48.93010283],[2.28380327,48.93008405],[2.28362934,48.93002815],[2.28339686,48.92996201],[2.28319146,48.92991132],[2.28284085,48.92980131],[2.2823611,48.92965275],[2.28222631,48.92962856],[2.28204769,48.9296158],[2.28198644,48.92960374],[2.28184237,48.92955971],[2.2818779,48.9294583],[2.28189115,48.92938824],[2.28190221,48.92917967],[2.28182718,48.92897957],[2.2817502,48.92882173],[2.28169328,48.92869369],[2.28115111,48.92753214],[2.28097872,48.92716779],[2.28095091,48.92710647],[2.28088064,48.92695677],[2.27999613,48.92598021],[2.27963179,48.92558233],[2.27959413,48.92554253],[2.27930517,48.92522064],[2.27929038,48.92520437],[2.27901213,48.92489783],[2.27846627,48.9243046],[2.27839907,48.92432848],[2.27761612,48.92361151],[2.27751364,48.92352276],[2.27743005,48.92344942],[2.27720078,48.92325288],[2.27666154,48.9227757],[2.27657669,48.92269425],[2.27621236,48.92298612],[2.27614888,48.923037],[2.27605475,48.92313265],[2.27597698,48.92322931],[2.27524406,48.92421501],[2.27522599,48.92423828],[2.27511316,48.92440307],[2.27466017,48.92498308],[2.27466685,48.92499391],[2.27428739,48.92548713],[2.27396867,48.92593125],[2.27370855,48.9262831],[2.2735319,48.92652125],[2.27339812,48.92671918],[2.27331989,48.9268482],[2.27325046,48.92693322],[2.2731032,48.92711848],[2.27292707,48.92731885],[2.27286773,48.92736616],[2.27267653,48.92747291],[2.27258733,48.92750744],[2.2718112,48.92776892],[2.2723929,48.92852877],[2.27239398,48.92854856],[2.2724897,48.92951229],[2.27263308,48.93077578],[2.27281578,48.93225443],[2.27274054,48.93226657],[2.27299942,48.93356942],[2.27303935,48.93383765],[2.27318064,48.93378725],[2.27332975,48.93366585],[2.27374676,48.93342107],[2.27403479,48.93332119],[2.2743877,48.93326757],[2.27462818,48.93324925],[2.27487713,48.93330921],[2.27566004,48.93354686],[2.27597644,48.93356586],[2.27625487,48.93356754]]]},"properties":{"id":"AS7","nom":"Nord – Argenteuil","commune":"92004","arr":null,"zone":null,"secteur":null}},{"type":"Feature","geometry":{"type":"MultiPolygon","coordinates":[[[[2.26774978,48.92503548],[2.26793071,48.92507705],[2.26815645,48.92513419],[2.26834392,48.92519558],[2.27051202,48.92591116],[2.27073065,48.92598893],[2.27271681,48.9266413],[2.27319489,48.92680788],[2.27331989,48.9268482],[2.27339812,48.92671918],[2.2735319,48.92652125],[2.27370855,48.9262831],[2.27396867,48.92593125],[2.27428739,48.92548713],[2.27466685,48.92499391],[2.27466017,48.92498308],[2.27511316,48.92440307],[2.27522599,48.92423828],[2.27524406,48.92421501],[2.27597698,48.92322931],[2.27605475,48.92313265],[2.27614888,48.923037],[2.27621236,48.92298612],[2.27613349,48.92296586],[2.27606258,48.92296183],[2.27598333,48.92296945],[2.27511394,48.92317103],[2.27479641,48.92323746],[2.27460754,48.92327678],[2.27416823,48.92336585],[2.27342518,48.92351063],[2.2732089,48.92355788],[2.27310616,48.92358514],[2.27280018,48.92370379],[2.2727001,48.92373645],[2.27184698,48.92404153],[2.27157403,48.9241397],[2.27127504,48.9242458],[2.27084435,48.92440055],[2.27049047,48.9245279],[2.27019488,48.92458545],[2.26996911,48.92462724],[2.2697871,48.92466301],[2.26803009,48.92499762],[2.26774978,48.92503548]]]]},"properties":{"id":"BC1","nom":"Lépine-Binet","commune":"92009","arr":null,"zone":null,"secteur":null}},{"type":"Feature","geometry":{"type":"MultiPolygon","coordinates":[[[[2.26864128,48.92297342],[2.26950088,48.92424758],[2.2697871,48.92466301],[2.26996911,48.92462724],[2.27019488,48.92458545],[2.27049047,48.9245279],[2.27084435,48.92440055],[2.27127504,48.9242458],[2.27157403,48.9241397],[2.27184698,48.92404153],[2.2727001,48.92373645],[2.27280018,48.92370379],[2.27310616,48.92358514],[2.2732089,48.92355788],[2.27342518,48.92351063],[2.27416823,48.92336585],[2.27460754,48.92327678],[2.27479641,48.92323746],[2.27511394,48.92317103],[2.27598333,48.92296945],[2.27511581,48.92166561],[2.27479375,48.92117623],[2.27458499,48.9208809],[2.27465501,48.92084984],[2.2745826,48.92075858],[2.27418802,48.92018603],[2.27396464,48.92025392],[2.27362204,48.92035796],[2.27351368,48.92039777],[2.27303892,48.92058375],[2.2723126,48.92090129],[2.2722465,48.92094406],[2.27216254,48.92099481],[2.27209667,48.92102138],[2.27153181,48.9212095],[2.27160876,48.92126933],[2.27212268,48.92199099],[2.27189533,48.92204987],[2.27181876,48.92206019],[2.27178639,48.92213014],[2.27175746,48.92214975],[2.27162452,48.92219031],[2.27135333,48.92226061],[2.27116431,48.92231072],[2.27072327,48.92242584],[2.270359,48.92251625],[2.27019459,48.92256292],[2.27013705,48.92257875],[2.26960423,48.9227185],[2.26882072,48.92292595],[2.26864128,48.92297342]]]]},"properties":{"id":"BC2","nom":"Glatz-Mivière","commune":"92009","arr":null,"zone":null,"secteur":null}},{"type":"Feature","geometry":{"type":"MultiPolygon","coordinates":[[[[2.27418802,48.92018603],[2.2745826,48.92075858],[2.27465501,48.92084984],[2.27458499,48.9208809],[2.27479375,48.92117623],[2.27511581,48.92166561],[2.27598333,48.92296945],[2.27606258,48.92296183],[2.27613349,48.92296586],[2.27621236,48.92298612],[2.27657669,48.92269425],[2.27679762,48.92250852],[2.2771563,48.92223011],[2.27727497,48.92213639],[2.27757446,48.92189449],[2.27796789,48.92156951],[2.27802174,48.92152397],[2.27810171,48.9214651],[2.27834216,48.92124892],[2.27845,48.92114795],[2.27871396,48.92090852],[2.27878724,48.92083972],[2.27914827,48.92048846],[2.27924237,48.9203946],[2.27940273,48.92024538],[2.27955901,48.92009524],[2.27970421,48.91995672],[2.27998075,48.91969488],[2.28000426,48.91967254],[2.28034445,48.91934724],[2.28039822,48.91930709],[2.2805627,48.9191561],[2.28064943,48.91910086],[2.28045085,48.91895488],[2.28014027,48.91871829],[2.27996486,48.91857515],[2.2796451,48.91831243],[2.27912964,48.91789295],[2.27906248,48.9178161],[2.2786199,48.91745641],[2.27826314,48.91720516],[2.27796314,48.91699471],[2.27786554,48.91694826],[2.27770774,48.91701116],[2.27735471,48.9171808],[2.27694385,48.91738696],[2.27664015,48.9175407],[2.27630073,48.91771132],[2.27581156,48.91795567],[2.27539106,48.91816717],[2.27512042,48.91829773],[2.27507097,48.91832171],[2.27511958,48.91835798],[2.27523033,48.91844048],[2.27557426,48.91873034],[2.27622422,48.91928824],[2.27631189,48.91936252],[2.27511794,48.91984722],[2.27492308,48.91992518],[2.27450734,48.92008814],[2.27448268,48.92009518],[2.27418802,48.92018603]]]]},"properties":{"id":"BC3","nom":"Guyot-de Gaulle","commune":"92009","arr":null,"zone":null,"secteur":null}},{"type":"Feature","geometry":{"type":"MultiPolygon","coordinates":[[[[2.27080468,48.92012232],[2.27081368,48.92016194],[2.27082547,48.92019708],[2.27085733,48.92026023],[2.27087888,48.92028105],[2.27096327,48.92039397],[2.27106234,48.92053037],[2.27109722,48.92057285],[2.27111056,48.92059451],[2.27128872,48.92083302],[2.27136497,48.9209423],[2.27150948,48.92114732],[2.27153181,48.9212095],[2.27209667,48.92102138],[2.27216254,48.92099481],[2.2722465,48.92094406],[2.2723126,48.92090129],[2.27303892,48.92058375],[2.27351368,48.92039777],[2.27362204,48.92035796],[2.27396464,48.92025392],[2.27418802,48.92018603],[2.27448268,48.92009518],[2.27450734,48.92008814],[2.27492308,48.91992518],[2.27511794,48.91984722],[2.27631189,48.91936252],[2.27622422,48.91928824],[2.27557426,48.91873034],[2.27523033,48.91844048],[2.27511958,48.91835798],[2.27507097,48.91832171],[2.27512042,48.91829773],[2.27539106,48.91816717],[2.27581156,48.91795567],[2.27630073,48.91771132],[2.27664015,48.9175407],[2.27694385,48.91738696],[2.27735471,48.9171808],[2.27770774,48.91701116],[2.27786554,48.91694826],[2.27715612,48.91644756],[2.27686823,48.91624977],[2.27636012,48.91589418],[2.27624672,48.91580626],[2.27574225,48.91597408],[2.27548995,48.91606248],[2.27528157,48.91613317],[2.27512253,48.91618706],[2.27488946,48.91626659],[2.27456316,48.91637793],[2.2741573,48.91651846],[2.27379806,48.91664309],[2.27343474,48.91676679],[2.27302068,48.91690816],[2.27278071,48.91699214],[2.27220762,48.91718651],[2.27211578,48.91721653],[2.27184262,48.91733178],[2.27143458,48.91752984],[2.27280799,48.91884848],[2.27315393,48.91918872],[2.27307711,48.91921793],[2.27269706,48.91936491],[2.27206597,48.91960659],[2.27195209,48.91965086],[2.27136075,48.91987929],[2.27106722,48.91998722],[2.27084495,48.9200731],[2.27080468,48.92012232]]]]},"properties":{"id":"BC4","nom":"Chefson-de Gaulle","commune":"92009","arr":null,"zone":null,"secteur":null}},{"type":"Feature","geometry":{"type":"MultiPolygon","coordinates":[[[[2.2696562,48.91707116],[2.27031302,48.91752392],[2.27078751,48.91784247],[2.27089466,48.91779096],[2.27143458,48.91752984],[2.27184262,48.91733178],[2.27211578,48.91721653],[2.27220762,48.91718651],[2.27278071,48.91699214],[2.27302068,48.91690816],[2.27343474,48.91676679],[2.27379806,48.91664309],[2.2741573,48.91651846],[2.27456316,48.91637793],[2.27488946,48.91626659],[2.27512253,48.91618706],[2.27528157,48.91613317],[2.27548995,48.91606248],[2.27574225,48.91597408],[2.27624672,48.91580626],[2.27557526,48.91532556],[2.275124,48.91500448],[2.27494298,48.91487388],[2.27484974,48.91480857],[2.27462412,48.91464712],[2.2743931,48.91448205],[2.27429039,48.91441128],[2.27346959,48.91485686],[2.27308473,48.91505777],[2.27266536,48.91528725],[2.27252375,48.91536373],[2.27238075,48.915442],[2.27206729,48.91561007],[2.27173847,48.91580412],[2.27143995,48.91597677],[2.27083437,48.9163481],[2.2696562,48.91707116]]]]},"properties":{"id":"BC5","nom":"Paix-Estienne d'Orves","commune":"92009","arr":null,"zone":null,"secteur":null}},{"type":"Feature","geometry":{"type":"MultiPolygon","coordinates":[[[[2.26461321,48.91917437],[2.26521319,48.92036514],[2.26715896,48.91950473],[2.2678895,48.92063423],[2.26827701,48.92121935],[2.26831292,48.92128612],[2.26794588,48.9213801],[2.26882072,48.92292595],[2.26960423,48.9227185],[2.27013705,48.92257875],[2.27019459,48.92256292],[2.270359,48.92251625],[2.27072327,48.92242584],[2.27116431,48.92231072],[2.27135333,48.92226061],[2.27162452,48.92219031],[2.27175746,48.92214975],[2.27178639,48.92213014],[2.27181876,48.92206019],[2.27189533,48.92204987],[2.27212268,48.92199099],[2.27160876,48.92126933],[2.27153181,48.9212095],[2.27150948,48.92114732],[2.27136497,48.9209423],[2.27128872,48.92083302],[2.27111056,48.92059451],[2.27109722,48.92057285],[2.27106234,48.92053037],[2.27096327,48.92039397],[2.27087888,48.92028105],[2.27085733,48.92026023],[2.27082547,48.92019708],[2.27081368,48.92016194],[2.27080468,48.92012232],[2.27084495,48.9200731],[2.27106722,48.91998722],[2.27136075,48.91987929],[2.27195209,48.91965086],[2.27206597,48.91960659],[2.27269706,48.91936491],[2.27307711,48.91921793],[2.27315393,48.91918872],[2.27280799,48.91884848],[2.27143458,48.91752984],[2.27089466,48.91779096],[2.27078751,48.91784247],[2.27031302,48.91752392],[2.2696562,48.91707116],[2.26940989,48.91721805],[2.26914014,48.91738187],[2.26861356,48.91766374],[2.26786408,48.91807644],[2.26717782,48.91845625],[2.26679559,48.91866075],[2.26668323,48.91849999],[2.26635149,48.91802672],[2.26633672,48.91800954],[2.26630456,48.91796798],[2.26613916,48.91808567],[2.26462424,48.91916635],[2.26461321,48.91917437]]]]},"properties":{"id":"BC6","nom":"Hugo-Bel-Air","commune":"92009","arr":null,"zone":null,"secteur":null}},{"type":"Feature","geometry":{"type":"MultiPolygon","coordinates":[[[[2.26234855,48.91788433],[2.26235246,48.91789695],[2.26240028,48.9180852],[2.26255732,48.9185583],[2.26239131,48.91881448],[2.26250817,48.9189456],[2.26288029,48.919456],[2.26291086,48.91951374],[2.26310716,48.92000957],[2.26318487,48.9202079],[2.26461321,48.91917437],[2.26462424,48.91916635],[2.26613916,48.91808567],[2.26630456,48.91796798],[2.26633672,48.91800954],[2.26635149,48.91802672],[2.26668323,48.91849999],[2.26679559,48.91866075],[2.26717782,48.91845625],[2.26786408,48.91807644],[2.26861356,48.91766374],[2.26914014,48.91738187],[2.26940989,48.91721805],[2.2696562,48.91707116],[2.27083437,48.9163481],[2.27143995,48.91597677],[2.27173847,48.91580412],[2.27170084,48.91576252],[2.27098795,48.9152231],[2.27075816,48.91506791],[2.27073652,48.91505429],[2.27070404,48.91503521],[2.27058905,48.91496436],[2.27047136,48.9148917],[2.27041724,48.914859],[2.2703956,48.91484538],[2.27005805,48.91507714],[2.26971646,48.91530528],[2.26966967,48.91533377],[2.26946222,48.91543413],[2.26909416,48.91560366],[2.26873166,48.91576602],[2.26855593,48.91584229],[2.26796255,48.91612104],[2.26764967,48.91624683],[2.26687609,48.91653078],[2.26667025,48.91661316],[2.26638483,48.91672652],[2.26600336,48.91687797],[2.2656024,48.91705627],[2.26549932,48.9171087],[2.26542859,48.91709298],[2.26531921,48.9171085],[2.26455502,48.91730525],[2.26381398,48.91750484],[2.26234855,48.91788433]]]]},"properties":{"id":"BC7","nom":"Verdun-Leconte","commune":"92009","arr":null,"zone":null,"secteur":null}},{"type":"Feature","geometry":{"type":"MultiPolygon","coordinates":[[[[2.26541307,48.91345607],[2.26542953,48.9135461],[2.26543326,48.9135722],[2.26544586,48.91364602],[2.26548938,48.91384953],[2.2656534,48.91382896],[2.26620596,48.91373522],[2.26634547,48.91371089],[2.26639199,48.91370218],[2.26711008,48.91357708],[2.26778591,48.91344901],[2.2679527,48.91342575],[2.26810324,48.91339339],[2.26842047,48.91334497],[2.26876488,48.91417804],[2.26881886,48.91431776],[2.26903284,48.9145295],[2.26971646,48.91530528],[2.27005805,48.91507714],[2.2703956,48.91484538],[2.27041724,48.914859],[2.27047136,48.9148917],[2.27058905,48.91496436],[2.27070404,48.91503521],[2.27073652,48.91505429],[2.27075816,48.91506791],[2.27098795,48.9152231],[2.27170084,48.91576252],[2.27173847,48.91580412],[2.27206729,48.91561007],[2.27238075,48.915442],[2.27252375,48.91536373],[2.27266536,48.91528725],[2.27308473,48.91505777],[2.27346959,48.91485686],[2.27429039,48.91441128],[2.27370791,48.91391223],[2.27363912,48.91385516],[2.273395,48.91365133],[2.27336804,48.91362779],[2.27313889,48.91342675],[2.27304034,48.91335151],[2.27294049,48.91327176],[2.2728648,48.91322004],[2.27275123,48.91314561],[2.27242803,48.91284058],[2.27232995,48.91273207],[2.27227918,48.91226411],[2.27226545,48.9121732],[2.27226251,48.91209045],[2.2722651,48.91200323],[2.27225406,48.911817],[2.27224958,48.91174683],[2.27135184,48.91203725],[2.27026667,48.91236339],[2.26996526,48.91245148],[2.26945298,48.91259315],[2.2690477,48.9126941],[2.26895187,48.91271689],[2.26843847,48.91284146],[2.26826736,48.91288089],[2.26791149,48.91296055],[2.26785819,48.91296652],[2.26772991,48.91296843],[2.26768891,48.91297358],[2.26762564,48.91300916],[2.26757216,48.91302862],[2.26637105,48.9132515],[2.26628895,48.91326808],[2.26557647,48.91338242],[2.2654194,48.91339405],[2.26541307,48.91345607]]]]},"properties":{"id":"BC8","nom":"Déroulède-Leclerc-Albert","commune":"92009","arr":null,"zone":null,"secteur":null}},{"type":"Feature","geometry":{"type":"MultiPolygon","coordinates":[[[[2.2615512,48.91387748],[2.26158196,48.91401707],[2.26162255,48.91413782],[2.26166151,48.91437279],[2.26174918,48.91598399],[2.26178942,48.91651394],[2.26182242,48.91668861],[2.2618991,48.91695797],[2.26195179,48.9170914],[2.26206471,48.91730793],[2.26206737,48.91731244],[2.26220291,48.91756958],[2.26233671,48.91785278],[2.26234855,48.91788433],[2.26381398,48.91750484],[2.26455502,48.91730525],[2.26531921,48.9171085],[2.26542859,48.91709298],[2.26549932,48.9171087],[2.2656024,48.91705627],[2.26600336,48.91687797],[2.26638483,48.91672652],[2.26667025,48.91661316],[2.26687609,48.91653078],[2.26764967,48.91624683],[2.26796255,48.91612104],[2.26855593,48.91584229],[2.26873166,48.91576602],[2.26909416,48.91560366],[2.26946222,48.91543413],[2.26966967,48.91533377],[2.26971646,48.91530528],[2.26903284,48.9145295],[2.26881886,48.91431776],[2.26876488,48.91417804],[2.26842047,48.91334497],[2.26810324,48.91339339],[2.2679527,48.91342575],[2.26778591,48.91344901],[2.26711008,48.91357708],[2.26639199,48.91370218],[2.26634547,48.91371089],[2.26620596,48.91373522],[2.2656534,48.91382896],[2.26548938,48.91384953],[2.26544586,48.91364602],[2.26543326,48.9135722],[2.26542953,48.9135461],[2.26541307,48.91345607],[2.2654194,48.91339405],[2.26518415,48.91343398],[2.26482868,48.91348486],[2.26455387,48.91352454],[2.26390471,48.91359879],[2.26333771,48.91365286],[2.26288134,48.91369862],[2.26248099,48.91373842],[2.26173434,48.91385613],[2.2615512,48.91387748]]]]},"properties":{"id":"BC9","nom":"Duflos-Géraldy","commune":"92009","arr":null,"zone":null,"secteur":null}},{"type":"Feature","geometry":{"type":"MultiPolygon","coordinates":[[[[2.26474845,48.91047166],[2.26474798,48.91050493],[2.26507731,48.91201421],[2.26523159,48.91200706],[2.26532207,48.91245997],[2.26537814,48.91283712],[2.26541987,48.91316743],[2.2654194,48.91339405],[2.26557647,48.91338242],[2.26628895,48.91326808],[2.26637105,48.9132515],[2.26757216,48.91302862],[2.26762564,48.91300916],[2.26768891,48.91297358],[2.26772991,48.91296843],[2.26785819,48.91296652],[2.26791149,48.91296055],[2.26826736,48.91288089],[2.26843847,48.91284146],[2.26895187,48.91271689],[2.2690477,48.9126941],[2.26945298,48.91259315],[2.26996526,48.91245148],[2.27026667,48.91236339],[2.27135184,48.91203725],[2.27224958,48.91174683],[2.27218914,48.91099553],[2.2721426,48.91032346],[2.27215125,48.91029024],[2.27215428,48.91017065],[2.27040925,48.91027065],[2.26933865,48.91033787],[2.26920334,48.91035503],[2.26911724,48.9103653],[2.26899396,48.91040052],[2.26882957,48.91044808],[2.26814126,48.91059316],[2.26670013,48.91061942],[2.26650791,48.91060835],[2.26609511,48.91056535],[2.26560974,48.91044457],[2.26544261,48.91039588],[2.26510156,48.91029666],[2.26504853,48.91028375],[2.26494365,48.91027141],[2.26486024,48.91038152],[2.26477753,48.91044126],[2.26474845,48.91047166]]]]},"properties":{"id":"BC10","nom":"Jaurès-Vaudreuil","commune":"92009","arr":null,"zone":null,"secteur":null}},{"type":"Feature","geometry":{"type":"MultiPolygon","coordinates":[[[[2.25741193,48.91355872],[2.25747685,48.91388557],[2.25873697,48.91392935],[2.25929094,48.91392918],[2.26067067,48.91390982],[2.2615512,48.91387748],[2.26173434,48.91385613],[2.26248099,48.91373842],[2.26288134,48.91369862],[2.26333771,48.91365286],[2.26390471,48.91359879],[2.26455387,48.91352454],[2.26482868,48.91348486],[2.26518415,48.91343398],[2.2654194,48.91339405],[2.26541987,48.91316743],[2.26537814,48.91283712],[2.26532207,48.91245997],[2.26523159,48.91200706],[2.26507731,48.91201421],[2.26474798,48.91050493],[2.26474845,48.91047166],[2.26477753,48.91044126],[2.26486024,48.91038152],[2.26494365,48.91027141],[2.26475047,48.91023245],[2.26463599,48.91022366],[2.26451054,48.91021839],[2.26349186,48.91028048],[2.26340307,48.91028803],[2.2634017,48.91028802],[2.26329016,48.91055353],[2.26310768,48.91091483],[2.26293046,48.91119343],[2.26272906,48.9114449],[2.26244679,48.91172285],[2.26216247,48.91195222],[2.26214729,48.91196472],[2.26196136,48.91208678],[2.26188009,48.91214114],[2.26173118,48.91225083],[2.26150183,48.91235644],[2.26148022,48.91234102],[2.26145455,48.91232287],[2.26133832,48.91224482],[2.26123173,48.91216052],[2.2611584,48.91165555],[2.26105327,48.91127629],[2.26084397,48.91054656],[2.25980272,48.91065974],[2.25981589,48.91078842],[2.25987924,48.91122678],[2.25987243,48.91132206],[2.25922665,48.91135225],[2.25897937,48.911375],[2.25867865,48.91141451],[2.25872451,48.91202632],[2.25879934,48.91280739],[2.25787035,48.91289067],[2.25775261,48.91291872],[2.25791603,48.91341885],[2.2579355,48.91348912],[2.25741193,48.91355872]]]]},"properties":{"id":"BC11","nom":"Jaurès-Litolff","commune":"92009","arr":null,"zone":null,"secteur":null}},{"type":"Feature","geometry":{"type":"MultiPolygon","coordinates":[[[[2.25704398,48.91094663],[2.25767119,48.91087857],[2.25774011,48.91149952],[2.25787035,48.91289067],[2.25879934,48.91280739],[2.25872451,48.91202632],[2.25867865,48.91141451],[2.25897937,48.911375],[2.25922665,48.91135225],[2.25987243,48.91132206],[2.25987924,48.91122678],[2.25981589,48.91078842],[2.25980272,48.91065974],[2.26084397,48.91054656],[2.26105327,48.91127629],[2.2611584,48.91165555],[2.26123173,48.91216052],[2.26133832,48.91224482],[2.26145455,48.91232287],[2.26148022,48.91234102],[2.26150183,48.91235644],[2.26173118,48.91225083],[2.26188009,48.91214114],[2.26196136,48.91208678],[2.26214729,48.91196472],[2.26216247,48.91195222],[2.26244679,48.91172285],[2.26272906,48.9114449],[2.26293046,48.91119343],[2.26310768,48.91091483],[2.26329016,48.91055353],[2.2634017,48.91028802],[2.26340307,48.91028803],[2.26349186,48.91028048],[2.26451054,48.91021839],[2.26463599,48.91022366],[2.26475047,48.91023245],[2.26494365,48.91027141],[2.26498381,48.91022939],[2.26535181,48.90919294],[2.26551662,48.908729],[2.26568141,48.90826596],[2.26576407,48.90801556],[2.26600047,48.90740817],[2.26603034,48.90732202],[2.26604705,48.90729784],[2.26607114,48.90723414],[2.26610044,48.90709132],[2.26611611,48.90704466],[2.26616301,48.90691094],[2.26635399,48.90642828],[2.2663941,48.90629273],[2.26645481,48.90614741],[2.26659936,48.90566716],[2.26672531,48.90534598],[2.26679664,48.90522141],[2.26700107,48.90465429],[2.26698478,48.90464879],[2.26325519,48.90338574],[2.26324678,48.90340188],[2.26305446,48.90378471],[2.2625816,48.90461547],[2.26185454,48.90595817],[2.2613717,48.90681674],[2.26039712,48.90665964],[2.2599375,48.90655428],[2.25886278,48.90624457],[2.25821579,48.90607689],[2.25802435,48.90696962],[2.25777599,48.90812191],[2.25707435,48.91082631],[2.25704398,48.91094663]]]]},"properties":{"id":"BC12","nom":"Faidherbe-Pasteur","commune":"92009","arr":null,"zone":null,"secteur":null}},{"type":"Feature","geometry":{"type":"Polygon","coordinates":[[[2.22995558,48.89103982],[2.23008424,48.8911009],[2.2310947,48.89249687],[2.23113109,48.89252588],[2.23426767,48.89505511],[2.23378394,48.89567166],[2.23398485,48.89564417],[2.23507382,48.89551533],[2.23507657,48.89551445],[2.23567509,48.89516033],[2.23573765,48.89507979],[2.23605852,48.89496403],[2.23715749,48.89471023],[2.23756764,48.89464449],[2.23780912,48.89463973],[2.23788812,48.89464743],[2.23835212,48.89472323],[2.2392801,48.89487572],[2.23941497,48.89488647],[2.24004633,48.8949903],[2.24037399,48.89506253],[2.24050791,48.89513892],[2.2405384,48.89501231],[2.24054688,48.89499168],[2.24055396,48.89497374],[2.24056983,48.89491448],[2.24059652,48.89476806],[2.24061105,48.894707],[2.24065607,48.89451932],[2.24066123,48.89444561],[2.24098555,48.89222092],[2.24116865,48.89088747],[2.24186892,48.89065808],[2.24205254,48.89059808],[2.24236219,48.89050022],[2.24874957,48.88847829],[2.24889198,48.88843781],[2.24981394,48.88815131],[2.25063602,48.88788575],[2.25126354,48.88768283],[2.25247187,48.88730007],[2.25303493,48.88712192],[2.25376102,48.88689172],[2.25362579,48.8867164],[2.25310637,48.88613489],[2.25295172,48.88598284],[2.25247602,48.88549153],[2.25439242,48.88489193],[2.25193591,48.88207966],[2.25101627,48.88117097],[2.24803956,48.87871509],[2.24761159,48.87832569],[2.2474153,48.87813289],[2.24676525,48.87754333],[2.24617963,48.87693079],[2.24570379,48.87645923],[2.2456983,48.8764619],[2.24524238,48.87668566],[2.24523958,48.87669104],[2.24496616,48.87683501],[2.24483416,48.87691152],[2.24478605,48.87693819],[2.24432285,48.87719338],[2.24405039,48.87736524],[2.24396643,48.87741957],[2.24388783,48.87748022],[2.24375412,48.87758011],[2.24356666,48.87771922],[2.24306798,48.87806951],[2.2430646,48.87811446],[2.24280546,48.87830708],[2.24278331,48.87833032],[2.24277075,48.87835003],[2.24275801,48.87838232],[2.24275636,48.8784021],[2.2427616,48.87841652],[2.2427844,48.87844274],[2.2428167,48.87847173],[2.24285848,48.87850527],[2.24299737,48.87861227],[2.24294311,48.87868657],[2.24293478,48.87869731],[2.243017,48.87876258],[2.24319493,48.87890401],[2.24344145,48.87911151],[2.24410958,48.87967513],[2.24417832,48.87973042],[2.24432808,48.87984019],[2.24452469,48.8800105],[2.24533404,48.8807108],[2.24584438,48.88115649],[2.24596966,48.8812625],[2.24644419,48.88163962],[2.24646424,48.88166762],[2.24674628,48.88187175],[2.24729263,48.88228079],[2.24745584,48.88240413],[2.24764064,48.88254379],[2.24789694,48.88273696],[2.24864559,48.88330284],[2.24913099,48.88368541],[2.24934811,48.88385405],[2.24936022,48.88386492],[2.24939388,48.88389481],[2.24944093,48.88394187],[2.24934342,48.88398982],[2.24923638,48.88403681],[2.24889155,48.88421362],[2.24853466,48.88437506],[2.24832565,48.88449516],[2.24821561,48.88456102],[2.24798162,48.88471064],[2.24788381,48.88477927],[2.24752224,48.88498115],[2.2473943,48.88505859],[2.24734746,48.88509157],[2.24708422,48.88528327],[2.24676676,48.88554658],[2.24620514,48.88600171],[2.24597997,48.88620084],[2.24589714,48.88627047],[2.24556163,48.88655525],[2.24548668,48.88664561],[2.2454228,48.88672525],[2.24535193,48.88681563],[2.24531,48.88688641],[2.24529965,48.88684768],[2.24528238,48.88681609],[2.24523378,48.88678161],[2.2451768,48.88676147],[2.24512375,48.88675214],[2.24507462,48.88675453],[2.24503085,48.88676324],[2.24499384,48.8867765],[2.24496219,48.88679609],[2.24493594,48.8868193],[2.24491645,48.88684706],[2.2449106,48.886874],[2.24486614,48.88693038],[2.24482613,48.88696251],[2.24476569,48.8869927],[2.24468761,48.88701649],[2.24434584,48.88707369],[2.2447472,48.88723271],[2.24488003,48.88728931],[2.24504945,48.88736142],[2.2449471,48.88736617],[2.24482564,48.8873726],[2.24455003,48.88738165],[2.2444246,48.88737906],[2.24427199,48.88737001],[2.2440542,48.88734165],[2.24377925,48.88730574],[2.2435954,48.88728749],[2.24343482,48.88726399],[2.24320607,48.88723917],[2.2431472,48.88725498],[2.2425051,48.8871457],[2.24246848,48.88713198],[2.24183854,48.88703086],[2.24129974,48.88694561],[2.2411623,48.88692495],[2.24092949,48.88689829],[2.24074558,48.88688454],[2.24055345,48.88687433],[2.24039668,48.88686973],[2.23998748,48.88687523],[2.23977605,48.88687839],[2.23969012,48.88687964],[2.23960963,48.88688183],[2.23877346,48.8868954],[2.23816217,48.88691759],[2.23806802,48.88692149],[2.23793289,48.88692962],[2.23783733,48.88693621],[2.23746323,48.8869662],[2.23712435,48.88701171],[2.23685501,48.88705856],[2.23662106,48.88710923],[2.23638018,48.88716795],[2.23614171,48.88724827],[2.2359236,48.88733501],[2.23586174,48.88736879],[2.23560177,48.88752002],[2.23550401,48.88758325],[2.23542117,48.88765287],[2.23540734,48.88766537],[2.23527873,48.88778686],[2.23517311,48.88792108],[2.23508269,48.88804192],[2.23506968,48.8880922],[2.2350514,48.88812985],[2.23503874,48.88815585],[2.23500766,48.8882294],[2.23499638,48.88825451],[2.23498646,48.88827963],[2.23495819,48.88834779],[2.23493272,48.88841059],[2.23488854,48.88853981],[2.23484828,48.88868075],[2.23482663,48.88876245],[2.23479472,48.88879912],[2.23475766,48.8889077],[2.23465838,48.88935314],[2.23457444,48.88977529],[2.23453034,48.88999175],[2.23448812,48.89017314],[2.23443673,48.89042193],[2.23412991,48.89041907],[2.23411619,48.89042438],[2.23403,48.89044271],[2.23363755,48.89051305],[2.23351859,48.89053387],[2.23297824,48.89055199],[2.23282292,48.8905411],[2.23240017,48.89044576],[2.23173336,48.89043879],[2.23167881,48.89043844],[2.23160135,48.89041996],[2.23157292,48.89040538],[2.23145412,48.89032278],[2.23141086,48.89029732],[2.23131977,48.89027785],[2.23123669,48.89027012],[2.23115655,48.89024803],[2.23080276,48.89010096],[2.23080312,48.89007668],[2.23006655,48.89091373],[2.22995558,48.89103982]]]},"properties":{"id":"PU1","nom":"Défense Nord – Seine","commune":"92062","arr":null,"zone":null,"secteur":null}},{"type":"Feature","geometry":{"type":"Polygon","coordinates":[[[2.23047534,48.88992349],[2.2308004,48.89007576],[2.23080312,48.89007668],[2.23080276,48.89010096],[2.23115655,48.89024803],[2.23123669,48.89027012],[2.23131977,48.89027785],[2.23141086,48.89029732],[2.23145412,48.89032278],[2.23157292,48.89040538],[2.23160135,48.89041996],[2.23167881,48.89043844],[2.23173336,48.89043879],[2.23240017,48.89044576],[2.23282292,48.8905411],[2.23297824,48.89055199],[2.23351859,48.89053387],[2.23363755,48.89051305],[2.23403,48.89044271],[2.23411619,48.89042438],[2.23412991,48.89041907],[2.23443673,48.89042193],[2.23448812,48.89017314],[2.23453034,48.88999175],[2.23457444,48.88977529],[2.23465838,48.88935314],[2.23475766,48.8889077],[2.23479472,48.88879912],[2.23482663,48.88876245],[2.23484828,48.88868075],[2.23488854,48.88853981],[2.23493272,48.88841059],[2.23495819,48.88834779],[2.23498646,48.88827963],[2.23499638,48.88825451],[2.23500766,48.8882294],[2.23503874,48.88815585],[2.2350514,48.88812985],[2.23506968,48.8880922],[2.23508269,48.88804192],[2.23517311,48.88792108],[2.23527873,48.88778686],[2.23540734,48.88766537],[2.23540752,48.88765368],[2.23540725,48.88757903],[2.2354065,48.88735149],[2.23539233,48.88720211],[2.23538001,48.8871121],[2.23530739,48.88657833],[2.23519027,48.88610273],[2.23507972,48.88573779],[2.23501535,48.885571],[2.23493398,48.88535464],[2.23490881,48.88530412],[2.23488624,48.8852626],[2.23487311,48.88522745],[2.23481521,48.88508498],[2.23470811,48.88485586],[2.23459146,48.88462758],[2.23443621,48.88433521],[2.2341837,48.88398015],[2.23411551,48.88388798],[2.23403245,48.88378672],[2.23396812,48.88370987],[2.23390789,48.88363304],[2.23376856,48.88346397],[2.23354429,48.88322871],[2.23334139,48.88302416],[2.23332794,48.88301148],[2.23329432,48.88297979],[2.23324588,48.88293541],[2.23275094,48.88246818],[2.23178573,48.8816202],[2.23176823,48.8816048],[2.23172918,48.88157128],[2.23045682,48.8804722],[2.23016654,48.88018434],[2.23010598,48.88012999],[2.23003461,48.88016191],[2.22988226,48.88022928],[2.22944482,48.88039554],[2.22934891,48.8804264],[2.22869591,48.88060027],[2.22718883,48.88098986],[2.2266015,48.88114794],[2.22643553,48.88121342],[2.22533422,48.88182325],[2.22361569,48.88276363],[2.22245102,48.88313739],[2.22356558,48.88420405],[2.22453093,48.88512853],[2.2244923,48.88543316],[2.22524678,48.88595966],[2.227004,48.88719502],[2.2282496,48.88808171],[2.22844933,48.88822419],[2.22839664,48.88828231],[2.22860356,48.88839966],[2.2304375,48.8894385],[2.23069906,48.88964253],[2.23047534,48.88992349]]]},"properties":{"id":"PU2","nom":"Wilson – Bergère Sud","commune":"92062","arr":null,"zone":null,"secteur":null}},{"type":"Feature","geometry":{"type":"Polygon","coordinates":[[[2.23173636,48.86906858],[2.23208284,48.86942425],[2.23236917,48.86969949],[2.23418692,48.87133536],[2.23472109,48.87181724],[2.23683448,48.87347834],[2.23617126,48.87379877],[2.23447266,48.87462072],[2.23207349,48.87579159],[2.23192517,48.87586439],[2.23368572,48.87732452],[2.23393996,48.87755998],[2.23640121,48.87959653],[2.23550224,48.8797158],[2.23334102,48.8798072],[2.23332738,48.87980801],[2.23161218,48.87988965],[2.2313544,48.87989429],[2.23062585,48.87992199],[2.23052325,48.87994471],[2.23010598,48.88012999],[2.23016654,48.88018434],[2.23045682,48.8804722],[2.23172918,48.88157128],[2.23176823,48.8816048],[2.23178573,48.8816202],[2.23275094,48.88246818],[2.23324588,48.88293541],[2.23329432,48.88297979],[2.23332794,48.88301148],[2.23334139,48.88302416],[2.23354429,48.88322871],[2.23376856,48.88346397],[2.23390789,48.88363304],[2.23396812,48.88370987],[2.23403245,48.88378672],[2.23411551,48.88388798],[2.2341837,48.88398015],[2.23443621,48.88433521],[2.23459146,48.88462758],[2.23470811,48.88485586],[2.23481521,48.88508498],[2.23487311,48.88522745],[2.23488624,48.8852626],[2.23490881,48.88530412],[2.23493398,48.88535464],[2.23501535,48.885571],[2.23507972,48.88573779],[2.23519027,48.88610273],[2.23530739,48.88657833],[2.23538001,48.8871121],[2.23539233,48.88720211],[2.2354065,48.88735149],[2.23540725,48.88757903],[2.23540752,48.88765368],[2.23540734,48.88766537],[2.23542117,48.88765287],[2.23550401,48.88758325],[2.23560177,48.88752002],[2.23586174,48.88736879],[2.2359236,48.88733501],[2.23614171,48.88724827],[2.23638018,48.88716795],[2.23662106,48.88710923],[2.23685501,48.88705856],[2.23712435,48.88701171],[2.23746323,48.8869662],[2.23783733,48.88693621],[2.23793289,48.88692962],[2.23806802,48.88692149],[2.23816217,48.88691759],[2.23877346,48.8868954],[2.23960963,48.88688183],[2.23969012,48.88687964],[2.23977605,48.88687839],[2.23974675,48.88683054],[2.23967212,48.88671135],[2.23946466,48.88644293],[2.23936583,48.8863002],[2.2392467,48.88614656],[2.23915687,48.88594813],[2.23914907,48.885922],[2.23914383,48.88581405],[2.23919902,48.88558327],[2.23922513,48.88538288],[2.2392313,48.88533436],[2.23930824,48.88464146],[2.23944647,48.8841405],[2.2394741,48.88402287],[2.23972848,48.88294437],[2.23990631,48.8825327],[2.24060772,48.88212436],[2.24112862,48.88184347],[2.24125781,48.88177414],[2.24174434,48.88151192],[2.24240981,48.88113481],[2.24278252,48.88091683],[2.24319648,48.88067392],[2.24342584,48.88056116],[2.24379667,48.88037734],[2.24436669,48.88009225],[2.24446973,48.88003894],[2.24452469,48.8800105],[2.24432808,48.87984019],[2.24417832,48.87973042],[2.24410958,48.87967513],[2.24344145,48.87911151],[2.24319493,48.87890401],[2.243017,48.87876258],[2.24293478,48.87869731],[2.24294311,48.87868657],[2.24299737,48.87861227],[2.24285848,48.87850527],[2.2428167,48.87847173],[2.2427844,48.87844274],[2.2427616,48.87841652],[2.24275636,48.8784021],[2.24275801,48.87838232],[2.24277075,48.87835003],[2.24278331,48.87833032],[2.24280546,48.87830708],[2.2430646,48.87811446],[2.24306798,48.87806951],[2.24356666,48.87771922],[2.24375412,48.87758011],[2.24388783,48.87748022],[2.24396643,48.87741957],[2.24405039,48.87736524],[2.24432285,48.87719338],[2.24478605,48.87693819],[2.24483416,48.87691152],[2.24496616,48.87683501],[2.24523958,48.87669104],[2.24524238,48.87668566],[2.2456983,48.8764619],[2.24570379,48.87645923],[2.24567824,48.87643479],[2.24515691,48.87590359],[2.24394846,48.87471242],[2.24326868,48.87401653],[2.24301027,48.87378466],[2.24272339,48.87354272],[2.24185606,48.87290139],[2.24123734,48.87250985],[2.2409453,48.87234162],[2.24034993,48.87203296],[2.23997202,48.87186418],[2.2395926,48.87170529],[2.23922506,48.87157344],[2.23843406,48.8713112],[2.23804042,48.87119358],[2.23743625,48.87102155],[2.23665664,48.87082142],[2.23579301,48.87058658],[2.23557581,48.87052313],[2.23414593,48.87004363],[2.23370227,48.8698978],[2.23286845,48.86958488],[2.23217488,48.86928454],[2.23173636,48.86906858]]]},"properties":{"id":"PU3","nom":"Seine – Wallace","commune":"92062","arr":null,"zone":null,"secteur":null}},{"type":"Feature","geometry":{"type":"Polygon","coordinates":[[[2.23914383,48.88581405],[2.23914907,48.885922],[2.23915687,48.88594813],[2.2392467,48.88614656],[2.23936583,48.8863002],[2.23946466,48.88644293],[2.23967212,48.88671135],[2.23974675,48.88683054],[2.23977605,48.88687839],[2.23998748,48.88687523],[2.24039668,48.88686973],[2.24055345,48.88687433],[2.24074558,48.88688454],[2.24092949,48.88689829],[2.2411623,48.88692495],[2.24129974,48.88694561],[2.24183854,48.88703086],[2.24246848,48.88713198],[2.2425051,48.8871457],[2.2431472,48.88725498],[2.24320607,48.88723917],[2.24343482,48.88726399],[2.2435954,48.88728749],[2.24377925,48.88730574],[2.2440542,48.88734165],[2.24427199,48.88737001],[2.2444246,48.88737906],[2.24455003,48.88738165],[2.24482564,48.8873726],[2.2449471,48.88736617],[2.24504945,48.88736142],[2.24488003,48.88728931],[2.2447472,48.88723271],[2.24434584,48.88707369],[2.24468761,48.88701649],[2.24476569,48.8869927],[2.24482613,48.88696251],[2.24486614,48.88693038],[2.2449106,48.886874],[2.24491645,48.88684706],[2.24493594,48.8868193],[2.24496219,48.88679609],[2.24499384,48.8867765],[2.24503085,48.88676324],[2.24507462,48.88675453],[2.24512375,48.88675214],[2.2451768,48.88676147],[2.24523378,48.88678161],[2.24528238,48.88681609],[2.24529965,48.88684768],[2.24531,48.88688641],[2.24535193,48.88681563],[2.2454228,48.88672525],[2.24548668,48.88664561],[2.24556163,48.88655525],[2.24589714,48.88627047],[2.24597997,48.88620084],[2.24620514,48.88600171],[2.24676676,48.88554658],[2.24708422,48.88528327],[2.24734746,48.88509157],[2.2473943,48.88505859],[2.24752224,48.88498115],[2.24788381,48.88477927],[2.24798162,48.88471064],[2.24821561,48.88456102],[2.24832565,48.88449516],[2.24853466,48.88437506],[2.24889155,48.88421362],[2.24923638,48.88403681],[2.24934342,48.88398982],[2.24944093,48.88394187],[2.24939388,48.88389481],[2.24936022,48.88386492],[2.24934811,48.88385405],[2.24913099,48.88368541],[2.24864559,48.88330284],[2.24789694,48.88273696],[2.24764064,48.88254379],[2.24745584,48.88240413],[2.24729263,48.88228079],[2.24674628,48.88187175],[2.24646424,48.88166762],[2.24644419,48.88163962],[2.24596966,48.8812625],[2.24584438,48.88115649],[2.24533404,48.8807108],[2.24452469,48.8800105],[2.24446973,48.88003894],[2.24436669,48.88009225],[2.24379667,48.88037734],[2.24342584,48.88056116],[2.24319648,48.88067392],[2.24278252,48.88091683],[2.24240981,48.88113481],[2.24174434,48.88151192],[2.24125781,48.88177414],[2.24112862,48.88184347],[2.24060772,48.88212436],[2.23990631,48.8825327],[2.23972848,48.88294437],[2.2394741,48.88402287],[2.23944647,48.8841405],[2.23930824,48.88464146],[2.2392313,48.88533436],[2.23922513,48.88538288],[2.23919902,48.88558327],[2.23914383,48.88581405]]]},"properties":{"id":"PU4","nom":"République – Jaurès","commune":"92062","arr":null,"zone":null,"secteur":null}},{"type":"Feature","geometry":{"type":"MultiPolygon","coordinates":[[[[2.32874503,48.9186938],[2.32950555,48.91918818],[2.33012285,48.91967816],[2.33084328,48.92042681],[2.33128739,48.92090951],[2.3316817,48.92133978],[2.3325776,48.92245541],[2.33324622,48.92320555],[2.33371526,48.92291768],[2.33389683,48.92280628],[2.33397935,48.92275638],[2.33411969,48.92266633],[2.33419524,48.92262808],[2.3344468,48.92248559],[2.33456227,48.92241968],[2.3348511,48.92224322],[2.3348786,48.92222719],[2.3356856,48.92176133],[2.33638675,48.92135514],[2.33662872,48.92121439],[2.33682255,48.92110305],[2.33699278,48.92113007],[2.33720027,48.92101791],[2.33720976,48.92102246],[2.33725656,48.92099124],[2.33713594,48.92092582],[2.33751611,48.92075526],[2.33761493,48.92071084],[2.33820782,48.92044523],[2.33824899,48.92042657],[2.33836703,48.92037326],[2.33863189,48.92025602],[2.33888579,48.92014141],[2.3391534,48.92002238],[2.33911963,48.91999521],[2.3391608,48.91997745],[2.33947223,48.91984608],[2.33958474,48.91979723],[2.3400114,48.91961793],[2.33984835,48.91934814],[2.33962109,48.91897637],[2.33924398,48.91826205],[2.33911001,48.91806706],[2.33898948,48.91777952],[2.33885492,48.91752337],[2.33878722,48.91737461],[2.33832238,48.91755281],[2.33826337,48.91757946],[2.33808222,48.9176603],[2.33764719,48.91785484],[2.33671947,48.91826968],[2.33667833,48.91828564],[2.33658644,48.918322],[2.33638758,48.91840094],[2.33617227,48.91848518],[2.33611878,48.91850647],[2.33605022,48.91853217],[2.33519583,48.91886647],[2.3351355,48.91888951],[2.3342354,48.91927571],[2.3340891,48.91919216],[2.33405118,48.91916947],[2.33372072,48.91897428],[2.33361259,48.91889364],[2.33355332,48.91883396],[2.33419309,48.91852995],[2.33401771,48.9183725],[2.3338412,48.91819706],[2.33367455,48.91799828],[2.33335047,48.91762507],[2.3331422,48.917373],[2.33292196,48.91709659],[2.33250231,48.91726062],[2.33192078,48.9174921],[2.33065937,48.91679529],[2.3302664,48.91658266],[2.33007077,48.91693949],[2.32968756,48.9177701],[2.32964574,48.91794523],[2.32967296,48.91795078],[2.32970823,48.91796627],[2.32972853,48.91797987],[2.32975148,48.91799888],[2.32976485,48.91802054],[2.32977281,48.91803767],[2.32977396,48.91805476],[2.32977377,48.91806915],[2.32977372,48.91807275],[2.32976525,48.91809518],[2.32974856,48.91811937],[2.32972926,48.91813455],[2.3297114,48.91814435],[2.32970727,48.91814702],[2.32967847,48.91815855],[2.32965107,48.91816649],[2.32962373,48.91817083],[2.32960325,48.91817162],[2.32958142,48.9181715],[2.32950792,48.9181567],[2.3294057,48.91825325],[2.32937404,48.91827465],[2.32934239,48.91829516],[2.32930936,48.91831746],[2.3292901,48.91832904],[2.32876431,48.91868042],[2.32874503,48.9186938]]]]},"properties":{"id":"SO1","nom":"Secteur 1","commune":"93070","arr":null,"zone":null,"secteur":null}},{"type":"Feature","geometry":{"type":"MultiPolygon","coordinates":[[[[2.3302664,48.91658266],[2.33065937,48.91679529],[2.33192078,48.9174921],[2.33250231,48.91726062],[2.33292196,48.91709659],[2.3331422,48.917373],[2.33335047,48.91762507],[2.33367455,48.91799828],[2.3338412,48.91819706],[2.33401771,48.9183725],[2.33419309,48.91852995],[2.33495777,48.91816819],[2.3350113,48.9181442],[2.33548895,48.91792562],[2.33577308,48.917795],[2.3357462,48.91776248],[2.33539,48.91733963],[2.33521994,48.91740703],[2.33457806,48.91766337],[2.33436692,48.91742208],[2.3342284,48.91726303],[2.33422572,48.91725942],[2.33380884,48.91678137],[2.33400895,48.91671144],[2.33406927,48.91668929],[2.33425575,48.91661838],[2.33433391,48.91658914],[2.33489881,48.91637555],[2.33511134,48.91629489],[2.33504404,48.91622257],[2.3348691,48.91603095],[2.33481124,48.91596768],[2.33472648,48.91587368],[2.33441398,48.91555629],[2.33434773,48.91550826],[2.33382086,48.91573555],[2.33336694,48.9153805],[2.33248082,48.9146813],[2.33220518,48.91447022],[2.33209287,48.91439675],[2.33207487,48.91441734],[2.33203471,48.91446298],[2.33184225,48.91468134],[2.33148199,48.91511009],[2.33136072,48.91530906],[2.33120328,48.91545657],[2.33097751,48.91571791],[2.33051968,48.91619827],[2.33033138,48.91641036],[2.3302664,48.91658266]]]]},"properties":{"id":"SO2","nom":"Secteur 2","commune":"93070","arr":null,"zone":null,"secteur":null}},{"type":"Feature","geometry":{"type":"MultiPolygon","coordinates":[[[[2.33336694,48.9153805],[2.33382086,48.91573555],[2.33434773,48.91550826],[2.33441398,48.91555629],[2.33472648,48.91587368],[2.33481124,48.91596768],[2.3348691,48.91603095],[2.33504404,48.91622257],[2.33511134,48.91629489],[2.33489881,48.91637555],[2.33433391,48.91658914],[2.33425575,48.91661838],[2.33406927,48.91668929],[2.33400895,48.91671144],[2.33380884,48.91678137],[2.33422572,48.91725942],[2.3342284,48.91726303],[2.33436692,48.91742208],[2.33457806,48.91766337],[2.33521994,48.91740703],[2.33539,48.91733963],[2.3357462,48.91776248],[2.33577308,48.917795],[2.33548895,48.91792562],[2.3350113,48.9181442],[2.33495777,48.91816819],[2.33419309,48.91852995],[2.33355332,48.91883396],[2.33361259,48.91889364],[2.33372072,48.91897428],[2.33405118,48.91916947],[2.3340891,48.91919216],[2.3342354,48.91927571],[2.3351355,48.91888951],[2.33519583,48.91886647],[2.33605022,48.91853217],[2.33611878,48.91850647],[2.33617227,48.91848518],[2.33638758,48.91840094],[2.33658644,48.918322],[2.33667833,48.91828564],[2.33671947,48.91826968],[2.33764719,48.91785484],[2.33808222,48.9176603],[2.33826337,48.91757946],[2.33832238,48.91755281],[2.33878722,48.91737461],[2.33877659,48.91735207],[2.33874606,48.91728446],[2.33864245,48.91706266],[2.33856942,48.91690397],[2.33847776,48.91670832],[2.33843786,48.91662626],[2.3384193,48.91658389],[2.3383927,48.91652979],[2.33831967,48.91637111],[2.33829572,48.91632241],[2.3382745,48.91627463],[2.33818019,48.91607267],[2.33814292,48.91599872],[2.33811765,48.91594732],[2.33801561,48.91570934],[2.3379546,48.91557141],[2.3378022,48.91521714],[2.33800663,48.91512834],[2.33823169,48.91502706],[2.33851008,48.91491708],[2.33885805,48.91480659],[2.33908123,48.91474577],[2.33960123,48.91462723],[2.34007846,48.91454533],[2.34009486,48.91454362],[2.34052674,48.91448664],[2.34094624,48.91443859],[2.34322542,48.91417862],[2.34323771,48.91417779],[2.34320606,48.91333407],[2.34252788,48.91312261],[2.3422221,48.9130274],[2.34193534,48.91293769],[2.34181154,48.91290913],[2.34075432,48.91289343],[2.34049785,48.91289022],[2.34033281,48.91288661],[2.33995921,48.91286657],[2.33929004,48.91280712],[2.33895893,48.91277292],[2.33867006,48.91274255],[2.3383527,48.91269943],[2.3381076,48.9126612],[2.33782721,48.91260749],[2.33704185,48.91245836],[2.33653015,48.9123557],[2.33638725,48.91232703],[2.33594349,48.91224634],[2.33573035,48.91237645],[2.33492395,48.91280724],[2.33517829,48.91308384],[2.33580213,48.91359451],[2.33589935,48.91367419],[2.33624909,48.91396031],[2.33480885,48.91466007],[2.33424846,48.91494834],[2.33336694,48.9153805]]]]},"properties":{"id":"SO3","nom":"Secteur 3","commune":"93070","arr":null,"zone":null,"secteur":null}},{"type":"Feature","geometry":{"type":"MultiPolygon","coordinates":[[[[2.33209287,48.91439675],[2.33220518,48.91447022],[2.33248082,48.9146813],[2.33336694,48.9153805],[2.33424846,48.91494834],[2.33480885,48.91466007],[2.33624909,48.91396031],[2.33589935,48.91367419],[2.33580213,48.91359451],[2.33517829,48.91308384],[2.33492395,48.91280724],[2.33573035,48.91237645],[2.33594349,48.91224634],[2.33638725,48.91232703],[2.33653015,48.9123557],[2.33704185,48.91245836],[2.33782721,48.91260749],[2.33793712,48.91233381],[2.33795648,48.91231323],[2.33797709,48.91230166],[2.3379977,48.91229098],[2.33832209,48.91221004],[2.33840825,48.91219342],[2.33839819,48.91212682],[2.33829961,48.91193922],[2.33824422,48.91189575],[2.3382583,48.91186165],[2.33820012,48.91182266],[2.33808004,48.91182379],[2.33789164,48.91183355],[2.33770481,48.91182622],[2.33732844,48.91181065],[2.33697012,48.91176999],[2.33675755,48.91174903],[2.33681532,48.91171248],[2.33687634,48.91163458],[2.33717104,48.91120634],[2.33734194,48.91096447],[2.33733378,48.91085561],[2.33748171,48.91070265],[2.3375144,48.91059941],[2.33756016,48.91054211],[2.33764193,48.91044183],[2.33755236,48.91040447],[2.33732259,48.91023413],[2.33696604,48.90994887],[2.33696191,48.90995155],[2.33638721,48.9102973],[2.33571633,48.91069557],[2.3356569,48.91064848],[2.33552182,48.91054251],[2.33534472,48.91041472],[2.33527716,48.9104701],[2.33501162,48.910644],[2.33485476,48.91074744],[2.33454656,48.91094988],[2.33423679,48.91116759],[2.33368675,48.91150357],[2.33371248,48.91162512],[2.33377463,48.91177924],[2.33368532,48.91182821],[2.33363723,48.91185492],[2.33360272,48.9118862],[2.3335392,48.91183819],[2.33337295,48.91171586],[2.33290177,48.91143355],[2.33277331,48.91155604],[2.33271792,48.91161958],[2.3326818,48.91166974],[2.33265127,48.91171004],[2.3325718,48.91184269],[2.33251164,48.91195927],[2.33244107,48.91214233],[2.33241635,48.91226091],[2.33240677,48.91236967],[2.33240326,48.9124308],[2.33240951,48.91258192],[2.33242549,48.91261259],[2.33251615,48.91267155],[2.33267349,48.91274347],[2.33305869,48.91292278],[2.33322418,48.91299834],[2.33361875,48.91319119],[2.33374601,48.91326924],[2.33303089,48.91370772],[2.33257294,48.91398845],[2.33241457,48.91410178],[2.33222282,48.91426528],[2.33209287,48.91439675]]]]},"properties":{"id":"SO4","nom":"Secteur 4","commune":"93070","arr":null,"zone":null,"secteur":null}},{"type":"Feature","geometry":{"type":"MultiPolygon","coordinates":[[[[2.33675755,48.91174903],[2.33697012,48.91176999],[2.33732844,48.91181065],[2.33770481,48.91182622],[2.33789164,48.91183355],[2.33808004,48.91182379],[2.33820012,48.91182266],[2.3382583,48.91186165],[2.33824422,48.91189575],[2.33829961,48.91193922],[2.33839819,48.91212682],[2.33840825,48.91219342],[2.33832209,48.91221004],[2.3379977,48.91229098],[2.33797709,48.91230166],[2.33795648,48.91231323],[2.33793712,48.91233381],[2.33782721,48.91260749],[2.3381076,48.9126612],[2.3383527,48.91269943],[2.33867006,48.91274255],[2.33895893,48.91277292],[2.33929004,48.91280712],[2.33995921,48.91286657],[2.34033281,48.91288661],[2.34049785,48.91289022],[2.34075432,48.91289343],[2.34181154,48.91290913],[2.34193534,48.91293769],[2.3422221,48.9130274],[2.34252788,48.91312261],[2.34320606,48.91333407],[2.34323771,48.91417779],[2.34348497,48.91415396],[2.34415713,48.9140866],[2.34417003,48.91360374],[2.34417019,48.91348324],[2.34422688,48.91320656],[2.34421444,48.91289443],[2.34421296,48.91268758],[2.34418533,48.9119563],[2.34418034,48.91181148],[2.344164,48.91137523],[2.34419279,48.91049856],[2.34413166,48.91047754],[2.34401317,48.91046071],[2.34328695,48.91038388],[2.34310989,48.91035953],[2.3429519,48.91033798],[2.34283613,48.91032206],[2.34278446,48.91030828],[2.34238183,48.91010373],[2.34229416,48.91013203],[2.34223546,48.9101344],[2.34213734,48.91012577],[2.34209109,48.91011472],[2.34205177,48.91009562],[2.34199507,48.91004765],[2.34133872,48.91037948],[2.34086638,48.910617],[2.33961388,48.9112648],[2.33953545,48.91131652],[2.33941673,48.91121065],[2.33906217,48.91087505],[2.33858194,48.91044343],[2.33831299,48.9102423],[2.33809391,48.91009001],[2.33802752,48.91005367],[2.337786,48.91027086],[2.33764193,48.91044183],[2.33756016,48.91054211],[2.3375144,48.91059941],[2.33748171,48.91070265],[2.33733378,48.91085561],[2.33734194,48.91096447],[2.33717104,48.91120634],[2.33687634,48.91163458],[2.33681532,48.91171248],[2.33675755,48.91174903]]]]},"properties":{"id":"SO5","nom":"Secteur 5","commune":"93070","arr":null,"zone":null,"secteur":null}},{"type":"Feature","geometry":{"type":"MultiPolygon","coordinates":[[[[2.33377396,48.90767479],[2.33388033,48.90767808],[2.33488948,48.90771067],[2.33591789,48.90772986],[2.33680818,48.90777527],[2.33690356,48.90778479],[2.33691583,48.90778575],[2.33706436,48.90779917],[2.33711177,48.90782641],[2.3372418,48.90789997],[2.33748784,48.9080776],[2.33776508,48.90826888],[2.33712537,48.90868622],[2.33691901,48.90882088],[2.33653351,48.90930977],[2.33638747,48.90942137],[2.33600633,48.90967376],[2.33595679,48.90970676],[2.33548013,48.90942623],[2.33497764,48.90977957],[2.3347312,48.90995357],[2.33492052,48.91008592],[2.33514768,48.91024636],[2.33522731,48.91031425],[2.33534472,48.91041472],[2.33552182,48.91054251],[2.3356569,48.91064848],[2.33571633,48.91069557],[2.33638721,48.9102973],[2.33696191,48.90995155],[2.33696604,48.90994887],[2.33732259,48.91023413],[2.33755236,48.91040447],[2.33764193,48.91044183],[2.337786,48.91027086],[2.33802752,48.91005367],[2.33809391,48.91009001],[2.33831299,48.9102423],[2.33858194,48.91044343],[2.33906217,48.91087505],[2.33941673,48.91121065],[2.33953545,48.91131652],[2.33961388,48.9112648],[2.34086638,48.910617],[2.34133872,48.91037948],[2.34199507,48.91004765],[2.34205177,48.91009562],[2.34209109,48.91011472],[2.34213734,48.91012577],[2.34223546,48.9101344],[2.34229416,48.91013203],[2.34238183,48.91010373],[2.34278446,48.91030828],[2.34283613,48.91032206],[2.3429519,48.91033798],[2.34310989,48.91035953],[2.34328695,48.91038388],[2.34401317,48.91046071],[2.34413166,48.91047754],[2.34419279,48.91049856],[2.34419725,48.91036099],[2.34408302,48.91033159],[2.34397963,48.91030764],[2.34324703,48.91008689],[2.34287632,48.90994816],[2.34248279,48.90978053],[2.34222773,48.90966672],[2.34144299,48.90925592],[2.34048192,48.90876411],[2.33998003,48.90853561],[2.33987555,48.90849007],[2.33991274,48.9084624],[2.34005461,48.90835616],[2.34040162,48.90810267],[2.34083686,48.90777682],[2.34014721,48.90729369],[2.33998629,48.90718129],[2.3397537,48.90701813],[2.33924931,48.90666552],[2.33819692,48.90595824],[2.33867009,48.90565329],[2.3391418,48.90535552],[2.33959561,48.90507025],[2.33992566,48.90486163],[2.33995741,48.90483213],[2.33996583,48.90481419],[2.33996062,48.90479437],[2.33988093,48.90473188],[2.33900376,48.90408673],[2.3385468,48.90440526],[2.33810928,48.90469692],[2.33804879,48.90473346],[2.337658,48.9049975],[2.33721906,48.90529274],[2.33680624,48.90557194],[2.33654755,48.90574587],[2.33638242,48.90585827],[2.33617978,48.90602262],[2.33536537,48.9065541],[2.33503644,48.9067789],[2.33490983,48.90686543],[2.33465347,48.90706905],[2.33460248,48.90710923],[2.33452953,48.90716009],[2.33439739,48.90725108],[2.3340327,48.90749817],[2.3339061,48.9075838],[2.33378085,48.90766943],[2.33377396,48.90767479]]]]},"properties":{"id":"SO6","nom":"Secteur 6","commune":"93070","arr":null,"zone":null,"secteur":null}},{"type":"Feature","geometry":{"type":"MultiPolygon","coordinates":[[[[2.33309375,48.909761],[2.33344727,48.91081336],[2.33358744,48.91073501],[2.33377601,48.91060565],[2.33403479,48.91042723],[2.33467615,48.90999103],[2.3347312,48.90995357],[2.33497764,48.90977957],[2.33548013,48.90942623],[2.33595679,48.90970676],[2.33600633,48.90967376],[2.33638747,48.90942137],[2.33653351,48.90930977],[2.33691901,48.90882088],[2.33712537,48.90868622],[2.33776508,48.90826888],[2.33748784,48.9080776],[2.3372418,48.90789997],[2.33711177,48.90782641],[2.33706436,48.90779917],[2.33691583,48.90778575],[2.33690356,48.90778479],[2.33680818,48.90777527],[2.33591789,48.90772986],[2.33488948,48.90771067],[2.33388033,48.90767808],[2.33377396,48.90767479],[2.33364459,48.9077631],[2.33328128,48.90800839],[2.33381992,48.90834773],[2.33393356,48.90842301],[2.33418661,48.90858449],[2.33435027,48.90869602],[2.33447199,48.90877943],[2.33449499,48.90879394],[2.33309375,48.909761]]]]},"properties":{"id":"SO7","nom":"Secteur 7","commune":"93070","arr":null,"zone":null,"secteur":null}},{"type":"Feature","geometry":{"type":"MultiPolygon","coordinates":[[[[2.3297187,48.90942021],[2.32977691,48.90945561],[2.32991496,48.90954182],[2.33008685,48.9096489],[2.33031016,48.90978864],[2.33063228,48.90999009],[2.33122242,48.91035671],[2.33200744,48.91084761],[2.33265579,48.91125142],[2.33290177,48.91143355],[2.33337295,48.91171586],[2.3335392,48.91183819],[2.33360272,48.9118862],[2.33363723,48.91185492],[2.33368532,48.91182821],[2.33377463,48.91177924],[2.33371248,48.91162512],[2.33368675,48.91150357],[2.33423679,48.91116759],[2.33454656,48.91094988],[2.33485476,48.91074744],[2.33501162,48.910644],[2.33527716,48.9104701],[2.33534472,48.91041472],[2.33522731,48.91031425],[2.33514768,48.91024636],[2.33492052,48.91008592],[2.3347312,48.90995357],[2.33467615,48.90999103],[2.33403479,48.91042723],[2.33377601,48.91060565],[2.33358744,48.91073501],[2.33344727,48.91081336],[2.33309375,48.909761],[2.33449499,48.90879394],[2.33447199,48.90877943],[2.33435027,48.90869602],[2.33418661,48.90858449],[2.33393356,48.90842301],[2.33381992,48.90834773],[2.33328128,48.90800839],[2.33364459,48.9077631],[2.33377396,48.90767479],[2.33363077,48.9076704],[2.3329844,48.90764702],[2.33254286,48.90760948],[2.33236027,48.90759228],[2.33233267,48.90751029],[2.33198177,48.90646962],[2.33189841,48.90658697],[2.33181232,48.9067043],[2.33133541,48.90729698],[2.33122334,48.90741866],[2.33119292,48.90744997],[2.33114035,48.90750633],[2.33112375,48.90752423],[2.33109062,48.90755462],[2.33102159,48.90761808],[2.33079791,48.90782547],[2.33025926,48.90833687],[2.33009092,48.90848431],[2.33000949,48.9085576],[2.32998723,48.90859075],[2.32986514,48.90896059],[2.32976304,48.90926128],[2.3297187,48.90942021]]]]},"properties":{"id":"SO8","nom":"Secteur 8","commune":"93070","arr":null,"zone":null,"secteur":null}},{"type":"Feature","geometry":{"type":"MultiPolygon","coordinates":[[[[2.32024517,48.90292055],[2.32026234,48.90296381],[2.3204615,48.90348655],[2.32058497,48.90374715],[2.32086562,48.90461208],[2.32085127,48.90466596],[2.3202052,48.90535477],[2.31928688,48.90641344],[2.31854085,48.90723117],[2.31799866,48.90789987],[2.31836055,48.90797658],[2.31832273,48.9080519],[2.31805198,48.90830756],[2.31801043,48.90835499],[2.31795073,48.90843379],[2.31680036,48.90959814],[2.31675895,48.90963478],[2.31626911,48.91015718],[2.31650396,48.91024755],[2.31659638,48.91027416],[2.31601177,48.91105232],[2.31558439,48.91159666],[2.31521469,48.91211165],[2.31472577,48.91276895],[2.31450055,48.91308691],[2.3137675,48.91404498],[2.31406081,48.91415188],[2.31635586,48.91487455],[2.31728811,48.91516225],[2.31884026,48.91562613],[2.31981862,48.91593745],[2.32098701,48.91622197],[2.3218101,48.91640829],[2.32311449,48.91672862],[2.32446763,48.9170789],[2.32629006,48.91764942],[2.32747977,48.91808508],[2.32841622,48.91847883],[2.32874503,48.9186938],[2.32876431,48.91868042],[2.3292901,48.91832904],[2.32930936,48.91831746],[2.32934239,48.91829516],[2.32937404,48.91827465],[2.3294057,48.91825325],[2.32950792,48.9181567],[2.32958142,48.9181715],[2.32960325,48.91817162],[2.32962373,48.91817083],[2.32965107,48.91816649],[2.32967847,48.91815855],[2.32970727,48.91814702],[2.3297114,48.91814435],[2.32972926,48.91813455],[2.32974856,48.91811937],[2.32976525,48.91809518],[2.32977372,48.91807275],[2.32977377,48.91806915],[2.32977396,48.91805476],[2.32977281,48.91803767],[2.32976485,48.91802054],[2.32975148,48.91799888],[2.32972853,48.91797987],[2.32970823,48.91796627],[2.32967296,48.91795078],[2.32964574,48.91794523],[2.32968756,48.9177701],[2.33007077,48.91693949],[2.3302664,48.91658266],[2.33033138,48.91641036],[2.33051968,48.91619827],[2.33097751,48.91571791],[2.33120328,48.91545657],[2.33136072,48.91530906],[2.33148199,48.91511009],[2.33184225,48.91468134],[2.33203471,48.91446298],[2.33207487,48.91441734],[2.33209287,48.91439675],[2.33222282,48.91426528],[2.33241457,48.91410178],[2.33257294,48.91398845],[2.33303089,48.91370772],[2.33374601,48.91326924],[2.33361875,48.91319119],[2.33322418,48.91299834],[2.33305869,48.91292278],[2.33267349,48.91274347],[2.33251615,48.91267155],[2.33242549,48.91261259],[2.33240951,48.91258192],[2.33240326,48.9124308],[2.33240677,48.91236967],[2.33241635,48.91226091],[2.33244107,48.91214233],[2.33251164,48.91195927],[2.3325718,48.91184269],[2.33265127,48.91171004],[2.3326818,48.91166974],[2.33271792,48.91161958],[2.33277331,48.91155604],[2.33290177,48.91143355],[2.33265579,48.91125142],[2.33200744,48.91084761],[2.33122242,48.91035671],[2.33063228,48.90999009],[2.33031016,48.90978864],[2.33008685,48.9096489],[2.32991496,48.90954182],[2.32977691,48.90945561],[2.3297187,48.90942021],[2.32879701,48.90884579],[2.32825966,48.90851363],[2.32819468,48.90847459],[2.32805322,48.90844143],[2.32798147,48.90839876],[2.32743452,48.90807193],[2.32670914,48.9076173],[2.32679998,48.90755576],[2.32686572,48.90743023],[2.32688494,48.90721],[2.32688935,48.90718575],[2.32690407,48.90710219],[2.32691339,48.90701501],[2.3269494,48.90686773],[2.32727423,48.90643429],[2.32736999,48.90630892],[2.3273922,48.90627937],[2.32730517,48.90625729],[2.32726982,48.9062481],[2.32721406,48.9062343],[2.32697199,48.90617538],[2.32675147,48.90613817],[2.3267283,48.90613624],[2.32659319,48.90603476],[2.32620173,48.90581852],[2.32543109,48.90538611],[2.32526171,48.90529703],[2.32514772,48.90525052],[2.32504212,48.90518877],[2.32496373,48.90513167],[2.32474853,48.90500006],[2.32454796,48.9048973],[2.32432184,48.90476653],[2.32405523,48.90460225],[2.32401035,48.9045912],[2.32396531,48.90459275],[2.32286638,48.90381223],[2.32287102,48.90376999],[2.32303408,48.90371425],[2.3230808,48.90368844],[2.32310749,48.90362923],[2.32312332,48.90356547],[2.32315345,48.90345143],[2.32318494,48.90323307],[2.32319092,48.90319264],[2.32318356,48.90312964],[2.32315167,48.90285427],[2.32308383,48.90261647],[2.32300178,48.90242175],[2.32295684,48.90231088],[2.3229172,48.90221263],[2.32283515,48.90201792],[2.32275177,48.90182139],[2.32254388,48.90186339],[2.32222526,48.90192274],[2.32220002,48.90187133],[2.3221808,48.90188022],[2.32101297,48.90251841],[2.32051158,48.90278536],[2.32038239,48.90285927],[2.32024517,48.90292055]]]]},"properties":{"id":"SO9","nom":"Secteur 9","commune":"93070","arr":null,"zone":null,"secteur":null}},{"type":"Feature","geometry":{"type":"MultiPolygon","coordinates":[[[[2.31960948,48.90135483],[2.32024517,48.90292055],[2.32038239,48.90285927],[2.32051158,48.90278536],[2.32101297,48.90251841],[2.3221808,48.90188022],[2.32220002,48.90187133],[2.32222526,48.90192274],[2.32254388,48.90186339],[2.32275177,48.90182139],[2.32283515,48.90201792],[2.3229172,48.90221263],[2.32295684,48.90231088],[2.32300178,48.90242175],[2.32308383,48.90261647],[2.32315167,48.90285427],[2.32318356,48.90312964],[2.32319092,48.90319264],[2.32318494,48.90323307],[2.32315345,48.90345143],[2.32312332,48.90356547],[2.32310749,48.90362923],[2.3230808,48.90368844],[2.32303408,48.90371425],[2.32287102,48.90376999],[2.32286638,48.90381223],[2.32396531,48.90459275],[2.32401035,48.9045912],[2.32405523,48.90460225],[2.32432184,48.90476653],[2.32454796,48.9048973],[2.32474853,48.90500006],[2.32496373,48.90513167],[2.32504212,48.90518877],[2.32514772,48.90525052],[2.32526171,48.90529703],[2.32528282,48.90524768],[2.32529028,48.90519826],[2.32526799,48.90512889],[2.32523995,48.90508197],[2.32515808,48.90497808],[2.32526621,48.90494992],[2.32542209,48.90492202],[2.32549175,48.90491611],[2.32555861,48.90491469],[2.32559541,48.9049176],[2.32566514,48.9049054],[2.32570752,48.90489844],[2.3287234,48.9045035],[2.32839093,48.90426152],[2.32761787,48.9037005],[2.32742458,48.90356182],[2.32733537,48.90349837],[2.32717722,48.90338507],[2.32708312,48.90327752],[2.32702125,48.90320972],[2.32687325,48.90305061],[2.32682755,48.90299819],[2.32671047,48.90287433],[2.32661408,48.9027326],[2.3266048,48.90271186],[2.32659681,48.90269653],[2.32657078,48.90260015],[2.32653362,48.90241468],[2.32647924,48.90218955],[2.32644706,48.90204098],[2.32634554,48.90155838],[2.32635146,48.90152244],[2.32634883,48.90151433],[2.32605005,48.90120148],[2.32583637,48.90095387],[2.32326961,48.90081259],[2.32308138,48.90081153],[2.32255361,48.90080135],[2.32217449,48.90079381],[2.32207309,48.90082831],[2.32180309,48.90082138],[2.32133132,48.90080612],[2.32049822,48.90077801],[2.32043414,48.90077585],[2.32030416,48.90070137],[2.31988717,48.90045978],[2.31970774,48.90103792],[2.31965971,48.90116445],[2.31960948,48.90135483]]]]},"properties":{"id":"SO10","nom":"Secteur 10","commune":"93070","arr":null,"zone":null,"secteur":null}},{"type":"Feature","geometry":{"type":"MultiPolygon","coordinates":[[[[2.32515808,48.90497808],[2.32523995,48.90508197],[2.32526799,48.90512889],[2.32529028,48.90519826],[2.32528282,48.90524768],[2.32526171,48.90529703],[2.32543109,48.90538611],[2.32620173,48.90581852],[2.32659319,48.90603476],[2.3267283,48.90613624],[2.32675147,48.90613817],[2.32697199,48.90617538],[2.32721406,48.9062343],[2.32726982,48.9062481],[2.32730517,48.90625729],[2.3273922,48.90627937],[2.32736999,48.90630892],[2.32727423,48.90643429],[2.3269494,48.90686773],[2.32691339,48.90701501],[2.32690407,48.90710219],[2.32688935,48.90718575],[2.32688494,48.90721],[2.32686572,48.90743023],[2.32679998,48.90755576],[2.32670914,48.9076173],[2.32743452,48.90807193],[2.32798147,48.90839876],[2.32805322,48.90844143],[2.32819468,48.90847459],[2.32825966,48.90851363],[2.32879701,48.90884579],[2.3297187,48.90942021],[2.32976304,48.90926128],[2.32986514,48.90896059],[2.32998723,48.90859075],[2.33000949,48.9085576],[2.33009092,48.90848431],[2.33025926,48.90833687],[2.33079791,48.90782547],[2.33102159,48.90761808],[2.33109062,48.90755462],[2.33112375,48.90752423],[2.33114035,48.90750633],[2.33119292,48.90744997],[2.33122334,48.90741866],[2.33133541,48.90729698],[2.33181232,48.9067043],[2.33189841,48.90658697],[2.33198177,48.90646962],[2.33193428,48.90634346],[2.33175397,48.90582984],[2.33139427,48.90473247],[2.33131384,48.90451529],[2.33102883,48.90365845],[2.33083691,48.9030944],[2.33060953,48.90242404],[2.3305609,48.90228078],[2.33040179,48.90234824],[2.32971372,48.90323831],[2.3287234,48.9045035],[2.32570752,48.90489844],[2.32566514,48.9049054],[2.32559541,48.9049176],[2.32555861,48.90491469],[2.32549175,48.90491611],[2.32542209,48.90492202],[2.32526621,48.90494992],[2.32515808,48.90497808]]]]},"properties":{"id":"SO11","nom":"Secteur 11","commune":"93070","arr":null,"zone":null,"secteur":null}},{"type":"Feature","geometry":{"type":"MultiPolygon","coordinates":[[[[2.32583637,48.90095387],[2.32605005,48.90120148],[2.32634883,48.90151433],[2.32635146,48.90152244],[2.32634554,48.90155838],[2.32644706,48.90204098],[2.32647924,48.90218955],[2.32653362,48.90241468],[2.32657078,48.90260015],[2.32659681,48.90269653],[2.3266048,48.90271186],[2.32661408,48.9027326],[2.32671047,48.90287433],[2.32682755,48.90299819],[2.32687325,48.90305061],[2.32702125,48.90320972],[2.32708312,48.90327752],[2.32717722,48.90338507],[2.32733537,48.90349837],[2.32742458,48.90356182],[2.32761787,48.9037005],[2.32839093,48.90426152],[2.3287234,48.9045035],[2.32971372,48.90323831],[2.33040179,48.90234824],[2.3305609,48.90228078],[2.33034417,48.90163116],[2.33027346,48.90140234],[2.32973799,48.90103602],[2.3293425,48.90102841],[2.32897972,48.90102278],[2.32872471,48.90101686],[2.32831693,48.90101007],[2.3279269,48.90100249],[2.32785462,48.90100118],[2.32773324,48.9009987],[2.32763096,48.90099723],[2.32726138,48.90098976],[2.32653449,48.90097668],[2.32583637,48.90095387]]]]},"properties":{"id":"SO12","nom":"Secteur 12","commune":"93070","arr":null,"zone":null,"secteur":null}},{"type":"Feature","geometry":{"type":"MultiPolygon","coordinates":[[[[2.32973799,48.90103602],[2.33027346,48.90140234],[2.33034417,48.90163116],[2.3305609,48.90228078],[2.33060953,48.90242404],[2.33083691,48.9030944],[2.33102883,48.90365845],[2.33131384,48.90451529],[2.33139427,48.90473247],[2.33175397,48.90582984],[2.33193428,48.90634346],[2.33198177,48.90646962],[2.33205138,48.9063603],[2.33217671,48.90616225],[2.33308161,48.90463936],[2.33310275,48.90458641],[2.33313088,48.90452002],[2.33320618,48.90439274],[2.33327027,48.90428788],[2.33352952,48.90385765],[2.33364659,48.90366405],[2.33381264,48.90337359],[2.33397869,48.90308314],[2.33404148,48.90297377],[2.33442789,48.90230593],[2.33474689,48.9017879],[2.33475942,48.90176818],[2.33496742,48.90139702],[2.3349995,48.90134144],[2.33487796,48.90124544],[2.3347861,48.90117478],[2.33474291,48.90113857],[2.33461064,48.90113514],[2.33199639,48.90107832],[2.33171136,48.90107313],[2.33152725,48.9010694],[2.33140178,48.9010678],[2.33131723,48.90106553],[2.33117131,48.90106292],[2.33098857,48.9010592],[2.33042123,48.90104884],[2.33014712,48.90104371],[2.32986209,48.90103851],[2.32981436,48.90103735],[2.32973799,48.90103602]]]]},"properties":{"id":"SO13","nom":"Secteur 13","commune":"93070","arr":null,"zone":null,"secteur":null}},{"type":"Feature","geometry":{"type":"MultiPolygon","coordinates":[[[[2.33198177,48.90646962],[2.33233267,48.90751029],[2.33236027,48.90759228],[2.33254286,48.90760948],[2.3329844,48.90764702],[2.33363077,48.9076704],[2.33377396,48.90767479],[2.33378085,48.90766943],[2.3339061,48.9075838],[2.3340327,48.90749817],[2.33439739,48.90725108],[2.33452953,48.90716009],[2.33460248,48.90710923],[2.33465347,48.90706905],[2.33490983,48.90686543],[2.33503644,48.9067789],[2.33536537,48.9065541],[2.33617978,48.90602262],[2.33638242,48.90585827],[2.33654755,48.90574587],[2.33680624,48.90557194],[2.33721906,48.90529274],[2.337658,48.9049975],[2.33804879,48.90473346],[2.33680386,48.90393877],[2.3367998,48.90393605],[2.33642554,48.9036525],[2.33638257,48.9035992],[2.33627427,48.90342683],[2.33638699,48.90335911],[2.33660005,48.90323258],[2.33643134,48.90309046],[2.3356171,48.90254366],[2.3353533,48.90237132],[2.33503303,48.9025611],[2.33436952,48.90292343],[2.33429151,48.90326294],[2.33397869,48.90308314],[2.33381264,48.90337359],[2.33364659,48.90366405],[2.33352952,48.90385765],[2.33327027,48.90428788],[2.33320618,48.90439274],[2.33313088,48.90452002],[2.33310275,48.90458641],[2.33308161,48.90463936],[2.33217671,48.90616225],[2.33205138,48.9063603],[2.33198177,48.90646962]]]]},"properties":{"id":"SO14","nom":"Secteur 14","commune":"93070","arr":null,"zone":null,"secteur":null}},{"type":"Feature","geometry":{"type":"MultiPolygon","coordinates":[[[[2.33397869,48.90308314],[2.33429151,48.90326294],[2.33436952,48.90292343],[2.33503303,48.9025611],[2.3353533,48.90237132],[2.3356171,48.90254366],[2.33643134,48.90309046],[2.33660005,48.90323258],[2.33638699,48.90335911],[2.33627427,48.90342683],[2.33638257,48.9035992],[2.33642554,48.9036525],[2.3367998,48.90393605],[2.33680386,48.90393877],[2.33804879,48.90473346],[2.33810928,48.90469692],[2.3385468,48.90440526],[2.33900376,48.90408673],[2.33908771,48.90402874],[2.33985278,48.90350866],[2.34003305,48.90338555],[2.34033649,48.90323074],[2.3405054,48.90314264],[2.34128255,48.90274402],[2.3415049,48.90263642],[2.34176569,48.90251016],[2.34189469,48.90244881],[2.3419702,48.90241056],[2.34212374,48.90235115],[2.3423242,48.90224793],[2.34252193,48.90214559],[2.34265374,48.90207797],[2.3427581,48.90202368],[2.34362334,48.90145196],[2.34372,48.90135897],[2.34375595,48.90132049],[2.34336321,48.90131114],[2.34326909,48.90131063],[2.3432077,48.90131119],[2.34232536,48.90129286],[2.34216033,48.90129015],[2.34138297,48.90127599],[2.3408143,48.90126387],[2.34074613,48.9012608],[2.34072023,48.90125975],[2.34003152,48.90124697],[2.33995377,48.90124654],[2.339771,48.90124463],[2.33865682,48.9012223],[2.33861591,48.90122117],[2.33793812,48.90120753],[2.33783857,48.90120519],[2.33769946,48.90120352],[2.33754265,48.90119815],[2.33750993,48.90119707],[2.33740901,48.90119472],[2.33723991,48.90119108],[2.33679123,48.9011823],[2.33671895,48.901181],[2.3361721,48.90116898],[2.33564162,48.90115705],[2.33554751,48.90115563],[2.33527341,48.90114961],[2.33517113,48.90114724],[2.33511113,48.90114601],[2.33482746,48.90114084],[2.33474291,48.90113857],[2.3347861,48.90117478],[2.33487796,48.90124544],[2.3349995,48.90134144],[2.33496742,48.90139702],[2.33475942,48.90176818],[2.33474689,48.9017879],[2.33442789,48.90230593],[2.33404148,48.90297377],[2.33397869,48.90308314]]]]},"properties":{"id":"SO15","nom":"Secteur 15","commune":"93070","arr":null,"zone":null,"secteur":null}},{"type":"Feature","geometry":{"type":"MultiPolygon","coordinates":[[[[2.33819692,48.90595824],[2.33924931,48.90666552],[2.3397537,48.90701813],[2.33998629,48.90718129],[2.34014721,48.90729369],[2.34083686,48.90777682],[2.34096214,48.90768758],[2.34122642,48.90750287],[2.34137384,48.90738857],[2.34171685,48.90712696],[2.34215202,48.9068056],[2.34388699,48.90553449],[2.34415401,48.9053471],[2.34453668,48.9050758],[2.3446468,48.90499727],[2.3451198,48.90470218],[2.34567665,48.90435629],[2.34622387,48.90401574],[2.34675596,48.9036841],[2.34707219,48.90348708],[2.34603242,48.90242381],[2.34569435,48.90207933],[2.34618668,48.90187158],[2.34623743,48.90184937],[2.34667215,48.90166648],[2.346735,48.90165873],[2.34680428,48.90168159],[2.34686358,48.90173947],[2.34695222,48.90185057],[2.3470226,48.90200294],[2.34711926,48.90223639],[2.34821689,48.90205711],[2.3482053,48.90200219],[2.34800916,48.901761],[2.34774584,48.90143851],[2.34771495,48.90139967],[2.34663483,48.9013794],[2.3457143,48.90136088],[2.34541565,48.90135386],[2.34517698,48.90134985],[2.3449847,48.9013452],[2.344506,48.90133719],[2.34412826,48.90132793],[2.34410916,48.90132782],[2.34405597,48.90132753],[2.34391413,48.90132496],[2.34379277,48.90132159],[2.34375595,48.90132049],[2.34372,48.90135897],[2.34362334,48.90145196],[2.3427581,48.90202368],[2.34265374,48.90207797],[2.34252193,48.90214559],[2.3423242,48.90224793],[2.34212374,48.90235115],[2.3419702,48.90241056],[2.34189469,48.90244881],[2.34176569,48.90251016],[2.3415049,48.90263642],[2.34128255,48.90274402],[2.3405054,48.90314264],[2.34033649,48.90323074],[2.34003305,48.90338555],[2.33985278,48.90350866],[2.33908771,48.90402874],[2.33900376,48.90408673],[2.33988093,48.90473188],[2.33996062,48.90479437],[2.33996583,48.90481419],[2.33995741,48.90483213],[2.33992566,48.90486163],[2.33959561,48.90507025],[2.3391418,48.90535552],[2.33867009,48.90565329],[2.33819692,48.90595824]]]]},"properties":{"id":"SO16","nom":"Secteur 16","commune":"93070","arr":null,"zone":null,"secteur":null}},{"type":"Feature","geometry":{"type":"MultiPolygon","coordinates":[[[[2.34415129,48.905455],[2.3441586,48.90671498],[2.34416999,48.90732747],[2.34416781,48.90739221],[2.34417061,48.90868543],[2.34418047,48.90931051],[2.34418455,48.90952816],[2.34419108,48.90998415],[2.34419744,48.9103457],[2.34419725,48.91036099],[2.34419279,48.91049856],[2.344164,48.91137523],[2.34418034,48.91181148],[2.34418533,48.9119563],[2.34421296,48.91268758],[2.34421444,48.91289443],[2.34422688,48.91320656],[2.34417019,48.91348324],[2.34417003,48.91360374],[2.34415713,48.9140866],[2.34423227,48.91407892],[2.34467362,48.91402827],[2.34507489,48.91401788],[2.34522906,48.91401872],[2.34538039,48.91402854],[2.34547175,48.91403353],[2.34571957,48.91407356],[2.34599303,48.9141362],[2.34705831,48.91438213],[2.34721891,48.91397922],[2.34725692,48.9138859],[2.34745556,48.91338696],[2.34771326,48.91274716],[2.34785553,48.91239091],[2.34817243,48.91159945],[2.34822032,48.9114801],[2.34825413,48.91139485],[2.34831067,48.91123778],[2.34834888,48.91112827],[2.34839835,48.91099095],[2.34849378,48.91099686],[2.3488851,48.91101698],[2.34934886,48.91102669],[2.34975681,48.91102621],[2.35004766,48.9110071],[2.35047913,48.91097977],[2.35083835,48.91094844],[2.35087144,48.91092074],[2.35105406,48.91071849],[2.35114438,48.91058678],[2.35126911,48.91032216],[2.35135279,48.91006631],[2.35147733,48.90937811],[2.35147235,48.90934031],[2.35146089,48.9092746],[2.35164435,48.90834661],[2.35160204,48.90812875],[2.35123361,48.90758807],[2.35119016,48.90746193],[2.35121809,48.90719139],[2.35121955,48.9071833],[2.35127058,48.90648212],[2.35135445,48.90533505],[2.35142997,48.90452968],[2.3515428,48.90368583],[2.35159978,48.9036016],[2.35163167,48.90345069],[2.35167589,48.90318563],[2.35169087,48.9030787],[2.35178288,48.90270058],[2.35182465,48.90252275],[2.35183901,48.90235555],[2.35195549,48.90165562],[2.35198354,48.9014849],[2.35191944,48.90148365],[2.34830001,48.90141095],[2.34807771,48.90140705],[2.34771495,48.90139967],[2.34774584,48.90143851],[2.34800916,48.901761],[2.3482053,48.90200219],[2.34821689,48.90205711],[2.34711926,48.90223639],[2.3470226,48.90200294],[2.34695222,48.90185057],[2.34686358,48.90173947],[2.34680428,48.90168159],[2.346735,48.90165873],[2.34667215,48.90166648],[2.34623743,48.90184937],[2.34618668,48.90187158],[2.34569435,48.90207933],[2.34603242,48.90242381],[2.34707219,48.90348708],[2.34675596,48.9036841],[2.34622387,48.90401574],[2.34567665,48.90435629],[2.3451198,48.90470218],[2.3446468,48.90499727],[2.34453668,48.9050758],[2.34415401,48.9053471],[2.34415129,48.905455]]]]},"properties":{"id":"SO17","nom":"Secteur 17","commune":"93070","arr":null,"zone":null,"secteur":null}},{"type":"Feature","geometry":{"type":"MultiPolygon","coordinates":[[[[2.33987555,48.90849007],[2.33998003,48.90853561],[2.34048192,48.90876411],[2.34144299,48.90925592],[2.34222773,48.90966672],[2.34248279,48.90978053],[2.34287632,48.90994816],[2.34324703,48.91008689],[2.34397963,48.91030764],[2.34408302,48.91033159],[2.34419725,48.91036099],[2.34419744,48.9103457],[2.34419108,48.90998415],[2.34418455,48.90952816],[2.34418047,48.90931051],[2.34417061,48.90868543],[2.34416781,48.90739221],[2.34416999,48.90732747],[2.3441586,48.90671498],[2.34415129,48.905455],[2.34415401,48.9053471],[2.34388699,48.90553449],[2.34215202,48.9068056],[2.34171685,48.90712696],[2.34137384,48.90738857],[2.34122642,48.90750287],[2.34096214,48.90768758],[2.34083686,48.90777682],[2.34040162,48.90810267],[2.34005461,48.90835616],[2.33991274,48.9084624],[2.33987555,48.90849007]]]]},"properties":{"id":"SO18","nom":"Secteur 18","commune":"93070","arr":null,"zone":null,"secteur":null}},{"type":"Feature","geometry":{"type":"Polygon","coordinates":[[[2.47889065,48.80490511],[2.47963338,48.80483729],[2.48000942,48.80481195],[2.48077768,48.80477752],[2.48134288,48.80476198],[2.48155119,48.80476288],[2.48217869,48.80478089],[2.48314501,48.80482015],[2.48334502,48.80483451],[2.48366198,48.80486286],[2.48405377,48.80489783],[2.48442785,48.80493272],[2.48452585,48.80493674],[2.48461165,48.80493441],[2.48468798,48.80492575],[2.48475628,48.80490356],[2.48481673,48.80484895],[2.48484317,48.80479061],[2.48491676,48.80478373],[2.48543826,48.80464387],[2.48558045,48.80458423],[2.48557179,48.80449605],[2.48561777,48.80452773],[2.4856747,48.80455405],[2.48574803,48.80457326],[2.48583823,48.80453947],[2.48597625,48.8044879],[2.48613062,48.8044355],[2.48636709,48.80434208],[2.48687673,48.80416079],[2.48694093,48.80413948],[2.48733866,48.8039856],[2.48787822,48.80380713],[2.48888376,48.80345438],[2.48937845,48.80326853],[2.48958339,48.80319655],[2.48981289,48.80311749],[2.48993722,48.80307395],[2.49010929,48.80302072],[2.49060128,48.80283215],[2.49087458,48.80272898],[2.49096751,48.8026943],[2.49137883,48.80253956],[2.49146367,48.80249585],[2.49185081,48.80230683],[2.49193305,48.80225052],[2.49207243,48.80219805],[2.49221315,48.80214828],[2.49259821,48.80203299],[2.49305575,48.80188474],[2.49384838,48.80157871],[2.49426403,48.80139699],[2.4945744,48.8012616],[2.49525385,48.80097217],[2.49601407,48.80063631],[2.49729628,48.80009938],[2.49789761,48.79986088],[2.49836373,48.79966587],[2.49900865,48.79942394],[2.49976843,48.79912853],[2.50104911,48.79860234],[2.5026672,48.79795164],[2.50266585,48.79795073],[2.50264854,48.79791019],[2.50266527,48.79786888],[2.50267212,48.79786442],[2.50270638,48.79784027],[2.50270099,48.79783486],[2.50251316,48.79768837],[2.50182315,48.79723851],[2.5016811,48.79714528],[2.50153905,48.79705205],[2.50124682,48.79686106],[2.50110477,48.79676783],[2.50096678,48.79667731],[2.50026599,48.79621929],[2.49947466,48.79569254],[2.49936562,48.79556437],[2.49932804,48.79550935],[2.49927166,48.79542637],[2.49917766,48.79529107],[2.49912534,48.7952108],[2.49797274,48.79346925],[2.49786942,48.79331322],[2.49746315,48.79267025],[2.49709308,48.79208588],[2.49653572,48.79116256],[2.49626776,48.79071983],[2.49614584,48.79051785],[2.49597163,48.79023381],[2.49561926,48.78965221],[2.49530967,48.78915174],[2.49529118,48.7890941],[2.49529026,48.78904823],[2.49428381,48.78910604],[2.49398964,48.78912278],[2.49389431,48.78912777],[2.49380981,48.7891391],[2.49374158,48.7891568],[2.49366913,48.78918887],[2.49313761,48.78953738],[2.49261701,48.78988324],[2.49240055,48.79002622],[2.49151564,48.79059987],[2.49076201,48.79111022],[2.49008603,48.78994082],[2.48968973,48.78926548],[2.48929206,48.78859194],[2.48857985,48.78890368],[2.48755321,48.78935348],[2.48672067,48.78971865],[2.48552616,48.79021088],[2.48378578,48.79097865],[2.48368052,48.79102407],[2.48321293,48.79123161],[2.48221932,48.79163653],[2.48175832,48.79172807],[2.48165192,48.79175009],[2.48150502,48.79173866],[2.48142018,48.79178416],[2.48109948,48.79186551],[2.48100236,48.79191276],[2.48065922,48.79206147],[2.48047455,48.7921515],[2.48040476,48.79218897],[2.48033767,48.79222736],[2.47995273,48.79247212],[2.47985674,48.79254275],[2.47963868,48.79270549],[2.4786378,48.79342244],[2.47845823,48.79354667],[2.47749179,48.79422059],[2.47733441,48.79443935],[2.4769746,48.79488927],[2.47688156,48.79507234],[2.47670826,48.79538547],[2.47663588,48.79554345],[2.47658429,48.79566554],[2.47656757,48.79570414],[2.47652703,48.79580919],[2.4764702,48.79591057],[2.47638048,48.79603339],[2.47627842,48.79616516],[2.47614079,48.79631475],[2.4759181,48.79652873],[2.47568824,48.79677865],[2.47560427,48.79687092],[2.47526841,48.79723819],[2.475234,48.79727582],[2.47507988,48.79743883],[2.47456659,48.7979852],[2.47430931,48.79825299],[2.47414473,48.79837368],[2.47387454,48.79857126],[2.47348491,48.79886814],[2.4733883,48.79899722],[2.47327634,48.79903001],[2.47299223,48.79912229],[2.47270002,48.79920824],[2.47252661,48.79925874],[2.47247065,48.79927288],[2.47237095,48.79930392],[2.47225208,48.79934567],[2.4721468,48.79939107],[2.472062,48.79942937],[2.47202311,48.79950565],[2.47197077,48.79956568],[2.47189518,48.79963549],[2.47180593,48.79971065],[2.47173158,48.79979216],[2.47168178,48.79987019],[2.47165931,48.79993844],[2.47165321,48.80000317],[2.47164989,48.80006162],[2.47165066,48.80012008],[2.47165694,48.80017227],[2.47172774,48.8003066],[2.47180404,48.80043465],[2.47188698,48.80057981],[2.47196594,48.80071507],[2.47204216,48.80085121],[2.47210236,48.80095671],[2.47218812,48.80109289],[2.47220424,48.80111455],[2.47223643,48.80116236],[2.47225897,48.80122182],[2.47227329,48.80128664],[2.47227806,48.80135321],[2.4722705,48.80142783],[2.47225474,48.80150511],[2.47223754,48.80159047],[2.47220656,48.80169197],[2.47216706,48.8018285],[2.47212187,48.80198839],[2.47202727,48.80232254],[2.47187821,48.80279046],[2.47181207,48.80300333],[2.4717783,48.8031111],[2.47175542,48.80321893],[2.47174605,48.8033376],[2.47173642,48.80348236],[2.47173184,48.80366582],[2.47184608,48.80367801],[2.4735352,48.80373223],[2.47369581,48.80373654],[2.47392992,48.80374476],[2.47408916,48.80374996],[2.47415994,48.80375207],[2.47434641,48.80375829],[2.47470981,48.80377158],[2.4753386,48.80379502],[2.47573196,48.80380754],[2.47576735,48.8038086],[2.47645202,48.80382599],[2.47676922,48.80383008],[2.47689853,48.80383334],[2.47706487,48.80381068],[2.47730477,48.80419127],[2.47744416,48.80441223],[2.47759962,48.80465934],[2.47762108,48.80469181],[2.47781931,48.80501915],[2.47846539,48.80495002],[2.47889065,48.80490511]]]},"properties":{"id":"SM1","nom":"Adamville","commune":"94068","arr":null,"zone":null,"secteur":null}},{"type":"Feature","geometry":{"type":"Polygon","coordinates":[[[2.46985782,48.81242648],[2.47091434,48.8135212],[2.47099279,48.81357371],[2.47099092,48.81362407],[2.47114823,48.81368862],[2.4714677,48.8138771],[2.47150076,48.81384037],[2.47156004,48.81376869],[2.47159308,48.81373376],[2.47161639,48.81371767],[2.47164785,48.81370432],[2.47169413,48.81370632],[2.47176063,48.8137291],[2.47182417,48.81377435],[2.47206454,48.81397507],[2.47223472,48.81411433],[2.47246414,48.8143204],[2.47254514,48.81439091],[2.47273793,48.81458332],[2.47346774,48.81540497],[2.47352963,48.81547989],[2.47376103,48.81576062],[2.47419166,48.81559703],[2.47633107,48.81478888],[2.47635019,48.81478267],[2.47636796,48.81477645],[2.48009597,48.81347604],[2.48408303,48.81267668],[2.48618179,48.81251034],[2.48766185,48.81225047],[2.49028639,48.81164832],[2.49115837,48.81146137],[2.49122862,48.81137892],[2.49104762,48.81122796],[2.49086945,48.81106621],[2.4908343,48.81103998],[2.49083184,48.81101299],[2.49079814,48.81097777],[2.49044668,48.81071365],[2.49013997,48.81046771],[2.48978612,48.81016941],[2.48906342,48.81041095],[2.48888859,48.81046507],[2.48877668,48.81049067],[2.48869894,48.81050293],[2.48862536,48.81050711],[2.48842517,48.81050985],[2.48829592,48.81049851],[2.48814101,48.81046457],[2.48805283,48.81043091],[2.48791607,48.81035208],[2.48783773,48.81028789],[2.48776907,48.81020755],[2.48754953,48.80982258],[2.48743856,48.80961434],[2.48716552,48.80913201],[2.4868531,48.80905422],[2.4867131,48.80902843],[2.48627561,48.80893032],[2.48616662,48.80893615],[2.48620927,48.80889136],[2.48621779,48.80885543],[2.48621008,48.80880952],[2.48616051,48.80872657],[2.48613262,48.8086554],[2.48613212,48.80856726],[2.48600498,48.80848127],[2.48593781,48.80838834],[2.48556373,48.80779854],[2.48512529,48.80710773],[2.48481827,48.80662254],[2.48441326,48.80599572],[2.48433165,48.80584967],[2.4842902,48.80577305],[2.48424601,48.80569731],[2.48421538,48.80562792],[2.48418473,48.80556034],[2.48415945,48.80550087],[2.48410692,48.80544308],[2.48406115,48.80539072],[2.48401938,48.80534557],[2.48398804,48.80534813],[2.48395268,48.80534438],[2.4839228,48.80533706],[2.48389303,48.80531804],[2.48387826,48.80529729],[2.48387168,48.80527388],[2.48388008,48.80525053],[2.48390074,48.80522724],[2.48380126,48.8052358],[2.48368677,48.805247],[2.48358182,48.80525824],[2.48348227,48.805274],[2.48338535,48.80529876],[2.48331425,48.80532903],[2.48315455,48.80536882],[2.48296616,48.80541927],[2.48274767,48.80548308],[2.48242958,48.80556804],[2.48200362,48.80568311],[2.48150396,48.80581675],[2.48074761,48.80602033],[2.48028342,48.80614513],[2.48001994,48.80621503],[2.4798643,48.80625662],[2.47975644,48.80628583],[2.47969091,48.80630354],[2.47918304,48.80643893],[2.47877209,48.80655046],[2.47836113,48.80666199],[2.47770882,48.80680754],[2.47762695,48.80682517],[2.4774796,48.80685421],[2.47652491,48.80700922],[2.47619353,48.80705993],[2.47599307,48.80709053],[2.4759167,48.80710189],[2.47533712,48.80719018],[2.47519116,48.80721742],[2.47505062,48.80724559],[2.47490462,48.80727642],[2.47455503,48.80737742],[2.47416989,48.80749174],[2.47400602,48.80753959],[2.47392537,48.80757071],[2.47384739,48.80760635],[2.47377619,48.8076456],[2.47369387,48.8077073],[2.47361959,48.80778162],[2.47352317,48.80789092],[2.47341716,48.80800647],[2.47332631,48.80810411],[2.47324783,48.8081892],[2.47317629,48.80826174],[2.47310479,48.80833067],[2.47304298,48.80838346],[2.47297303,48.80843442],[2.472811,48.80856771],[2.47267922,48.80867326],[2.4720873,48.8091707],[2.47198302,48.80924939],[2.4715794,48.80957408],[2.47148336,48.8096447],[2.47135505,48.80967561],[2.47125675,48.80970126],[2.47116531,48.80972154],[2.47106707,48.80974089],[2.4710172,48.80982522],[2.47095941,48.80988432],[2.47089054,48.80996136],[2.47085191,48.81001066],[2.47082822,48.81006451],[2.47074319,48.8101235],[2.47057172,48.81024775],[2.47039631,48.8103567],[2.47008935,48.8105478],[2.46941375,48.81096752],[2.4693369,48.81102653],[2.46924065,48.81111784],[2.4691027,48.81129261],[2.46904062,48.81137058],[2.46882567,48.81161785],[2.4687101,48.81173426],[2.46865234,48.81178976],[2.46885427,48.81188509],[2.46863708,48.81261982],[2.46868593,48.81263713],[2.46878084,48.81267712],[2.46885139,48.81270262],[2.46892395,48.81266516],[2.46897728,48.81264382],[2.46908384,48.81261011],[2.4695493,48.81250156],[2.46960388,48.81249101],[2.46985782,48.81242648]]]},"properties":{"id":"SM2","nom":"Le Vieux Saint-Maur","commune":"94068","arr":null,"zone":null,"secteur":null}},{"type":"Feature","geometry":{"type":"Polygon","coordinates":[[[2.4842902,48.80577305],[2.48433165,48.80584967],[2.48441326,48.80599572],[2.48481827,48.80662254],[2.48512529,48.80710773],[2.48556373,48.80779854],[2.48593781,48.80838834],[2.48600498,48.80848127],[2.48613212,48.80856726],[2.48613262,48.8086554],[2.48616051,48.80872657],[2.48621008,48.80880952],[2.48621779,48.80885543],[2.48620927,48.80889136],[2.48616662,48.80893615],[2.48627561,48.80893032],[2.4867131,48.80902843],[2.4868531,48.80905422],[2.48716552,48.80913201],[2.48743856,48.80961434],[2.48754953,48.80982258],[2.48776907,48.81020755],[2.48783773,48.81028789],[2.48791607,48.81035208],[2.48805283,48.81043091],[2.48814101,48.81046457],[2.48829592,48.81049851],[2.48842517,48.81050985],[2.48862536,48.81050711],[2.48869894,48.81050293],[2.48877668,48.81049067],[2.48888859,48.81046507],[2.48906342,48.81041095],[2.48978612,48.81016941],[2.49013997,48.81046771],[2.49044668,48.81071365],[2.49079814,48.81097777],[2.49083184,48.81101299],[2.4908343,48.81103998],[2.49086945,48.81106621],[2.49104762,48.81122796],[2.49122862,48.81137892],[2.49115837,48.81146137],[2.49176847,48.81131646],[2.49446375,48.81085212],[2.49562049,48.81064475],[2.49723337,48.81044019],[2.4978764,48.81040872],[2.49979316,48.81046352],[2.50172316,48.81055702],[2.50271169,48.81056474],[2.50328214,48.8105761],[2.50400573,48.81052065],[2.50494318,48.81045798],[2.50645279,48.81036979],[2.50801387,48.81030967],[2.50874596,48.81021824],[2.50926907,48.81005041],[2.50985219,48.80987293],[2.50972718,48.80955493],[2.50969927,48.80948197],[2.50946378,48.80889371],[2.50940537,48.80873428],[2.50930048,48.80844875],[2.50920363,48.80817854],[2.50910344,48.80782827],[2.50906939,48.80768423],[2.50906035,48.80763203],[2.50904602,48.80756362],[2.50898764,48.80711099],[2.50890254,48.80646039],[2.50882234,48.80557867],[2.50877602,48.80514767],[2.50876374,48.80500552],[2.50875377,48.80490835],[2.50870942,48.80470221],[2.50861618,48.80448238],[2.50858539,48.80442649],[2.50854391,48.80434897],[2.50851037,48.80429577],[2.50835983,48.80408919],[2.50820627,48.80391318],[2.5075797,48.80321988],[2.50725226,48.80285967],[2.50697368,48.80251586],[2.50636343,48.80182801],[2.50611279,48.80155357],[2.5057881,48.80119247],[2.50513897,48.8004442],[2.50511336,48.80041711],[2.50481426,48.8000858],[2.50460138,48.79985107],[2.50425516,48.7994656],[2.50394814,48.79910997],[2.5036101,48.79872363],[2.50348891,48.79858372],[2.50318994,48.79824161],[2.50318863,48.79823621],[2.50295261,48.79800229],[2.50293236,48.79798422],[2.50287408,48.79795699],[2.50288231,48.79795073],[2.50289904,48.79790943],[2.5028831,48.79786799],[2.50288175,48.79786709],[2.50283574,48.79783811],[2.50277322,48.79782706],[2.50271049,48.79783759],[2.50270638,48.79784027],[2.50267212,48.79786442],[2.50266527,48.79786888],[2.50264854,48.79791019],[2.50266585,48.79795073],[2.5026672,48.79795164],[2.50104911,48.79860234],[2.49976843,48.79912853],[2.49900865,48.79942394],[2.49836373,48.79966587],[2.49789761,48.79986088],[2.49729628,48.80009938],[2.49601407,48.80063631],[2.49525385,48.80097217],[2.4945744,48.8012616],[2.49426403,48.80139699],[2.49384838,48.80157871],[2.49305575,48.80188474],[2.49259821,48.80203299],[2.49221315,48.80214828],[2.49207243,48.80219805],[2.49193305,48.80225052],[2.49185081,48.80230683],[2.49146367,48.80249585],[2.49137883,48.80253956],[2.49096751,48.8026943],[2.49087458,48.80272898],[2.49060128,48.80283215],[2.49010929,48.80302072],[2.48993722,48.80307395],[2.48981289,48.80311749],[2.48958339,48.80319655],[2.48937845,48.80326853],[2.48888376,48.80345438],[2.48787822,48.80380713],[2.48733866,48.8039856],[2.48694093,48.80413948],[2.48687673,48.80416079],[2.48636709,48.80434208],[2.48613062,48.8044355],[2.48597625,48.8044879],[2.48583823,48.80453947],[2.48574803,48.80457326],[2.4856747,48.80455405],[2.48561777,48.80452773],[2.48557179,48.80449605],[2.48558045,48.80458423],[2.48543826,48.80464387],[2.48491676,48.80478373],[2.48499484,48.8048749],[2.48509531,48.80490322],[2.48521228,48.80491631],[2.48511933,48.80495279],[2.48505529,48.80495791],[2.48497057,48.80498812],[2.48487769,48.8050174],[2.4847862,48.80504489],[2.48469335,48.80507147],[2.48460459,48.80509717],[2.48434526,48.8051617],[2.48427565,48.80517849],[2.48420061,48.80519436],[2.48411334,48.80520747],[2.48403562,48.80521793],[2.48399343,48.80521685],[2.48394301,48.80522113],[2.48390074,48.80522724],[2.48388008,48.80525053],[2.48387168,48.80527388],[2.48387826,48.80529729],[2.48389303,48.80531804],[2.4839228,48.80533706],[2.48395268,48.80534438],[2.48398804,48.80534813],[2.48401938,48.80534557],[2.48406115,48.80539072],[2.48410692,48.80544308],[2.48415945,48.80550087],[2.48418473,48.80556034],[2.48421538,48.80562792],[2.48424601,48.80569731],[2.4842902,48.80577305]]]},"properties":{"id":"SM3","nom":"Le Parc Saint-Maur","commune":"94068","arr":null,"zone":null,"secteur":null}},{"type":"Feature","geometry":{"type":"Polygon","coordinates":[[[2.50287408,48.79795699],[2.50293236,48.79798422],[2.50295261,48.79800229],[2.50318863,48.79823621],[2.50318994,48.79824161],[2.50348891,48.79858372],[2.5036101,48.79872363],[2.50394814,48.79910997],[2.50425516,48.7994656],[2.50460138,48.79985107],[2.50481426,48.8000858],[2.50511336,48.80041711],[2.50513897,48.8004442],[2.5057881,48.80119247],[2.50611279,48.80155357],[2.50636343,48.80182801],[2.50697368,48.80251586],[2.50725226,48.80285967],[2.5075797,48.80321988],[2.50820627,48.80391318],[2.50835983,48.80408919],[2.50851037,48.80429577],[2.50854391,48.80434897],[2.50858539,48.80442649],[2.50861618,48.80448238],[2.50870942,48.80470221],[2.50875377,48.80490835],[2.50876374,48.80500552],[2.50877602,48.80514767],[2.50882234,48.80557867],[2.50890254,48.80646039],[2.50898764,48.80711099],[2.50904602,48.80756362],[2.50906035,48.80763203],[2.50906939,48.80768423],[2.50910344,48.80782827],[2.50920363,48.80817854],[2.50930048,48.80844875],[2.50940537,48.80873428],[2.50946378,48.80889371],[2.50969927,48.80948197],[2.50972718,48.80955493],[2.50985219,48.80987293],[2.5110663,48.80963686],[2.51226652,48.80957521],[2.51305838,48.8094984],[2.51374944,48.80942476],[2.51459899,48.80929331],[2.51518285,48.80917876],[2.51565355,48.80907904],[2.51635764,48.8089209],[2.5165324,48.80887034],[2.51681792,48.80876987],[2.51734086,48.80861549],[2.51827262,48.80827928],[2.51852985,48.80814451],[2.51862981,48.80808376],[2.51927611,48.80769333],[2.51968307,48.80741526],[2.52000961,48.80714676],[2.52017319,48.80697833],[2.52023526,48.80689224],[2.52033655,48.80668669],[2.5204625,48.80646415],[2.52054785,48.80636286],[2.52126962,48.80560758],[2.52210866,48.80468278],[2.52216948,48.80458319],[2.52223461,48.80445844],[2.52203724,48.80445225],[2.52174399,48.80436114],[2.52171284,48.80434303],[2.52167072,48.80433297],[2.52162716,48.80433189],[2.5215876,48.80433983],[2.52146239,48.80418553],[2.52132052,48.80421554],[2.52126471,48.80421442],[2.52123622,48.80420262],[2.51921764,48.80310536],[2.51912423,48.80304743],[2.51900357,48.80299118],[2.51843596,48.80268131],[2.51825434,48.80259244],[2.51744965,48.80215569],[2.51653264,48.80164653],[2.51628477,48.80150882],[2.51611052,48.80150632],[2.51578387,48.801496],[2.51576762,48.80133944],[2.51574521,48.80126021],[2.51565472,48.80118249],[2.51529985,48.80098499],[2.5148121,48.80072938],[2.51465492,48.8006487],[2.51394377,48.80026178],[2.51355905,48.80005425],[2.51343578,48.79998809],[2.51255384,48.79952222],[2.51241685,48.7994677],[2.51151221,48.79895585],[2.51064543,48.79847473],[2.5099302,48.79809316],[2.50956313,48.79789469],[2.50880054,48.79748414],[2.50838726,48.79727828],[2.5075191,48.79680432],[2.50687158,48.79646528],[2.50679997,48.79640833],[2.5067201,48.79636123],[2.50618862,48.79656319],[2.5058853,48.79667976],[2.50491649,48.79706069],[2.50288175,48.79786709],[2.5028831,48.79786799],[2.50289904,48.79790943],[2.50288231,48.79795073],[2.50287408,48.79795699]]]},"properties":{"id":"SM4","nom":"Champignol","commune":"94068","arr":null,"zone":null,"secteur":null}},{"type":"Feature","geometry":{"type":"Polygon","coordinates":[[[2.49786942,48.79331322],[2.49797274,48.79346925],[2.49912534,48.7952108],[2.49917766,48.79529107],[2.49927166,48.79542637],[2.49932804,48.79550935],[2.49936562,48.79556437],[2.49947466,48.79569254],[2.50026599,48.79621929],[2.50096678,48.79667731],[2.50110477,48.79676783],[2.50124682,48.79686106],[2.50153905,48.79705205],[2.5016811,48.79714528],[2.50182315,48.79723851],[2.50251316,48.79768837],[2.50270099,48.79783486],[2.50270638,48.79784027],[2.50271049,48.79783759],[2.50277322,48.79782706],[2.50283574,48.79783811],[2.50288175,48.79786709],[2.50491649,48.79706069],[2.5058853,48.79667976],[2.50618862,48.79656319],[2.5067201,48.79636123],[2.50679997,48.79640833],[2.50687158,48.79646528],[2.5075191,48.79680432],[2.50838726,48.79727828],[2.50880054,48.79748414],[2.50956313,48.79789469],[2.5099302,48.79809316],[2.51064543,48.79847473],[2.51151221,48.79895585],[2.51241685,48.7994677],[2.51255384,48.79952222],[2.51343578,48.79998809],[2.51355905,48.80005425],[2.51394377,48.80026178],[2.51465492,48.8006487],[2.5148121,48.80072938],[2.51529985,48.80098499],[2.51565472,48.80118249],[2.51574521,48.80126021],[2.51576762,48.80133944],[2.51578387,48.801496],[2.51611052,48.80150632],[2.51628477,48.80150882],[2.51653264,48.80164653],[2.51744965,48.80215569],[2.51825434,48.80259244],[2.51843596,48.80268131],[2.51900357,48.80299118],[2.51912423,48.80304743],[2.51921764,48.80310536],[2.52123622,48.80420262],[2.52126471,48.80421442],[2.52132052,48.80421554],[2.52146239,48.80418553],[2.5215876,48.80433983],[2.52162716,48.80433189],[2.52167072,48.80433297],[2.52171284,48.80434303],[2.52174399,48.80436114],[2.52203724,48.80445225],[2.52223461,48.80445844],[2.5223271,48.8041719],[2.52263594,48.80315504],[2.5228629,48.80230783],[2.52289023,48.80214785],[2.52288087,48.80153353],[2.52299204,48.80009587],[2.52303189,48.80005555],[2.52304886,48.79998727],[2.5230582,48.79985869],[2.52308942,48.79972031],[2.52312804,48.7996656],[2.52320907,48.79958858],[2.52322858,48.79953919],[2.52323498,48.79943399],[2.52322774,48.79933233],[2.52323031,48.79920013],[2.52321374,48.79907685],[2.52321356,48.79894824],[2.52318213,48.79881231],[2.52313286,48.79869159],[2.52310322,48.7986573],[2.52306917,48.79865896],[2.5231525,48.79818082],[2.5231352,48.79813758],[2.52318136,48.79800196],[2.52331847,48.79774708],[2.52338821,48.79756388],[2.52345186,48.79685542],[2.52346179,48.79681139],[2.52346575,48.7966765],[2.52347715,48.79662078],[2.52352713,48.79651396],[2.52354331,48.79638181],[2.52352976,48.79607686],[2.52347863,48.79586261],[2.52348335,48.79579247],[2.52347851,48.7957268],[2.52342199,48.79550532],[2.52334651,48.79527388],[2.52328198,48.79503619],[2.52320229,48.79481912],[2.52306733,48.79439317],[2.52301679,48.79426345],[2.52295862,48.79392505],[2.52274128,48.79313092],[2.52272965,48.79306252],[2.52272805,48.7929402],[2.52268894,48.79275117],[2.52267317,48.79268995],[2.52251882,48.7923017],[2.5223973,48.79204399],[2.52221514,48.79172038],[2.52215502,48.79159692],[2.52198745,48.79131474],[2.52195649,48.79127685],[2.52192946,48.79125605],[2.52190218,48.79126134],[2.52159047,48.79066739],[2.52156773,48.79062413],[2.52121163,48.78997245],[2.52077221,48.7893537],[2.52050585,48.78901086],[2.52014361,48.7885867],[2.51962581,48.78805667],[2.51901378,48.78756224],[2.51842665,48.78717314],[2.51774292,48.78678184],[2.51699804,48.7863795],[2.51697095,48.7863659],[2.5167579,48.78629669],[2.51664102,48.78627823],[2.51653359,48.7862679],[2.51422606,48.78588349],[2.51359262,48.78564977],[2.51244515,48.78478707],[2.51142975,48.78435751],[2.51023018,48.78412236],[2.50786446,48.78415041],[2.50719885,48.78415846],[2.50706681,48.78416061],[2.50708503,48.78453664],[2.50708953,48.78463649],[2.50702963,48.78463804],[2.50687848,48.78464641],[2.50691371,48.78495055],[2.50696089,48.78514322],[2.50699032,48.7853421],[2.50704297,48.78553119],[2.50707895,48.78561229],[2.50711853,48.78574556],[2.50717046,48.78586719],[2.50723573,48.78601766],[2.50735338,48.786243],[2.50738011,48.78629527],[2.50748861,48.7864801],[2.50762508,48.78644198],[2.50765593,48.78648978],[2.50773764,48.78662952],[2.50778996,48.78670978],[2.50787716,48.78684505],[2.50802625,48.78705612],[2.50846745,48.78775677],[2.50849567,48.78779556],[2.50852656,48.78783886],[2.50923217,48.78893812],[2.50925632,48.78897509],[2.50928718,48.78902288],[2.50982233,48.78986871],[2.50986129,48.78992373],[2.50989621,48.78997334],[2.51015224,48.79039441],[2.51054867,48.79108497],[2.51048868,48.79109551],[2.51045186,48.79110346],[2.51001511,48.79122668],[2.50983092,48.7912727],[2.50921258,48.79145453],[2.50773187,48.79185766],[2.50698131,48.79205693],[2.50623757,48.79225533],[2.50528211,48.79252839],[2.50497644,48.79260807],[2.50432961,48.79277717],[2.50369224,48.7929526],[2.50363355,48.79296855],[2.50250892,48.79327866],[2.50209949,48.79338938],[2.50114548,48.79364982],[2.50105942,48.79368094],[2.50099065,48.7937553],[2.50043088,48.79350023],[2.5003795,48.79346404],[2.50032842,48.79339638],[2.50013311,48.7931806],[2.49977081,48.79277616],[2.49870747,48.7930811],[2.49786942,48.79331322]]]},"properties":{"id":"SM5","nom":"La Varenne","commune":"94068","arr":null,"zone":null,"secteur":null}},{"type":"Feature","geometry":{"type":"Polygon","coordinates":[[[2.49525288,48.78756587],[2.49527212,48.78810919],[2.49529026,48.78904823],[2.49529118,48.7890941],[2.49530967,48.78915174],[2.49561926,48.78965221],[2.49597163,48.79023381],[2.49614584,48.79051785],[2.49626776,48.79071983],[2.49653572,48.79116256],[2.49709308,48.79208588],[2.49746315,48.79267025],[2.49786942,48.79331322],[2.49870747,48.7930811],[2.49977081,48.79277616],[2.50013311,48.7931806],[2.50032842,48.79339638],[2.5003795,48.79346404],[2.50043088,48.79350023],[2.50099065,48.7937553],[2.50105942,48.79368094],[2.50114548,48.79364982],[2.50209949,48.79338938],[2.50250892,48.79327866],[2.50363355,48.79296855],[2.50369224,48.7929526],[2.50432961,48.79277717],[2.50497644,48.79260807],[2.50528211,48.79252839],[2.50623757,48.79225533],[2.50698131,48.79205693],[2.50773187,48.79185766],[2.50921258,48.79145453],[2.50983092,48.7912727],[2.51001511,48.79122668],[2.51045186,48.79110346],[2.51048868,48.79109551],[2.51054867,48.79108497],[2.51015224,48.79039441],[2.50989621,48.78997334],[2.50986129,48.78992373],[2.50982233,48.78986871],[2.50928718,48.78902288],[2.50925632,48.78897509],[2.50923217,48.78893812],[2.50852656,48.78783886],[2.50849567,48.78779556],[2.50846745,48.78775677],[2.50802625,48.78705612],[2.50787716,48.78684505],[2.50778996,48.78670978],[2.50773764,48.78662952],[2.50765593,48.78648978],[2.50762508,48.78644198],[2.50748861,48.7864801],[2.50738011,48.78629527],[2.50735338,48.786243],[2.50723573,48.78601766],[2.50717046,48.78586719],[2.50711853,48.78574556],[2.50707895,48.78561229],[2.50704297,48.78553119],[2.50699032,48.7853421],[2.50696089,48.78514322],[2.50691371,48.78495055],[2.50687848,48.78464641],[2.50702963,48.78463804],[2.50708953,48.78463649],[2.50708503,48.78453664],[2.50706681,48.78416061],[2.50704912,48.78416054],[2.50693479,48.78416097],[2.50475409,48.78433992],[2.5025734,48.78451794],[2.50039133,48.78469501],[2.49948196,48.78471549],[2.49824392,48.78466353],[2.49535637,48.78432399],[2.49535919,48.78473592],[2.49534876,48.78482942],[2.49533169,48.78490579],[2.49531161,48.78501184],[2.4952803,48.78515291],[2.49524337,48.78531285],[2.49523544,48.78542884],[2.49523203,48.78549987],[2.49521624,48.78600617],[2.49523638,48.78673836],[2.49525075,48.78722319],[2.49525288,48.78756587]]]},"properties":{"id":"SM6","nom":"Les Mûriers","commune":"94068","arr":null,"zone":null,"secteur":null}},{"type":"Feature","geometry":{"type":"Polygon","coordinates":[[[2.48929206,48.78859194],[2.48968973,48.78926548],[2.49008603,48.78994082],[2.49076201,48.79111022],[2.49151564,48.79059987],[2.49240055,48.79002622],[2.49261701,48.78988324],[2.49313761,48.78953738],[2.49366913,48.78918887],[2.49374158,48.7891568],[2.49380981,48.7891391],[2.49389431,48.78912777],[2.49398964,48.78912278],[2.49428381,48.78910604],[2.49529026,48.78904823],[2.49527212,48.78810919],[2.49525288,48.78756587],[2.49525075,48.78722319],[2.49523638,48.78673836],[2.49521624,48.78600617],[2.49523203,48.78549987],[2.49523544,48.78542884],[2.49524337,48.78531285],[2.4952803,48.78515291],[2.49531161,48.78501184],[2.49533169,48.78490579],[2.49534876,48.78482942],[2.49535919,48.78473592],[2.49535637,48.78432399],[2.49534006,48.78432212],[2.49517148,48.78430252],[2.49436818,48.7841921],[2.49320293,48.78407473],[2.49088952,48.78404152],[2.48757758,48.78410021],[2.48675758,48.78416774],[2.48634759,48.78420106],[2.48409014,48.78470219],[2.4817886,48.78525346],[2.47880024,48.78601934],[2.47630913,48.78700408],[2.47462554,48.78767123],[2.47440611,48.78796977],[2.47411704,48.78829138],[2.47335498,48.789218],[2.47238252,48.79048815],[2.47209624,48.79106879],[2.47188461,48.79166955],[2.47179165,48.79251547],[2.47188588,48.79342697],[2.47178986,48.79430615],[2.47140577,48.79553572],[2.47053718,48.79822464],[2.47051049,48.79830637],[2.47010012,48.79956999],[2.47032074,48.7999658],[2.47047985,48.80025161],[2.47051307,48.80019779],[2.47052839,48.80016368],[2.47065937,48.79986747],[2.47068158,48.79982619],[2.47071637,48.7997517],[2.47073861,48.79970683],[2.4708269,48.7995921],[2.470908,48.79951601],[2.47098354,48.79945069],[2.47103161,48.79940863],[2.47107974,48.79936117],[2.47112511,48.7993182],[2.47114719,48.79928862],[2.47116514,48.79926352],[2.471179,48.7992393],[2.47119839,48.799207],[2.47120955,48.79918007],[2.47122371,48.79912617],[2.47122808,48.79909831],[2.4713259,48.79911853],[2.47143187,48.79914058],[2.47159226,48.79916558],[2.47177444,48.79918976],[2.47199746,48.79921503],[2.47217561,48.79923471],[2.47231839,48.79925063],[2.47247065,48.79927288],[2.47252661,48.79925874],[2.47270002,48.79920824],[2.47299223,48.79912229],[2.47327634,48.79903001],[2.4733883,48.79899722],[2.47348491,48.79886814],[2.47387454,48.79857126],[2.47414473,48.79837368],[2.47430931,48.79825299],[2.47456659,48.7979852],[2.47507988,48.79743883],[2.475234,48.79727582],[2.47526841,48.79723819],[2.47560427,48.79687092],[2.47568824,48.79677865],[2.4759181,48.79652873],[2.47614079,48.79631475],[2.47627842,48.79616516],[2.47638048,48.79603339],[2.4764702,48.79591057],[2.47652703,48.79580919],[2.47656757,48.79570414],[2.47658429,48.79566554],[2.47663588,48.79554345],[2.47670826,48.79538547],[2.47688156,48.79507234],[2.4769746,48.79488927],[2.47733441,48.79443935],[2.47749179,48.79422059],[2.47845823,48.79354667],[2.4786378,48.79342244],[2.47963868,48.79270549],[2.47985674,48.79254275],[2.47995273,48.79247212],[2.48033767,48.79222736],[2.48040476,48.79218897],[2.48047455,48.7921515],[2.48065922,48.79206147],[2.48100236,48.79191276],[2.48109948,48.79186551],[2.48142018,48.79178416],[2.48150502,48.79173866],[2.48165192,48.79175009],[2.48175832,48.79172807],[2.48221932,48.79163653],[2.48321293,48.79123161],[2.48368052,48.79102407],[2.48378578,48.79097865],[2.48552616,48.79021088],[2.48672067,48.78971865],[2.48755321,48.78935348],[2.48857985,48.78890368],[2.48929206,48.78859194]]]},"properties":{"id":"SM7","nom":"La Pie","commune":"94068","arr":null,"zone":null,"secteur":null}},{"type":"Feature","geometry":{"type":"Polygon","coordinates":[[[2.47173184,48.80366582],[2.47173642,48.80348236],[2.47174605,48.8033376],[2.47175542,48.80321893],[2.4717783,48.8031111],[2.47181207,48.80300333],[2.47187821,48.80279046],[2.47202727,48.80232254],[2.47212187,48.80198839],[2.47216706,48.8018285],[2.47220656,48.80169197],[2.47223754,48.80159047],[2.47225474,48.80150511],[2.4722705,48.80142783],[2.47227806,48.80135321],[2.47227329,48.80128664],[2.47225897,48.80122182],[2.47223643,48.80116236],[2.47220424,48.80111455],[2.47218812,48.80109289],[2.47210236,48.80095671],[2.47204216,48.80085121],[2.47196594,48.80071507],[2.47188698,48.80057981],[2.47180404,48.80043465],[2.47172774,48.8003066],[2.47165694,48.80017227],[2.47165066,48.80012008],[2.47164989,48.80006162],[2.47165321,48.80000317],[2.47165931,48.79993844],[2.47168178,48.79987019],[2.47173158,48.79979216],[2.47180593,48.79971065],[2.47189518,48.79963549],[2.47197077,48.79956568],[2.47202311,48.79950565],[2.472062,48.79942937],[2.4721468,48.79939107],[2.47225208,48.79934567],[2.47237095,48.79930392],[2.47247065,48.79927288],[2.47231839,48.79925063],[2.47217561,48.79923471],[2.47199746,48.79921503],[2.47177444,48.79918976],[2.47159226,48.79916558],[2.47143187,48.79914058],[2.4713259,48.79911853],[2.47122808,48.79909831],[2.47122371,48.79912617],[2.47120955,48.79918007],[2.47119839,48.799207],[2.471179,48.7992393],[2.47116514,48.79926352],[2.47114719,48.79928862],[2.47112511,48.7993182],[2.47107974,48.79936117],[2.47103161,48.79940863],[2.47098354,48.79945069],[2.470908,48.79951601],[2.4708269,48.7995921],[2.47073861,48.79970683],[2.47071637,48.7997517],[2.47068158,48.79982619],[2.47065937,48.79986747],[2.47052839,48.80016368],[2.47051307,48.80019779],[2.47047985,48.80025161],[2.47032074,48.7999658],[2.47010012,48.79956999],[2.47003969,48.79975589],[2.46967786,48.80052956],[2.4695402,48.80081226],[2.46893801,48.80205703],[2.46878621,48.80265804],[2.46848692,48.80383671],[2.46836336,48.8040709],[2.46812688,48.80456271],[2.46812004,48.80456627],[2.46694886,48.80525628],[2.46493956,48.80667822],[2.4640122,48.8073504],[2.46355812,48.80767933],[2.46282156,48.80819947],[2.46215116,48.80850944],[2.46151745,48.80882496],[2.4605919,48.80931455],[2.46098824,48.80956907],[2.46466543,48.81176298],[2.46479981,48.81167185],[2.46492736,48.81158428],[2.46501238,48.8115262],[2.46505765,48.81149403],[2.46517979,48.81140194],[2.46528268,48.81132775],[2.46532601,48.81135133],[2.46537292,48.81129218],[2.46547387,48.81114063],[2.46549219,48.81108136],[2.46549553,48.81102111],[2.46548113,48.81096439],[2.46545587,48.81090402],[2.46541155,48.81084446],[2.46536036,48.81079027],[2.46522945,48.81067546],[2.4651246,48.81054278],[2.46508717,48.81047426],[2.46506139,48.81033205],[2.46506969,48.81018728],[2.46509629,48.81011635],[2.46513235,48.81005266],[2.46518201,48.80998992],[2.46524662,48.80993085],[2.46531655,48.8098835],[2.46539046,48.80984605],[2.46546689,48.80982931],[2.46556231,48.80981984],[2.46569986,48.80981776],[2.46572056,48.81005619],[2.46576019,48.81017598],[2.46579904,48.81023821],[2.4658918,48.81035555],[2.46601578,48.81048201],[2.46614673,48.81059322],[2.46626171,48.81066748],[2.46630368,48.81069105],[2.46644316,48.81076722],[2.46650546,48.81080078],[2.46657459,48.81083167],[2.46665194,48.81085809],[2.46680668,48.81090645],[2.46693698,48.8109475],[2.46713775,48.81102305],[2.46827027,48.81160009],[2.46865234,48.81178976],[2.4687101,48.81173426],[2.46882567,48.81161785],[2.46904062,48.81137058],[2.4691027,48.81129261],[2.46924065,48.81111784],[2.4693369,48.81102653],[2.46941375,48.81096752],[2.47008935,48.8105478],[2.47039631,48.8103567],[2.47057172,48.81024775],[2.47074319,48.8101235],[2.47082822,48.81006451],[2.47085191,48.81001066],[2.47089054,48.80996136],[2.47095941,48.80988432],[2.4710172,48.80982522],[2.47106707,48.80974089],[2.47116531,48.80972154],[2.47125675,48.80970126],[2.47135505,48.80967561],[2.47148336,48.8096447],[2.4715794,48.80957408],[2.47198302,48.80924939],[2.4720873,48.8091707],[2.47267922,48.80867326],[2.472811,48.80856771],[2.47297303,48.80843442],[2.47304298,48.80838346],[2.47310479,48.80833067],[2.47317629,48.80826174],[2.47324783,48.8081892],[2.47332631,48.80810411],[2.47341716,48.80800647],[2.47352317,48.80789092],[2.47361959,48.80778162],[2.47369387,48.8077073],[2.47377619,48.8076456],[2.47384739,48.80760635],[2.47392537,48.80757071],[2.47400602,48.80753959],[2.47416989,48.80749174],[2.47455503,48.80737742],[2.47490462,48.80727642],[2.47505062,48.80724559],[2.47519116,48.80721742],[2.47533712,48.80719018],[2.4759167,48.80710189],[2.47599307,48.80709053],[2.47619353,48.80705993],[2.47652491,48.80700922],[2.4774796,48.80685421],[2.47762695,48.80682517],[2.47770882,48.80680754],[2.47836113,48.80666199],[2.47877209,48.80655046],[2.47918304,48.80643893],[2.47969091,48.80630354],[2.47975644,48.80628583],[2.4798643,48.80625662],[2.48001994,48.80621503],[2.48028342,48.80614513],[2.48074761,48.80602033],[2.48150396,48.80581675],[2.48200362,48.80568311],[2.48242958,48.80556804],[2.48274767,48.80548308],[2.48296616,48.80541927],[2.48315455,48.80536882],[2.48331425,48.80532903],[2.48338535,48.80529876],[2.48348227,48.805274],[2.48358182,48.80525824],[2.48368677,48.805247],[2.48380126,48.8052358],[2.48390074,48.80522724],[2.48394301,48.80522113],[2.48399343,48.80521685],[2.48403562,48.80521793],[2.48411334,48.80520747],[2.48420061,48.80519436],[2.48427565,48.80517849],[2.48434526,48.8051617],[2.48460459,48.80509717],[2.48469335,48.80507147],[2.4847862,48.80504489],[2.48487769,48.8050174],[2.48497057,48.80498812],[2.48505529,48.80495791],[2.48511933,48.80495279],[2.48521228,48.80491631],[2.48509531,48.80490322],[2.48499484,48.8048749],[2.48491676,48.80478373],[2.48484317,48.80479061],[2.48481673,48.80484895],[2.48475628,48.80490356],[2.48468798,48.80492575],[2.48461165,48.80493441],[2.48452585,48.80493674],[2.48442785,48.80493272],[2.48405377,48.80489783],[2.48366198,48.80486286],[2.48334502,48.80483451],[2.48314501,48.80482015],[2.48217869,48.80478089],[2.48155119,48.80476288],[2.48134288,48.80476198],[2.48077768,48.80477752],[2.48000942,48.80481195],[2.47963338,48.80483729],[2.47889065,48.80490511],[2.47846539,48.80495002],[2.47781931,48.80501915],[2.47762108,48.80469181],[2.47759962,48.80465934],[2.47744416,48.80441223],[2.47730477,48.80419127],[2.47706487,48.80381068],[2.47689853,48.80383334],[2.47676922,48.80383008],[2.47645202,48.80382599],[2.47576735,48.8038086],[2.47573196,48.80380754],[2.4753386,48.80379502],[2.47470981,48.80377158],[2.47434641,48.80375829],[2.47415994,48.80375207],[2.47408916,48.80374996],[2.47392992,48.80374476],[2.47369581,48.80373654],[2.4735352,48.80373223],[2.47184608,48.80367801],[2.47173184,48.80366582]]]},"properties":{"id":"SM8","nom":"Saint-Maur Créteil","commune":"94068","arr":null,"zone":null,"secteur":null}},{"type":"Feature","geometry":{"type":"MultiPolygon","coordinates":[[[[2.417622,48.84131671],[2.41764011,48.84164686],[2.41764581,48.84174672],[2.41766808,48.84231432],[2.41767616,48.84305453],[2.41765981,48.84366422],[2.4179067,48.84364024],[2.41832811,48.84360721],[2.41884728,48.84384896],[2.41909665,48.84396979],[2.41946937,48.84414877],[2.41969165,48.84425507],[2.42029081,48.84453498],[2.42081535,48.84478574],[2.4209971,48.84486127],[2.42196105,48.84530032],[2.42209229,48.84538459],[2.42223454,48.84545903],[2.42262511,48.84562819],[2.42280812,48.84571361],[2.42297883,48.84580168],[2.42310069,48.84587241],[2.42326853,48.84597395],[2.42351267,48.84595354],[2.42368316,48.84593907],[2.42393141,48.84591689],[2.42426418,48.84589061],[2.42614102,48.84572335],[2.42630469,48.84570885],[2.42697986,48.84564913],[2.42748178,48.84560567],[2.42822241,48.84553996],[2.4281217,48.84540457],[2.42806666,48.84532966],[2.42801429,48.84525926],[2.42798744,48.84522226],[2.42819075,48.84519715],[2.4283164,48.84517077],[2.42825125,48.84489886],[2.42808263,48.8439978],[2.42807491,48.84395639],[2.42806198,48.84389337],[2.42805291,48.84385106],[2.42798945,48.84354947],[2.42797132,48.84346305],[2.42796358,48.84342344],[2.42795193,48.84336762],[2.42793775,48.84329381],[2.42782239,48.84275544],[2.42781717,48.84273473],[2.42780256,48.84270049],[2.42770667,48.84225035],[2.42769667,48.84216846],[2.42769282,48.84214686],[2.42767855,48.84208114],[2.42767728,48.84207304],[2.42766824,48.84202802],[2.4276333,48.84185968],[2.42762162,48.84180656],[2.42760215,48.84171833],[2.42757516,48.84157071],[2.42730378,48.84159189],[2.42581863,48.84171518],[2.42527976,48.84177555],[2.42518293,48.84178407],[2.42509565,48.84179085],[2.42500428,48.8417985],[2.4249197,48.84180799],[2.42482961,48.84182195],[2.42473815,48.8418377],[2.4246521,48.84185707],[2.4245346,48.84188618],[2.42446486,48.84190833],[2.42440059,48.84192961],[2.42434723,48.84195003],[2.42419512,48.84202845],[2.42409503,48.84208462],[2.42402361,48.84213644],[2.423948,48.84219633],[2.42388056,48.84225807],[2.42380619,48.84232966],[2.4237263,48.84240751],[2.42364361,48.84249256],[2.42356916,48.84257134],[2.42349192,48.84265551],[2.42341322,48.84274956],[2.42328334,48.84291172],[2.42315297,48.84311884],[2.42304332,48.84329998],[2.42296572,48.84341742],[2.42294496,48.8434461],[2.42290205,48.84350615],[2.42285362,48.84357337],[2.42276509,48.84369256],[2.42265313,48.84383681],[2.4225346,48.84395855],[2.42243539,48.8440579],[2.42232535,48.8441509],[2.42222501,48.84422956],[2.42211248,48.84430097],[2.42201925,48.84435268],[2.42192332,48.84440258],[2.42184799,48.84443729],[2.42170029,48.84436283],[2.42144817,48.8442438],[2.42100363,48.8440285],[2.42026226,48.84367146],[2.42011453,48.8436006],[2.4200563,48.84356794],[2.41985997,48.84345636],[2.41986533,48.84334217],[2.41986607,48.84327562],[2.41986569,48.84318748],[2.41986207,48.8431452],[2.41984892,48.84310196],[2.41982355,48.84305597],[2.41978465,48.84300092],[2.41973492,48.84293953],[2.41958244,48.84280568],[2.41946925,48.84269181],[2.41944104,48.8426557],[2.41939013,48.84257721],[2.41937014,48.84253754],[2.41935695,48.84249791],[2.41935468,48.84245743],[2.41935756,48.84232164],[2.41937184,48.84214004],[2.41938228,48.84205914],[2.41939387,48.84199714],[2.4194425,48.84179053],[2.41946954,48.84168723],[2.41953895,48.84144924],[2.41872614,48.84139403],[2.417622,48.84131671]]]]},"properties":{"id":"SD1","nom":"Bégin","commune":"94067","arr":null,"zone":null,"secteur":null}},{"type":"Feature","geometry":{"type":"MultiPolygon","coordinates":[[[[2.41744834,48.84649166],[2.41745344,48.84652316],[2.41746259,48.84655828],[2.41756078,48.84655066],[2.41766716,48.84654219],[2.41775997,48.84652915],[2.41805189,48.84650179],[2.41819648,48.8464881],[2.41863854,48.84643809],[2.41863089,48.84639129],[2.41924874,48.84634033],[2.41954471,48.84631568],[2.42017082,48.84625666],[2.42029631,48.84624558],[2.42059234,48.84621554],[2.42214052,48.84607373],[2.42326853,48.84597395],[2.42310069,48.84587241],[2.42297883,48.84580168],[2.42280812,48.84571361],[2.42262511,48.84562819],[2.42223454,48.84545903],[2.42209229,48.84538459],[2.42196105,48.84530032],[2.4209971,48.84486127],[2.42081535,48.84478574],[2.42029081,48.84453498],[2.41969165,48.84425507],[2.41946937,48.84414877],[2.41909665,48.84396979],[2.41884728,48.84384896],[2.41832811,48.84360721],[2.4179067,48.84364024],[2.41765981,48.84366422],[2.4176205,48.84376745],[2.41760244,48.84404257],[2.41758682,48.84446429],[2.41756362,48.84495522],[2.41756756,48.84545618],[2.41757963,48.84583937],[2.41755111,48.84595345],[2.41754207,48.84615216],[2.41753354,48.84630591],[2.41752224,48.84634183],[2.41750005,48.84637589],[2.41746684,48.8464216],[2.41745141,48.84646109],[2.41744834,48.84649166]]]]},"properties":{"id":"SD2","nom":"Charles de Gaulle","commune":"94067","arr":null,"zone":null,"secteur":null}},{"type":"Feature","geometry":{"type":"MultiPolygon","coordinates":[[[[2.41598393,48.84669497],[2.41602619,48.8469371],[2.41608254,48.84725844],[2.41634984,48.84869961],[2.41634113,48.84923378],[2.41645554,48.84923884],[2.41669529,48.8492472],[2.41753705,48.84928368],[2.41764442,48.84930938],[2.41778707,48.84934785],[2.41789467,48.84935287],[2.41882909,48.84939069],[2.41900351,48.84939154],[2.41900124,48.84935016],[2.41897592,48.84893273],[2.41896211,48.84882654],[2.41893782,48.84868343],[2.41888684,48.84848892],[2.41879892,48.84818541],[2.41875831,48.84755027],[2.41874812,48.84748637],[2.41874191,48.84743238],[2.41872844,48.84729651],[2.41871494,48.84716244],[2.4187027,48.84703827],[2.41868906,48.84691769],[2.41867562,48.84677823],[2.41866338,48.84665406],[2.41864984,48.84652448],[2.41863854,48.84643809],[2.41819648,48.8464881],[2.41805189,48.84650179],[2.41775997,48.84652915],[2.41766716,48.84654219],[2.41756078,48.84655066],[2.41746259,48.84655828],[2.41703014,48.84660114],[2.41648718,48.84665695],[2.41599757,48.84669413],[2.41599485,48.84669322],[2.41598393,48.84669497]]]]},"properties":{"id":"SD3","nom":"Saint-Louis","commune":"94067","arr":null,"zone":null,"secteur":null}},{"type":"Feature","geometry":{"type":"MultiPolygon","coordinates":[[[[2.4148496,48.84237881],[2.41491396,48.84259318],[2.415069,48.84310477],[2.41509924,48.84320295],[2.41511237,48.84324708],[2.41513868,48.84333085],[2.41516495,48.84341821],[2.4152004,48.843538],[2.4152044,48.84354522],[2.41527015,48.84375779],[2.41529909,48.84384966],[2.41558865,48.84476032],[2.41561234,48.84483509],[2.41566367,48.84499632],[2.41573655,48.84530246],[2.41575222,48.84536279],[2.41576766,48.84544471],[2.41578781,48.8455914],[2.41585968,48.84598747],[2.41586478,48.84601897],[2.41591484,48.84629442],[2.41593789,48.84642584],[2.41596353,48.84656986],[2.41597111,48.84662296],[2.41598393,48.84669497],[2.41599485,48.84669322],[2.41599757,48.84669413],[2.41648718,48.84665695],[2.41703014,48.84660114],[2.41746259,48.84655828],[2.41745344,48.84652316],[2.41744834,48.84649166],[2.41745141,48.84646109],[2.41746684,48.8464216],[2.41750005,48.84637589],[2.41752224,48.84634183],[2.41753354,48.84630591],[2.41754207,48.84615216],[2.41755111,48.84595345],[2.41757963,48.84583937],[2.41756756,48.84545618],[2.41756362,48.84495522],[2.41758682,48.84446429],[2.41760244,48.84404257],[2.4176205,48.84376745],[2.41765981,48.84366422],[2.41767616,48.84305453],[2.41766808,48.84231432],[2.41764581,48.84174672],[2.41764011,48.84164686],[2.4151673,48.84126606],[2.4150362,48.84165664],[2.4150244,48.84173663],[2.41498044,48.8418902],[2.4148496,48.84237881]]]]},"properties":{"id":"SD4","nom":"Victor Hugo","commune":"94067","arr":null,"zone":null,"secteur":null}},{"type":"Feature","geometry":{"type":"MultiPolygon","coordinates":[[[[2.41750576,48.83891666],[2.41750584,48.83903088],[2.41750969,48.83917389],[2.41751734,48.83934301],[2.41752397,48.83948154],[2.41753374,48.83970463],[2.41753605,48.83974152],[2.41756706,48.84013649],[2.4175759,48.84044231],[2.41759624,48.84081744],[2.41759636,48.84092806],[2.417622,48.84131671],[2.41872614,48.84139403],[2.41953895,48.84144924],[2.4196349,48.84127523],[2.4197139,48.841156],[2.41977604,48.84108165],[2.42001982,48.84084631],[2.42013258,48.84075332],[2.42022216,48.84066202],[2.42030363,48.84056438],[2.42039358,48.84043981],[2.42047537,48.84031429],[2.42052269,48.84022459],[2.42056593,48.84013396],[2.42061335,48.84003526],[2.42071946,48.83980554],[2.42077255,48.83968708],[2.42093049,48.839329],[2.42106206,48.83889075],[2.42107345,48.83884674],[2.42108768,48.83879195],[2.42125409,48.8381614],[2.42139916,48.83748938],[2.42144712,48.83721891],[2.42147574,48.83709583],[2.42121326,48.83705319],[2.42064797,48.83692095],[2.42053557,48.83747261],[2.42028704,48.83862618],[2.42016084,48.83919307],[2.4190959,48.83902512],[2.41920125,48.83861912],[2.41926027,48.83833521],[2.41934317,48.83798666],[2.41800379,48.8376303],[2.41781914,48.83793878],[2.41777187,48.83802399],[2.41767876,48.83830953],[2.41753615,48.83875672],[2.41751208,48.83883844],[2.41750576,48.83891666]]]]},"properties":{"id":"SD5","nom":"Saint-Michel","commune":"94067","arr":null,"zone":null,"secteur":null}},{"type":"Feature","geometry":{"type":"MultiPolygon","coordinates":[[[[2.41800379,48.8376303],[2.41934317,48.83798666],[2.41926027,48.83833521],[2.41920125,48.83861912],[2.4190959,48.83902512],[2.42016084,48.83919307],[2.42028704,48.83862618],[2.42053557,48.83747261],[2.42064797,48.83692095],[2.42121326,48.83705319],[2.42147574,48.83709583],[2.42151252,48.8369728],[2.42158577,48.83675641],[2.42169028,48.83654646],[2.42180147,48.83634824],[2.42199164,48.83603078],[2.42213864,48.83579766],[2.42203822,48.8357612],[2.42167591,48.83563174],[2.42101639,48.83539831],[2.42091595,48.83536455],[2.42084671,48.83534263],[2.42062145,48.8352624],[2.42038667,48.83518032],[2.42022245,48.83512376],[2.41979624,48.83498319],[2.4197202,48.83508265],[2.41912097,48.83591975],[2.41879144,48.83639391],[2.41825483,48.8372322],[2.41800379,48.8376303]]]]},"properties":{"id":"SD6","nom":"La Pelouse","commune":"94067","arr":null,"zone":null,"secteur":null}},{"type":"Feature","geometry":{"type":"MultiPolygon","coordinates":[[[[2.41404653,48.83975955],[2.41424816,48.84048812],[2.4148496,48.84237881],[2.41498044,48.8418902],[2.4150244,48.84173663],[2.4150362,48.84165664],[2.4151673,48.84126606],[2.41764011,48.84164686],[2.417622,48.84131671],[2.41759636,48.84092806],[2.41759624,48.84081744],[2.4175759,48.84044231],[2.41756706,48.84013649],[2.41753605,48.83974152],[2.41753374,48.83970463],[2.41752397,48.83948154],[2.41751734,48.83934301],[2.41750969,48.83917389],[2.41750584,48.83903088],[2.41750576,48.83891666],[2.41751208,48.83883844],[2.41753615,48.83875672],[2.41767876,48.83830953],[2.41777187,48.83802399],[2.41781914,48.83793878],[2.41727849,48.83779585],[2.41709822,48.83807827],[2.41675008,48.83850736],[2.41616275,48.83827426],[2.41571766,48.8381147],[2.41528372,48.83866119],[2.41572941,48.83889001],[2.41616423,48.83911517],[2.41649621,48.83927868],[2.4164858,48.83935597],[2.41639943,48.83940411],[2.41621593,48.83973058],[2.41600771,48.84007402],[2.41569175,48.84006169],[2.41559788,48.84004864],[2.41510299,48.83995448],[2.41453885,48.83983931],[2.4141609,48.83976641],[2.41406423,48.83976054],[2.41404653,48.83975955]]]]},"properties":{"id":"SD7","nom":"Notre-Dame","commune":"94067","arr":null,"zone":null,"secteur":null}},{"type":"Feature","geometry":{"type":"MultiPolygon","coordinates":[[[[2.41285203,48.83621651],[2.41301706,48.83668498],[2.41320319,48.83721472],[2.4135715,48.83826428],[2.4135768,48.8382778],[2.41402286,48.83968389],[2.41404653,48.83975955],[2.41406423,48.83976054],[2.4141609,48.83976641],[2.41453885,48.83983931],[2.41510299,48.83995448],[2.41559788,48.84004864],[2.41569175,48.84006169],[2.41600771,48.84007402],[2.41621593,48.83973058],[2.41639943,48.83940411],[2.4164858,48.83935597],[2.41649621,48.83927868],[2.41616423,48.83911517],[2.41572941,48.83889001],[2.41528372,48.83866119],[2.41571766,48.8381147],[2.41616275,48.83827426],[2.41675008,48.83850736],[2.41709822,48.83807827],[2.41727849,48.83779585],[2.41781914,48.83793878],[2.41800379,48.8376303],[2.41746727,48.83748379],[2.41718886,48.83740419],[2.41618505,48.83713488],[2.41598812,48.83707996],[2.41555481,48.83696362],[2.41426182,48.83660565],[2.41285203,48.83621651]]]]},"properties":{"id":"SD8","nom":"Libération","commune":"94067","arr":null,"zone":null,"secteur":null}},{"type":"Feature","geometry":{"type":"MultiPolygon","coordinates":[[[[2.41147187,48.83392894],[2.41224561,48.83453891],[2.41285203,48.83621651],[2.41426182,48.83660565],[2.41555481,48.83696362],[2.41598812,48.83707996],[2.41618505,48.83713488],[2.41718886,48.83740419],[2.41746727,48.83748379],[2.41800379,48.8376303],[2.41825483,48.8372322],[2.41879144,48.83639391],[2.41912097,48.83591975],[2.4197202,48.83508265],[2.41979624,48.83498319],[2.41934971,48.83483173],[2.41822573,48.83446922],[2.41799765,48.83439796],[2.41733789,48.83418879],[2.41699696,48.8340981],[2.41660846,48.83399727],[2.41645628,48.83396145],[2.41619802,48.83390893],[2.41596829,48.83386374],[2.41575205,48.83383121],[2.41547047,48.83379386],[2.415167,48.83376449],[2.41489886,48.8337434],[2.41463338,48.83372771],[2.41440188,48.83371938],[2.4142003,48.83371479],[2.41392106,48.83371163],[2.41350543,48.83372308],[2.4131701,48.83374032],[2.41295469,48.83375455],[2.41274202,48.8337679],[2.41258659,48.83377883],[2.4123015,48.8338107],[2.41208321,48.83383931],[2.41184442,48.83387321],[2.41162882,48.83390453],[2.41147187,48.83392894]]]]},"properties":{"id":"SD9","nom":"Daumesnil","commune":"94067","arr":null,"zone":null,"secteur":null}},{"type":"Feature","geometry":{"type":"Polygon","coordinates":[[[2.43455381,48.84498097],[2.4346405,48.84553179],[2.43467791,48.84635397],[2.43469067,48.84655908],[2.43470089,48.84687301],[2.43469966,48.84711223],[2.43470352,48.84725884],[2.43469965,48.84748996],[2.43468758,48.84772373],[2.43466751,48.84806629],[2.43464116,48.84835935],[2.43462678,48.84842943],[2.43458748,48.84991587],[2.43459583,48.85002563],[2.4345776,48.85082687],[2.43456931,48.85096263],[2.43458766,48.85128109],[2.43463488,48.85157629],[2.43472114,48.85191576],[2.43482688,48.85234435],[2.43484644,48.85242538],[2.43506555,48.85295613],[2.43523285,48.85336342],[2.43559492,48.85327879],[2.43635071,48.8530809],[2.43734431,48.85281937],[2.43765346,48.85321744],[2.43858879,48.85305095],[2.43871845,48.85303358],[2.43877027,48.85303022],[2.43882345,48.85302777],[2.43974892,48.85301772],[2.44111717,48.85301962],[2.44138722,48.8530002],[2.44157272,48.85298578],[2.44206247,48.8529395],[2.44228488,48.85291445],[2.44265601,48.85287301],[2.44280677,48.85279367],[2.44329154,48.85257559],[2.44304842,48.85237121],[2.44254309,48.85196325],[2.44247292,48.85189817],[2.44207634,48.85151679],[2.44196165,48.85141014],[2.44142193,48.85090668],[2.44125762,48.85072514],[2.44101563,48.85003511],[2.44100669,48.84997931],[2.44101205,48.84986152],[2.44107077,48.84934107],[2.44123669,48.84797484],[2.44123738,48.84791009],[2.44123122,48.8478489],[2.4401742,48.84793659],[2.44007442,48.84745677],[2.4400185,48.84720829],[2.43999283,48.84706068],[2.43997413,48.84689871],[2.43996251,48.84683929],[2.43989619,48.8465431],[2.4397923,48.84606685],[2.4406013,48.84597801],[2.44075815,48.84596435],[2.44068137,48.84524721],[2.44086391,48.84525166],[2.44080114,48.84487903],[2.44070431,48.84488667],[2.44061569,48.84489166],[2.44060791,48.84485475],[2.44060021,48.84481064],[2.4405924,48.84477643],[2.44057692,48.84469541],[2.44051971,48.84443973],[2.44033425,48.84445325],[2.44017195,48.84446688],[2.43999466,48.84448134],[2.43971372,48.84450341],[2.4394887,48.84452124],[2.4387672,48.84458531],[2.43861443,48.84459988],[2.43837982,48.84462217],[2.43817247,48.84464368],[2.43795832,48.84466425],[2.43642933,48.84480366],[2.43624656,48.84481988],[2.43512127,48.8449252],[2.43455381,48.84498097]]]},"properties":{"id":"VI1","nom":"Centre Nord","commune":"94080","arr":null,"zone":null,"secteur":null}},{"type":"Feature","geometry":{"type":"Polygon","coordinates":[[[2.42488252,48.84900444],[2.42643575,48.84890577],[2.42650665,48.84890252],[2.42850425,48.84879156],[2.42931149,48.84874505],[2.42937748,48.84943877],[2.4294007,48.8496826],[2.42945337,48.85009925],[2.429508,48.85058696],[2.42951174,48.85061845],[2.42957639,48.85106124],[2.43082019,48.85097453],[2.43116387,48.85095098],[2.43155253,48.85092585],[2.43164892,48.85095958],[2.43234902,48.8511185],[2.43249596,48.85114078],[2.43261726,48.85113955],[2.43273052,48.8511257],[2.4345776,48.85082687],[2.43459583,48.85002563],[2.43458748,48.84991587],[2.43462678,48.84842943],[2.43464116,48.84835935],[2.43466751,48.84806629],[2.43468758,48.84772373],[2.43469965,48.84748996],[2.43470352,48.84725884],[2.43469966,48.84711223],[2.43470089,48.84687301],[2.43469067,48.84655908],[2.43467791,48.84635397],[2.4346405,48.84553179],[2.43455381,48.84498097],[2.43214105,48.84519168],[2.43157504,48.84523936],[2.43099127,48.84529145],[2.43065164,48.84532221],[2.42881983,48.84548705],[2.428412,48.84552378],[2.42822241,48.84553996],[2.42748178,48.84560567],[2.42697986,48.84564913],[2.42630469,48.84570885],[2.42614102,48.84572335],[2.42426418,48.84589061],[2.42393141,48.84591689],[2.42368316,48.84593907],[2.42351267,48.84595354],[2.42326853,48.84597395],[2.42214052,48.84607373],[2.42059234,48.84621554],[2.42029631,48.84624558],[2.42017082,48.84625666],[2.41954471,48.84631568],[2.41924874,48.84634033],[2.41863089,48.84639129],[2.41863854,48.84643809],[2.41864984,48.84652448],[2.41866338,48.84665406],[2.41867562,48.84677823],[2.41868906,48.84691769],[2.4187027,48.84703827],[2.41871494,48.84716244],[2.41872844,48.84729651],[2.41874191,48.84743238],[2.41874812,48.84748637],[2.41875831,48.84755027],[2.41879892,48.84818541],[2.41888684,48.84848892],[2.41893782,48.84868343],[2.41896211,48.84882654],[2.41897592,48.84893273],[2.41900124,48.84935016],[2.41900351,48.84939154],[2.41955025,48.84936631],[2.41970981,48.84935539],[2.42038908,48.84929843],[2.42082959,48.84926729],[2.42103279,48.84925388],[2.42202016,48.84918581],[2.42214835,48.84917743],[2.42309742,48.84912176],[2.42316422,48.84911938],[2.42404386,48.84905797],[2.42488252,48.84900444]]]},"properties":{"id":"VI2","nom":"Ouest","commune":"94080","arr":null,"zone":null,"secteur":null}},{"type":"Feature","geometry":{"type":"Polygon","coordinates":[[[2.45345761,48.85015555],[2.45441234,48.84994856],[2.45443496,48.85000082],[2.45564287,48.84982106],[2.45570326,48.84991037],[2.45624833,48.84965204],[2.45633315,48.84962005],[2.45630247,48.84955695],[2.45626382,48.84947314],[2.45619367,48.84927496],[2.45618039,48.84924163],[2.45613541,48.84911192],[2.45611022,48.84904435],[2.45607315,48.84894076],[2.45604136,48.84885248],[2.45603078,48.84882185],[2.45601393,48.84873903],[2.45627863,48.84870696],[2.45626151,48.84865022],[2.45622211,48.84850795],[2.45621821,48.84848994],[2.45619458,48.8484035],[2.4561813,48.84823976],[2.45614454,48.84810649],[2.45607493,48.84785615],[2.45592662,48.84731227],[2.45595533,48.84730341],[2.4562031,48.84719571],[2.45646436,48.84710067],[2.45635408,48.84669996],[2.45630289,48.84651266],[2.45636999,48.84648059],[2.45698921,48.84616413],[2.45707139,48.84612313],[2.4579399,48.84568189],[2.45791262,48.84555316],[2.45785052,48.84523541],[2.45719802,48.84534757],[2.45663694,48.84544755],[2.45613324,48.84553339],[2.4553823,48.84567567],[2.45355715,48.84599202],[2.45277353,48.84613143],[2.4524759,48.84618583],[2.45148206,48.84636025],[2.45006816,48.8465678],[2.44947321,48.84664691],[2.44898754,48.84669953],[2.44830014,48.84675842],[2.44795098,48.84678829],[2.44791981,48.84651474],[2.44791484,48.84646975],[2.44788641,48.84632392],[2.4478696,48.84623841],[2.4478477,48.84611869],[2.44790265,48.84607668],[2.44783419,48.84572202],[2.44794057,48.84571351],[2.44792138,48.84559471],[2.44789939,48.84548399],[2.44789428,48.84545249],[2.44787812,48.84530582],[2.44793426,48.84528],[2.44792395,48.84522419],[2.44792057,48.84515672],[2.44791146,48.84511621],[2.44789201,48.84502349],[2.44788806,48.84500998],[2.44785283,48.84486322],[2.44745594,48.84489826],[2.44696904,48.84494008],[2.44649728,48.84496758],[2.44664649,48.84580197],[2.44492068,48.84586862],[2.44428698,48.84587557],[2.4441357,48.84587756],[2.44226994,48.84590665],[2.44183243,48.8459163],[2.44085636,48.84595581],[2.44075815,48.84596435],[2.4406013,48.84597801],[2.4397923,48.84606685],[2.43989619,48.8465431],[2.43996251,48.84683929],[2.43997413,48.84689871],[2.43999283,48.84706068],[2.4400185,48.84720829],[2.44007442,48.84745677],[2.4401742,48.84793659],[2.44123122,48.8478489],[2.44123738,48.84791009],[2.44123669,48.84797484],[2.44107077,48.84934107],[2.44101205,48.84986152],[2.44100669,48.84997931],[2.44101563,48.85003511],[2.44125762,48.85072514],[2.44142193,48.85090668],[2.44196165,48.85141014],[2.44207634,48.85151679],[2.44247292,48.85189817],[2.44291955,48.85180492],[2.44299594,48.85179808],[2.44306813,48.85180201],[2.44363159,48.85187028],[2.44380339,48.85186209],[2.4443093,48.85183296],[2.44449074,48.85181582],[2.44476389,48.85176043],[2.44525156,48.85165207],[2.44532262,48.85163351],[2.44610559,48.85143659],[2.44627371,48.8513897],[2.44659757,48.85130666],[2.44714012,48.85116257],[2.44786705,48.85098066],[2.44800092,48.8509507],[2.44830018,48.85087384],[2.44858168,48.85080049],[2.44883445,48.8507387],[2.44939459,48.85060548],[2.44953117,48.85057733],[2.44955906,48.85064581],[2.44958159,48.85070617],[2.44958955,48.85072689],[2.44960144,48.85076202],[2.44961472,48.85079536],[2.44965044,48.85089715],[2.44966372,48.85092958],[2.44974702,48.85091378],[2.44988494,48.85088653],[2.44991408,48.85096671],[2.45041518,48.85087548],[2.45051075,48.85085883],[2.4505517,48.85085182],[2.45061178,48.85084131],[2.45107178,48.85076967],[2.45167164,48.85061774],[2.45168393,48.85061509],[2.45180552,48.85058597],[2.45183148,48.8505798],[2.45196668,48.85055254],[2.4519493,48.85052098],[2.45239329,48.85041689],[2.4524195,48.85038643],[2.45345761,48.85015555]]]},"properties":{"id":"VI3","nom":"Est","commune":"94080","arr":null,"zone":null,"secteur":null}},{"type":"Feature","geometry":{"type":"Polygon","coordinates":[[[2.43157504,48.84523936],[2.43214105,48.84519168],[2.43455381,48.84498097],[2.43512127,48.8449252],[2.43624656,48.84481988],[2.43642933,48.84480366],[2.43795832,48.84466425],[2.43794016,48.84457963],[2.43791428,48.8444518],[2.43789614,48.84436538],[2.43754168,48.84261447],[2.43728172,48.84132627],[2.4371842,48.84089322],[2.43577673,48.84101969],[2.43554628,48.84103659],[2.43415791,48.84115864],[2.43366971,48.8411977],[2.43357204,48.84115767],[2.43356028,48.84111174],[2.43354464,48.84104602],[2.43345462,48.84105458],[2.43291578,48.84111409],[2.43248761,48.84114533],[2.4323349,48.8411554],[2.432249,48.84116129],[2.43153295,48.84122804],[2.43071881,48.84129342],[2.43063972,48.84129934],[2.42835112,48.84150786],[2.42824474,48.84151725],[2.42813017,48.84152839],[2.42757516,48.84157071],[2.42760215,48.84171833],[2.42762162,48.84180656],[2.4276333,48.84185968],[2.42766824,48.84202802],[2.42767728,48.84207304],[2.42767855,48.84208114],[2.42769282,48.84214686],[2.42769667,48.84216846],[2.42770667,48.84225035],[2.42780256,48.84270049],[2.42781717,48.84273473],[2.42782239,48.84275544],[2.42793775,48.84329381],[2.42795193,48.84336762],[2.42796358,48.84342344],[2.42797132,48.84346305],[2.42798945,48.84354947],[2.42805291,48.84385106],[2.42806198,48.84389337],[2.42807491,48.84395639],[2.42808263,48.8439978],[2.42825125,48.84489886],[2.4283164,48.84517077],[2.42819075,48.84519715],[2.42798744,48.84522226],[2.42801429,48.84525926],[2.42806666,48.84532966],[2.4281217,48.84540457],[2.42822241,48.84553996],[2.428412,48.84552378],[2.42881983,48.84548705],[2.43065164,48.84532221],[2.43099127,48.84529145],[2.43157504,48.84523936]]]},"properties":{"id":"VI4","nom":"Centre Sud","commune":"94080","arr":null,"zone":null,"secteur":null}}]}